etf_code,etf_name,track_code,track_name,sw_code,sw_name,match_status,match_evidence
511880.SH,银华日利ETF,,,,,no-track-info,
511380.SH,可转债ETF博时,931078.CSI,中证转债及可交换债,,,non-industry:bond,债
511360.SH,短融ETF海富通,h11014.CSI,中证短融,,,non-industry:bond,短融
551550.SH,科创债ETF华夏,932160.CSI,AAA科创债,,,non-industry:bond,债
159700.SZ,科创债ETF南方,932160.CSI,AAA科创债,,,non-industry:bond,债
511200.SH,信用债ETF华夏,950245.CSI,沪做市公司债,,,non-industry:bond,债
511100.SH,国债ETF华夏,950243.CSI,沪做市国债,,,non-industry:bond,债
511990.SH,华宝添益ETF,,,,,no-track-info,
551800.SH,科创债ETF国泰,932160.CSI,AAA科创债,,,non-industry:bond,债
511070.SH,公司债ETF南方,950245.CSI,沪做市公司债,,,non-industry:bond,债
588000.SH,科创50ETF华夏,000688.SH,科创50,,,non-industry:broad,科创50
551030.SH,科创债ETF鹏华,950167.CSI,沪AAA科创债,,,non-industry:bond,债
513310.SH,中韩半导体ETF华泰柏瑞,931790.CSI,中韩半导体,,,non-industry:overseas,中韩
511580.SH,国债政金债ETF招商,932200.CSI,国债及政金债0-3,,,non-industry:bond,债
588200.SH,科创芯片ETF嘉实,000685.SH,科创芯片,801080.SI,电子,matched,801080.SI:芯片
159816.SZ,0-4年地方债ETF鹏华,931161.CSI,0-4年地债,,,non-industry:bond,债
511090.SH,30年国债ETF鹏扬,CBA21801.CS,中债-30年期国债财富(总值)指数,,,non-industry:bond,债
159915.SZ,创业板ETF易方达,399006.SZ,创业板指,,,non-industry:broad,创业板指
511260.SH,十年国债ETF国泰,h01077.SH,上证10年国债(净),,,non-industry:bond,债
159116.SZ,科创债ETF工银,932160.CSI,AAA科创债,,,non-industry:bond,债
513090.SH,香港证券ETF易方达,930709.CSI,香港证券,,,non-industry:overseas,香港
563360.SH,A500ETF华泰柏瑞,000510.SH,中证A500,,,non-industry:broad,中证A50
159338.SZ,中证A500ETF国泰,000510.SH,中证A500,,,non-industry:broad,中证A50
518880.SH,黄金ETF华安,Au9999.SGE,SGE黄金9999,,,non-industry:commodity,黄金
515880.SH,通信ETF国泰,931160.CSI,通信设备,801770.SI,通信,matched,801770.SI:通信设备
159600.SZ,科创债ETF嘉实,932160.CSI,AAA科创债,,,non-industry:bond,债
513130.SH,恒生科技ETF华泰柏瑞,HSTECH.HI,恒生科技,,,non-industry:overseas,恒生
159111.SZ,科创债ETF天弘,932160.CSI,AAA科创债,,,non-industry:bond,债
511110.SH,公司债ETF易方达,950245.CSI,沪做市公司债,,,non-industry:bond,债
159112.SZ,科创债ETF银华,932160.CSI,AAA科创债,,,non-industry:bond,债
511120.SH,科创债ETF广发,950167.CSI,沪AAA科创债,,,non-industry:bond,债
511130.SH,30年国债ETF博时,950175.CSI,沪30年国债,,,non-industry:bond,债
513120.SH,港股创新药ETF广发,931787CNY00.CSI,港股创新药CNY,,,non-industry:overseas,港股
513180.SH,恒生科技ETF华夏,HSTECH.HI,恒生科技,,,non-industry:overseas,恒生
159516.SZ,半导体设备ETF国泰,931743.CSI,半导体材料设备,801080.SI,电子,matched,801080.SI:半导体
588170.SH,科创半导体ETF华夏,950125.CSI,科创半导体材料设备,801080.SI,电子,matched,801080.SI:半导体
159792.SZ,港股通互联网ETF富国,931637.CSI,港股通互联网,,,non-industry:overseas,港股
159949.SZ,创业板50ETF华安,399673.SZ,创业板50,,,non-industry:broad,创业板50
511150.SH,科创债ETF永赢,950167.CSI,沪AAA科创债,,,non-industry:bond,债
159352.SZ,A500ETF南方,000510.SH,中证A500,,,non-industry:broad,中证A50
510500.SH,中证500ETF南方,000905.SH,中证500,,,non-industry:broad,中证500
511030.SH,公司债ETF平安,CBC00702.CS,中债-中高等级公司债利差因子净价(总值)指数,,,non-industry:bond,债
159131.SZ,港股通信息技术ETF华宝,930967.CSI,港股通信息C,,,non-industry:overseas,港股
159570.SZ,港股通创新药ETF汇添富,987018.CNI,港股通创新药,,,non-industry:overseas,港股
513350.SH,标普油气ETF富国,SPSIOP.SPI,标普石油天然气勘探及生产精选行业,,,non-industry:overseas,标普
511180.SH,可转债ETF海富通,950041.CSI,上证投资级转债及可交换债,,,non-industry:bond,债
512880.SH,证券ETF国泰,399975.SZ,证券公司,801790.SI,非银金融,matched,801790.SI:证券公司
513330.SH,恒生互联网ETF华夏,HSIII.HI,恒生互联网科技业,,,non-industry:overseas,恒生
159397.SZ,信用债ETF广发,921128.CNI,深做市信用债,,,non-industry:bond,债
512100.SH,中证1000ETF南方,000852.SH,中证1000,,,non-industry:broad,中证100
551300.SH,科创债ETF摩根,950167.CSI,沪AAA科创债,,,non-industry:bond,债
513050.SH,中概互联网ETF易方达,h30533.CSI,中国互联网50,,,non-industry:overseas,中概
588080.SH,科创50ETF易方达,000688.SH,科创50,,,non-industry:broad,科创50
159972.SZ,5年地方债ETF鹏华,930865.CSI,5年地债,,,non-industry:bond,债
511060.SH,5年地方债ETF海富通,h40045.CSI,上证5年期地债(净),,,non-industry:bond,债
551520.SH,科创债ETF汇添富,932160.CSI,AAA科创债,,,non-industry:bond,债
512480.SH,半导体ETF国联安,h30184.CSI,中证全指半导体,,,non-industry:broad,中证全指
510300.SH,沪深300ETF华泰柏瑞,000300.SH,沪深300,,,non-industry:broad,沪深300
512050.SH,A500ETF华夏,000510.SH,中证A500,,,non-industry:broad,中证A50
551060.SH,科创债ETF中银,950167.CSI,沪AAA科创债,,,non-industry:bond,债
159941.SZ,纳指ETF广发,NDX.GI,纳斯达克100,,,non-industry:overseas,纳斯达克
551560.SH,科创债ETF兴业,932160.CSI,AAA科创债,,,non-industry:bond,债
511190.SH,信用债ETF海富通,950245.CSI,沪做市公司债,,,non-industry:bond,债
159115.SZ,科创债ETF华安,932160.CSI,AAA科创债,,,non-industry:bond,债
513010.SH,恒生科技ETF易方达,HSTECH.HI,恒生科技,,,non-industry:overseas,恒生
159363.SZ,创业板人工智能ETF华宝,970070.CNI,创业板人工智能,801750.SI,计算机,matched,801750.SI:人工智能
159113.SZ,科创债ETF大成,932160.CSI,AAA科创债,,,non-industry:bond,债
159518.SZ,标普油气ETF嘉实,SPSIOP.SPI,标普石油天然气勘探及生产精选行业,,,non-industry:overseas,标普
159529.SZ,标普消费ETF景顺,SP5CSSUP.SPI,标普500消费精选,,,non-industry:overseas,标普
159845.SZ,中证1000ETF华夏,000852.SH,中证1000,,,non-industry:broad,中证100
159995.SZ,芯片ETF华夏,980017.CNI,国证芯片(CNI),801080.SI,电子,matched,801080.SI:国证芯片
159361.SZ,A500ETF易方达,000510.SH,中证A500,,,non-industry:broad,中证A50
159326.SZ,电网设备ETF华夏,931994.CSI,电网设备主题,801730.SI,电力设备,matched,801730.SI:电网设备
511520.SH,政金债ETF富国,CBA08203.CS,中债-7-10年政策性金融债全价(总值)指数,,,non-industry:bond,债
510050.SH,上证50ETF华夏,000016.SH,上证50,,,non-industry:broad,上证50
159206.SZ,卫星ETF永赢,980018.CNI,卫星通信,801770.SI,通信,matched,801770.SI:通信
512000.SH,券商ETF华宝,399975.SZ,证券公司,801790.SI,非银金融,matched,801790.SI:证券公司
159530.SZ,机器人ETF易方达,980022.CNI,机器人产业,801890.SI,机械设备,matched,801890.SI:机器人
551900.SH,科创债ETF招商,932160.CSI,AAA科创债,,,non-industry:bond,债
511220.SH,城投债ETF海富通,h11098.SH,沪城投债,,,non-industry:bond,债
159934.SZ,黄金ETF易方达,Au9999.SGE,SGE黄金9999,,,non-industry:commodity,黄金
159740.SZ,恒生科技ETF大成,HSTECH.HI,恒生科技,,,non-industry:overseas,恒生
562500.SH,机器人ETF华夏,h30590.CSI,机器人,801890.SI,机械设备,matched,801890.SI:机器人
512400.SH,有色金属ETF南方,000819.SH,有色金属,801050.SI,有色金属,matched,801050.SI:有色金属
159919.SZ,沪深300ETF嘉实,000300.SH,沪深300,,,non-industry:broad,沪深300
515050.SH,通信ETF华夏,931079.CSI,5G通信,801770.SI,通信,matched,801770.SI:通信
159687.SZ,亚太精选ETF南方,GPCSP006.FI,富时亚太低碳精选指数,,,non-industry:broad,富时
159509.SZ,纳指科技ETF景顺,NDXTMC.GI,纳斯达克科技市值加权,,,non-industry:overseas,纳斯达克
588220.SH,科创100ETF鹏华,000698.SH,科创100,,,non-industry:broad,科创100
159967.SZ,创业板成长ETF华夏,399296.SZ,创成长,,,non-industry:broad,创成长
159110.SZ,科创债ETF万家,921130.CNI,深AAA科创债,,,non-industry:bond,债
159937.SZ,黄金ETF博时,Au9999.SGE,SGE黄金9999,,,non-industry:commodity,黄金
588290.SH,科创芯片ETF华安,000685.SH,科创芯片,801080.SI,电子,matched,801080.SI:芯片
515220.SH,煤炭ETF国泰,399998.SZ,中证煤炭,801950.SI,煤炭,matched,801950.SI:煤炭
551510.SH,科创债ETF华泰柏瑞,932160.CSI,AAA科创债,,,non-industry:bond,债
159611.SZ,电力ETF广发,h30199.CSI,电力指数,801160.SI,公用事业,matched,801160.SI:电力
159755.SZ,电池ETF广发,980032.CNI,新能电池,801730.SI,电力设备,matched,801730.SI:电池
159567.SZ,港股创新药ETF银华,987018.CNI,港股通创新药,,,non-industry:overseas,港股
512800.SH,银行ETF华宝,399986.SZ,中证银行,801780.SI,银行,matched,801780.SI:银行
512690.SH,酒ETF鹏华,399987.SZ,中证酒,801120.SI,食品饮料,matched,801120.SI:酒
513770.SH,港股互联网ETF华宝,931637.CSI,港股通互联网,,,non-industry:overseas,港股
513100.SH,纳指ETF国泰,NDX.GI,纳斯达克100,,,non-industry:overseas,纳斯达克
159870.SZ,化工ETF鹏华,000813.CSI,细分化工,801030.SI,基础化工,matched,801030.SI:化工
159636.SZ,港股通科技30ETF工银,987008.CNI,港股通科技,,,non-industry:overseas,港股
551000.SH,科创债ETF博时,950167.CSI,沪AAA科创债,,,non-industry:bond,债
159819.SZ,人工智能ETF易方达,930713.CSI,CS人工智,801750.SI,计算机,matched,801750.SI:人工智能
513750.SH,港股通非银ETF广发,931024.CSI,港股通非银,,,non-industry:overseas,港股
159566.SZ,储能电池ETF易方达,980027.CNI,新能源电池,801730.SI,电力设备,matched,801730.SI:新能源
159381.SZ,创业板人工智能ETF华夏,970070.CNI,创业板人工智能,801750.SI,计算机,matched,801750.SI:人工智能
159558.SZ,半导体设备ETF易方达,931743.CSI,半导体材料设备,801080.SI,电子,matched,801080.SI:半导体
512890.SH,红利低波ETF华泰柏瑞,h30269.CSI,红利低波,,,non-industry:broad,红利
159316.SZ,港股通创新药ETF易方达,HSSCID.HI,恒生港股通创新药,,,non-industry:overseas,港股
513630.SH,港股低波红利ETF摩根,SPAHLVCP.SPI,标普港股通低波红利指数,,,non-industry:broad,红利
512760.SH,芯片ETF国泰,990001.CSI,中华半导体芯片,801080.SI,电子,matched,801080.SI:半导体
518800.SH,黄金ETF国泰,Au9999.SGE,SGE黄金9999,,,non-industry:commodity,黄金
159781.SZ,科创创业ETF易方达,931643.CSI,科创创业50,,,non-industry:broad,科创创业50
159992.SZ,创新药ETF银华,931152.CSI,CS创新药,801150.SI,医药生物,matched,801150.SI:创新药
159952.SZ,创业板ETF广发,399006.SZ,创业板指,,,non-industry:broad,创业板指
520500.SH,恒生创新药ETF华泰柏瑞,HSIDI.HI,恒生创新药,,,non-industry:overseas,恒生
513980.SH,港股科技ETF景顺,931573.CSI,港股通科技,,,non-industry:overseas,港股
513300.SH,纳斯达克ETF华夏,NDX.GI,纳斯达克100,,,non-industry:overseas,纳斯达克
518850.SH,黄金ETF华夏,Au9999.SGE,SGE黄金9999,,,non-industry:commodity,黄金
515790.SH,光伏ETF华泰柏瑞,931151.CSI,光伏产业,801730.SI,电力设备,matched,801730.SI:光伏
159262.SZ,港股通科技ETF广发,HSSCITI.HI,恒生港股通科技主题,,,non-industry:overseas,港股
159196.SZ,港股通信息技术ETF易方达,930967.CSI,港股通信息C,,,non-industry:overseas,港股
588790.SH,科创AIETF博时,950180.CSI,科创AI,,,non-industry:broad,科创AI
563300.SH,中证2000ETF华泰柏瑞,932000.CSI,中证2000,,,non-industry:broad,中证2000
517520.SH,黄金股ETF永赢,931238.CSI,SSH黄金股票,,,non-industry:commodity,黄金
159922.SZ,中证500ETF嘉实,000905.SH,中证500,,,non-industry:broad,中证500
159001.SZ,货币ETF易方达,,,,,no-track-info,
513040.SH,港股通互联网ETF易方达,931637.CSI,港股通互联网,,,non-industry:overseas,港股
511660.SH,货币ETF建信,,,,,no-track-info,
159901.SZ,深证100ETF易方达,399330.SZ,深证100,,,non-industry:broad,深证100
588050.SH,科创50ETF工银,000688.SH,科创50,,,non-industry:broad,科创50
159217.SZ,港股通创新药ETF工银,987018.CNI,港股通创新药,,,non-industry:overseas,港股
511270.SH,10年地方债ETF海富通,h40109.SH,上证10年地债(净),,,non-industry:bond,债
512070.SH,证券保险ETF易方达,h30035.CSI,300非银,801790.SI,非银金融,matched,801790.SI:证券
512170.SH,医疗ETF华宝,399989.SZ,中证医疗,801150.SI,医药生物,matched,801150.SI:医疗
159981.SZ,能源化工ETF建信,000201.CZC,易盛能化A,,,non-industry:commodity,能源化工
563220.SH,A500ETF富国,000510.SH,中证A500,,,non-industry:broad,中证A50
159649.SZ,国开债ETF华安,CBA08301.CS,中债-1-5年国开行债券财富(总值)指数,,,non-industry:bond,债
510310.SH,沪深300ETF易方达,000300.SH,沪深300,,,non-industry:broad,沪深300
588750.SH,科创芯片ETF汇添富,000685.SH,科创芯片,801080.SI,电子,matched,801080.SI:芯片
159387.SZ,创业板新能源ETF国泰,399266.SZ,创新能源,801730.SI,电力设备,matched,801730.SI:新能源
560010.SH,中证1000ETF广发,000852.SH,中证1000,,,non-industry:broad,中证100
159659.SZ,纳斯达克100ETF招商,NDX.GI,纳斯达克100,,,non-industry:overseas,纳斯达克
159813.SZ,半导体ETF鹏华,980017.CNI,国证芯片(CNI),801080.SI,电子,matched,801080.SI:国证芯片
520980.SH,港股通科技ETF汇添富,HSSCT.HI,恒生港股通中国科技,,,non-industry:overseas,港股
159200.SZ,科创债ETF富国,932160.CSI,AAA科创债,,,non-industry:bond,债
560780.SH,半导体设备ETF广发,931743.CSI,半导体材料设备,801080.SI,电子,matched,801080.SI:半导体
512500.SH,中证500ETF华夏,000905.SH,中证500,,,non-industry:broad,中证500
588710.SH,科创半导体设备ETF华泰柏瑞,950125.CSI,科创半导体材料设备,801080.SI,电子,matched,801080.SI:半导体
159892.SZ,恒生医药ETF华夏,HSBIO.HI,恒生生物科技,,,non-industry:overseas,恒生
563800.SH,A500ETF广发,000510.SH,中证A500,,,non-industry:broad,中证A50
510210.SH,上证指数ETF富国,000001.SH,上证指数,,,non-industry:broad,上证指数
159732.SZ,消费电子ETF华夏,980030.CNI,消费电子,801080.SI,电子,matched,801080.SI:消费电子
159351.SZ,A500ETF嘉实,000510.SH,中证A500,,,non-industry:broad,中证A50
159583.SZ,通信ETF富国,931271.CSI,通信设备主题,801770.SI,通信,matched,801770.SI:通信设备
551500.SH,科创债ETF易方达,932160.CSI,AAA科创债,,,non-industry:bond,债
159633.SZ,中证1000ETF易方达,000852.SH,中证1000,,,non-industry:broad,中证100
513500.SH,标普500ETF博时,SPTR500N.SPI,标普500净总回报,,,non-industry:overseas,标普
512660.SH,军工ETF国泰,399967.SZ,中证军工,801740.SI,国防军工,matched,801740.SI:军工
513160.SH,港股科技ETF银华,HSSCT.HI,恒生港股通中国科技,,,non-industry:overseas,港股
560860.SH,工业有色ETF万家,h11059.CSI,工业有色,801050.SI,有色金属,matched,801050.SI:有色
510880.SH,红利ETF华泰柏瑞,000015.SH,红利指数,,,non-industry:broad,红利
159400.SZ,科创债ETF景顺,921130.CNI,深AAA科创债,,,non-industry:bond,债
159869.SZ,游戏ETF华夏,930901.CSI,动漫游戏,801760.SI,传媒,matched,801760.SI:游戏
512010.SH,医药ETF易方达,000913.SH,300医药,801150.SI,医药生物,matched,801150.SI:医药
159796.SZ,电池ETF汇添富,931719.CSI,CS电池,801730.SI,电力设备,matched,801730.SI:电池
159852.SZ,软件ETF嘉实,930601.CSI,中证软件,801750.SI,计算机,matched,801750.SI:软件
515980.SH,人工智能ETF华富,931071.CSI,人工智能,801750.SI,计算机,matched,801750.SI:人工智能
562590.SH,半导体设备ETF华夏,931743.CSI,半导体材料设备,801080.SI,电子,matched,801080.SI:半导体
588090.SH,科创50ETF华泰柏瑞,000688.SH,科创50,,,non-industry:broad,科创50
159980.SZ,有色ETF大成,IMCI.SHF,上期有色金属指数,801050.SI,有色金属,matched,801050.SI:有色金属
515120.SH,创新药ETF广发,931152.CSI,CS创新药,801150.SI,医药生物,matched,801150.SI:创新药
512710.SH,军工龙头ETF富国,931066.CSI,军工龙头,801740.SI,国防军工,matched,801740.SI:军工
159368.SZ,创业板新能源ETF华夏,399266.SZ,创新能源,801730.SI,电力设备,matched,801730.SI:新能源
588800.SH,科创100ETF华夏,000698.SH,科创100,,,non-industry:broad,科创100
513920.SH,港股通央企红利ETF华安,HSSCSOY.HI,恒生港股通中国央企红利,,,non-industry:broad,红利
513530.SH,港股通红利ETF华泰柏瑞,930915.CSI,港股通高股息CNY,,,non-industry:broad,红利
159842.SZ,券商ETF银华,399975.SZ,证券公司,801790.SI,非银金融,matched,801790.SI:证券公司
159851.SZ,金融科技ETF华宝,930986.CSI,金融科技,801790.SI,非银金融,matched,801790.SI:金融科技
159928.SZ,消费ETF汇添富,000932.SH,800消费,,,non-industry:broad,800消费
551580.SH,科创债ETF泰康,932160.CSI,AAA科创债,,,non-industry:bond,债
159632.SZ,纳斯达克ETF华安,NDX.GI,纳斯达克100,,,non-industry:overseas,纳斯达克
159263.SZ,价值ETF易方达,980081.CNI,价值100,,,non-industry:broad,价值100
588060.SH,科创50ETF广发,000688.SH,科创50,,,non-industry:broad,科创50
510330.SH,沪深300ETF华夏,000300.SH,沪深300,,,non-industry:broad,沪深300
159259.SZ,成长ETF易方达,980080.CNI,成长100,,,non-industry:broad,成长100
159691.SZ,港股红利ETF工银,930839.CSI,港股通高息精选,,,non-industry:broad,红利
510760.SH,上证指数ETF国泰,000001.SH,上证指数,,,non-industry:broad,上证指数
159682.SZ,创业板50ETF景顺,399673.SZ,创业板50,,,non-industry:broad,创业板50
159801.SZ,芯片ETF广发,980017.CNI,国证芯片(CNI),801080.SI,电子,matched,801080.SI:国证芯片
159506.SZ,港股通创新药医疗ETF富国,HSSCHI.HI,恒生港股通创新药及医疗保健指数,,,non-industry:overseas,港股
561980.SH,半导体设备ETF招商,931865.CSI,中证半导,801080.SI,电子,matched,801080.SI:中证半导
588030.SH,科创100ETF博时,000698.SH,科创100,,,non-industry:broad,科创100
513190.SH,港股通金融ETF华夏,h11146.CSI,港股通内地金融,,,non-industry:overseas,港股
159783.SZ,科创创业50ETF华夏,931643.CSI,科创创业50,,,non-industry:broad,科创创业50
588760.SH,科创人工智能ETF广发,950180.CSI,科创AI,,,non-industry:broad,科创AI
513060.SH,恒生医疗ETF博时,HSHCI.HI,恒生医疗保健,,,non-industry:overseas,恒生
588780.SH,科创芯片设计ETF国联安,950162.CSI,科创芯片设计,801080.SI,电子,matched,801080.SI:芯片
159920.SZ,恒生ETF华夏,HSI.HI,恒生指数,,,non-industry:overseas,恒生
563230.SH,卫星ETF富国,931594.CSI,卫星产业,801770.SI,通信,matched,801770.SI:卫星
159770.SZ,机器人ETF天弘,h30590.CSI,机器人,801890.SI,机械设备,matched,801890.SI:机器人
159227.SZ,航空航天ETF华夏,CN5082.CNI,国证航天,801740.SI,国防军工,matched,801740.SI:航天
513780.SH,港股创新药ETF景顺,931250.CSI,港股通创新药,,,non-industry:overseas,港股
513110.SH,纳指ETF华泰柏瑞,NDX.GI,纳斯达克100,,,non-industry:overseas,纳斯达克
518680.SH,金ETF富国,SHAU.SGE,上海金,,,non-industry:commodity,上海金
560280.SH,工程机械ETF广发,931752.CSI,工程机械主题,801890.SI,机械设备,matched,801890.SI:工程机械
516650.SH,有色金属ETF华夏,000811.CSI,细分有色,801050.SI,有色金属,matched,801050.SI:有色金属
159101.SZ,港股通科技ETF华夏,987008.CNI,港股通科技,,,non-industry:overseas,港股
159841.SZ,证券ETF天弘,399975.SZ,证券公司,801790.SI,非银金融,matched,801790.SI:证券公司
515070.SH,人工智能ETF华夏,930713.CSI,CS人工智,801750.SI,计算机,matched,801750.SI:人工智能
513260.SH,恒生科技ETF汇添富,HSTECH.HI,恒生科技,,,non-industry:overseas,恒生
159201.SZ,自由现金流ETF华夏,980092.CNI,自由现金流,,,non-industry:broad,自由现金流
515080.SH,中证红利ETF招商,000922.CSI,中证红利,,,non-industry:broad,中证红利
515180.SH,红利ETF易方达,000922.CSI,中证红利,,,non-industry:broad,中证红利
513970.SH,恒生消费ETF景顺,HSCGSI.HI,恒生消费,,,non-industry:overseas,恒生
159246.SZ,创业板人工智能ETF富国,970070.CNI,创业板人工智能,801750.SI,计算机,matched,801750.SI:人工智能
159501.SZ,纳指ETF嘉实,NDX.GI,纳斯达克100,,,non-industry:overseas,纳斯达克
516150.SH,稀土ETF嘉实,930598.CSI,稀土产业,801050.SI,有色金属,matched,801050.SI:稀土
510100.SH,上证50ETF易方达,000016.SH,上证50,,,non-industry:broad,上证50
159185.SZ,港股通信息技术ETF鹏华,930967.CSI,港股通信息C,,,non-industry:overseas,港股
513880.SH,日经225ETF华安,N225.GI,日经225,,,non-industry:overseas,日经
159660.SZ,纳指ETF汇添富,NDX.GI,纳斯达克100,,,non-industry:overseas,纳斯达克
159667.SZ,工业母机ETF国泰,931866.CSI,中证机床,801890.SI,机械设备,matched,801890.SI:机床
512980.SH,传媒ETF广发,399971.SZ,中证传媒,801760.SI,传媒,matched,801760.SI:传媒
159605.SZ,中概互联ETF广发,930604.CSI,中国互联网30,,,non-industry:overseas,中概
513520.SH,日经ETF华夏,N225.GI,日经225,,,non-industry:overseas,日经
159977.SZ,创业板ETF天弘,399006.SZ,创业板指,,,non-industry:broad,创业板指
562800.SH,稀有金属ETF嘉实,930632.CSI,CS稀金属,801050.SI,有色金属,matched,801050.SI:稀有金属
520880.SH,港股通创新药ETF华宝,HSSCPB.HI,恒生港股通创新药精选,,,non-industry:overseas,港股
520990.SH,港股央企红利ETF景顺,931722.CSI,国新港股通央企红利,,,non-industry:broad,红利
511010.SH,国债ETF国泰,000140.SH,上证5年国债,,,non-industry:bond,债
589020.SH,科创半导体设备ETF鹏华,950125.CSI,科创半导体材料设备,801080.SI,电子,matched,801080.SI:半导体
588230.SH,科创200ETF华泰柏瑞,000699.SH,科创200,,,non-industry:broad,科创200
159957.SZ,创业板ETF华夏,399006.SZ,创业板指,,,non-industry:broad,创业板指
588020.SH,科创成长ETF易方达,000690.SH,科创成长,,,non-industry:broad,科创成长
563020.SH,红利低波ETF易方达,h30269.CSI,红利低波,,,non-industry:broad,红利
159198.SZ,港股通信息技术ETF富国,930967.CSI,港股通信息C,,,non-industry:overseas,港股
518660.SH,黄金ETF工银,Au9999.SGE,SGE黄金9999,,,non-industry:commodity,黄金
562550.SH,绿电ETF华夏,931897.CSI,绿色电力,801160.SI,公用事业,matched,801160.SI:电力
159232.SZ,自由现金流ETF南方,932365.CSI,中证现金流,,,non-industry:broad,中证现金流
159388.SZ,创业板人工智能ETF国泰,970070.CNI,创业板人工智能,801750.SI,计算机,matched,801750.SI:人工智能
513200.SH,港股通医药ETF易方达,930965.CSI,港股通医药C,,,non-industry:overseas,港股
159531.SZ,中证2000ETF南方,932000.CSI,中证2000,,,non-industry:broad,中证2000
159395.SZ,信用债ETF大成,921128.CNI,深做市信用债,,,non-industry:bond,债
159994.SZ,通信ETF银华,931079.CSI,5G通信,801770.SI,通信,matched,801770.SI:通信
159629.SZ,中证1000ETF富国,000852.SH,中证1000,,,non-industry:broad,中证100
513020.SH,港股科技ETF国泰,931573.CSI,港股通科技,,,non-industry:overseas,港股
159157.SZ,有色金属ETF天弘,h11059.CSI,工业有色,801050.SI,有色金属,matched,801050.SI:有色金属
159218.SZ,卫星ETF招商,931594.CSI,卫星产业,801770.SI,通信,matched,801770.SI:卫星
159599.SZ,芯片ETF东财,h30007.CSI,芯片产业,801080.SI,电子,matched,801080.SI:芯片
159382.SZ,创业板人工智能ETF南方,970070.CNI,创业板人工智能,801750.SI,计算机,matched,801750.SI:人工智能
513650.SH,标普500ETF南方,SPX.GI,标普500,,,non-industry:overseas,标普
159595.SZ,中证A50ETF大成,930050.CSI,中证A50,,,non-industry:broad,中证A50
159399.SZ,现金流ETF国泰,888888.FI,富时中国A股自由现金流聚焦指数,,,non-industry:broad,富时
159652.SZ,有色ETF汇添富,000811.CSI,细分有色,801050.SI,有色金属,matched,801050.SI:有色
159996.SZ,家电ETF国泰,930697.CSI,家用电器,801110.SI,家用电器,matched,801110.SI:家用电器
516520.SH,智能驾驶ETF华泰柏瑞,930721.CSI,CS智汽车,801880.SI,汽车,matched,801880.SI:智能驾驶
515230.SH,软件ETF国泰,h30202.CSI,软件指数,801750.SI,计算机,matched,801750.SI:软件
516510.SH,云计算ETF易方达,930851.CSI,云计算,801750.SI,计算机,matched,801750.SI:云计算
589130.SH,科创芯片ETF易方达,000685.SH,科创芯片,801080.SI,电子,matched,801080.SI:芯片
513240.SH,港股通信息技术ETF华安,930967.CSI,港股通信息C,,,non-industry:overseas,港股
511020.SH,国债ETF平安,931018.CSI,中证5-10年国债活跃券,,,non-industry:bond,债
513380.SH,恒生科技ETF广发,HSTECH.HI,恒生科技,,,non-industry:overseas,恒生
513690.SH,港股红利ETF博时,HSSCHKY.HI,恒生港股通高股息率,,,non-industry:broad,红利
516160.SH,新能源ETF南方,399808.SZ,中证新能,801730.SI,电力设备,matched,801730.SI:新能源
159577.SZ,美国50ETF汇添富,750108.MI,MSCI美国50指数,,,non-industry:broad,MSCI
510180.SH,上证180ETF华安,000010.SH,上证180,,,non-industry:broad,上证180
159742.SZ,恒生科技ETF博时,HSTECH.HI,恒生科技,,,non-industry:overseas,恒生
516350.SH,芯片ETF易方达,h30007.CSI,芯片产业,801080.SI,电子,matched,801080.SI:芯片
159323.SZ,港股通汽车ETF华夏,931239.CSI,港股通汽车,,,non-industry:overseas,港股
512630.SH,卫星ETF广发,931594.CSI,卫星产业,801770.SI,通信,matched,801770.SI:卫星
159559.SZ,机器人ETF景顺,980022.CNI,机器人产业,801890.SI,机械设备,matched,801890.SI:机器人
513860.SH,港股通科技ETF海富通,931573.CSI,港股通科技,,,non-industry:overseas,港股
561380.SH,电网设备ETF国泰,HSCAUPG.HI,恒生A股电网设备,,,non-industry:overseas,恒生
159780.SZ,科创创业50ETF南方,931643.CSI,科创创业50,,,non-industry:broad,科创创业50
526000.SH,港股通信息技术ETF华夏,930967.CSI,港股通信息C,,,non-industry:overseas,港股
588890.SH,科创芯片ETF南方,000685.SH,科创芯片,801080.SI,电子,matched,801080.SI:芯片
159651.SZ,国开债ETF平安,CBA11901.CS,中债-0-3年国开行债券财富(总值)指数,,,non-industry:bond,债
516640.SH,芯片ETF富国,h30007.CSI,芯片产业,801080.SI,电子,matched,801080.SI:芯片
589010.SH,科创人工智能ETF华夏,950180.CSI,科创AI,,,non-industry:broad,科创AI
515030.SH,新能源车ETF华夏,399976.SZ,CS新能车,801880.SI,汽车,matched,801880.SI:新能源车
159930.SZ,能源ETF汇添富,000928.SH,800能源,801960.SI,石油石化,matched,801960.SI:800能源
510580.SH,中证500ETF易方达,000905.SH,中证500,,,non-industry:broad,中证500
561560.SH,电力ETF华泰柏瑞,h30199.CSI,电力指数,801160.SI,公用事业,matched,801160.SI:电力
159325.SZ,半导体ETF南方,932066.CSI,半导体行业精选,801080.SI,电子,matched,801080.SI:半导体
588730.SH,科创人工智能ETF易方达,950180.CSI,科创AI,,,non-industry:broad,科创AI
159327.SZ,半导体设备ETF万家,931743.CSI,半导体材料设备,801080.SI,电子,matched,801080.SI:半导体
159272.SZ,机器人ETF富国,980022.CNI,机器人产业,801890.SI,机械设备,matched,801890.SI:机器人
159513.SZ,纳斯达克100ETF大成,NDX.GI,纳斯达克100,,,non-industry:overseas,纳斯达克
520600.SH,港股通汽车ETF广发,931239.CSI,港股通汽车,,,non-industry:overseas,港股
562950.SH,消费电子ETF易方达,931494.CSI,消费电子,801080.SI,电子,matched,801080.SI:消费电子
159985.SZ,豆粕ETF华夏,DCESMFI.DCE,大商所豆粕期货价格指数,,,non-industry:commodity,豆粕
512930.SH,AI人工智能ETF平安,930713.CSI,CS人工智,801750.SI,计算机,matched,801750.SI:人工智能
513000.SH,日经225ETF易方达,N225.GI,日经225,,,non-industry:overseas,日经
513390.SH,纳指100ETF博时,NDX.GI,纳斯达克100,,,non-industry:overseas,纳斯达克
589680.SH,科创综指ETF鹏华,000680.SH,科创综指,,,non-industry:broad,科创综指
513910.SH,港股通央企红利ETF华夏,931233.CSI,港股通央企红利,,,non-industry:broad,红利
518600.SH,金ETF广发,SHAU.SGE,上海金,,,non-industry:commodity,上海金
159866.SZ,日经ETF工银,N225.GI,日经225,,,non-industry:overseas,日经
159766.SZ,旅游ETF富国,930633.CSI,中证旅游,801210.SI,社会服务,matched,801210.SI:旅游
516020.SH,化工ETF华宝,000813.CSI,细分化工,801030.SI,基础化工,matched,801030.SI:化工
561910.SH,电池ETF招商,931719.CSI,CS电池,801730.SI,电力设备,matched,801730.SI:电池
159840.SZ,锂电池ETF工银,980032.CNI,新能电池,801730.SI,电力设备,matched,801730.SI:锂电池
510720.SH,红利国企ETF国泰,000151.SH,上国红利,,,non-industry:broad,红利
560390.SH,电网设备ETF易方达,HSCAUPG.HI,恒生A股电网设备,,,non-industry:overseas,恒生
588190.SH,科创100ETF银华,000698.SH,科创100,,,non-industry:broad,科创100
589720.SH,科创创新药ETF国泰,950161.CSI,科创新药,801150.SI,医药生物,matched,801150.SI:创新药
520920.SH,恒生科技ETF天弘,HSTECH.HI,恒生科技,,,non-industry:overseas,恒生
589000.SH,科创综指ETF华夏,000680.SH,科创综指,,,non-industry:broad,科创综指
159857.SZ,光伏ETF天弘,931151.CSI,光伏产业,801730.SI,电力设备,matched,801730.SI:光伏
515000.SH,科技ETF华宝,931087.CSI,科技龙头,,,non-industry:broad,科技龙头
512570.SH,证券ETF易方达,399975.SZ,证券公司,801790.SI,非银金融,matched,801790.SI:证券公司
512670.SH,国防ETF鹏华,399973.SZ,中证国防,801740.SI,国防军工,matched,801740.SI:国防
159398.SZ,信用债ETF天弘,921128.CNI,深做市信用债,,,non-industry:bond,债
159502.SZ,标普生物科技ETF嘉实,SPSIBI.SPI,标普生物技术精选行业,,,non-industry:overseas,标普
159865.SZ,养殖ETF国泰,930707.CSI,中证畜牧,801010.SI,农林牧渔,matched,801010.SI:畜牧
563530.SH,卫星ETF易方达,931594.CSI,卫星产业,801770.SI,通信,matched,801770.SI:卫星
159948.SZ,创业板ETF南方,399006.SZ,创业板指,,,non-industry:broad,创业板指
515800.SH,中证800ETF汇添富,000906.SH,中证800,,,non-industry:broad,中证800
512040.SH,价值100ETF富国,931052.CSI,国信价值,,,non-industry:broad,价值100
588990.SH,科创芯片ETF博时,000685.SH,科创芯片,801080.SI,电子,matched,801080.SI:芯片
513850.SH,美国50ETF易方达,750108.MI,MSCI美国50指数,,,non-industry:broad,MSCI
159267.SZ,航天ETF华安,CN5082.CNI,国证航天,801740.SI,国防军工,matched,801740.SI:航天
159562.SZ,黄金股ETF华夏,931238.CSI,SSH黄金股票,,,non-industry:commodity,黄金
159278.SZ,机器人ETF鹏华,980022.CNI,机器人产业,801890.SI,机械设备,matched,801890.SI:机器人
513870.SH,纳指ETF富国,NDX.GI,纳斯达克100,,,non-industry:overseas,纳斯达克
512090.SH,MSCIA股ETF易方达,716567.CSI,MSCI中国A股国际通实时(人民币),,,non-industry:broad,MSCI
513400.SH,道琼斯ETF鹏华,DJI.GI,道琼斯工业平均,,,non-industry:overseas,道琼斯
159353.SZ,中证A500ETF景顺,000510.SH,中证A500,,,non-industry:broad,中证A50
588120.SH,科创100ETF国泰,000698.SH,科创100,,,non-industry:broad,科创100
526050.SH,港股通信息技术ETF招商,930967.CSI,港股通信息C,,,non-industry:overseas,港股
560830.SH,电力ETF华夏,h30199.CSI,电力指数,801160.SI,公用事业,matched,801160.SI:电力
159696.SZ,纳指ETF易方达,NDX.GI,纳斯达克100,,,non-industry:overseas,纳斯达克
589800.SH,科创综指ETF易方达,000680.SH,科创综指,,,non-industry:broad,科创综指
159242.SZ,创业板人工智能ETF大成,970070.CNI,创业板人工智能,801750.SI,计算机,matched,801750.SI:人工智能
510900.SH,恒生中国企业ETF易方达,HSCEI.HI,恒生中国企业指数,,,non-industry:overseas,恒生
561330.SH,矿业ETF国泰,931892.CSI,有色矿业,801050.SI,有色金属,matched,801050.SI:有色矿业
515450.SH,红利低波50ETF南方,SPCLLHCP.SPI,标普中国A股大盘红利低波50,,,non-industry:broad,红利
159681.SZ,创业板50ETF鹏华,399673.SZ,创业板50,,,non-industry:broad,创业板50
560090.SH,证券ETF汇添富,399975.SZ,证券公司,801790.SI,非银金融,matched,801790.SI:证券公司
159235.SZ,中证现金流ETF大成,932365.CSI,中证现金流,,,non-industry:broad,中证现金流
588830.SH,科创新能源ETF鹏华,000692.SH,科创新能,801730.SI,电力设备,matched,801730.SI:新能源
159713.SZ,稀土ETF富国,930598.CSI,稀土产业,801050.SI,有色金属,matched,801050.SI:稀土
513580.SH,恒生科技ETF华安,HSTECH.HI,恒生科技,,,non-industry:overseas,恒生
589030.SH,科创芯片设计ETF易方达,950162.CSI,科创芯片设计,801080.SI,电子,matched,801080.SI:芯片
520660.SH,港股通央企红利ETF南方,931722.CSI,国新港股通央企红利,,,non-industry:broad,红利
159128.SZ,港股科技ETF天弘,987008.CNI,港股通科技,,,non-industry:overseas,港股
159547.SZ,红利低波ETF华夏,h30269.CSI,红利低波,,,non-industry:broad,红利
515390.SH,沪深300ETF华安,000300.SH,沪深300,,,non-industry:broad,沪深300
511160.SH,国债ETF东财,931552.CSI,1-3年国债,,,non-industry:bond,债
159715.SZ,稀土ETF易方达,930598.CSI,稀土产业,801050.SI,有色金属,matched,801050.SI:稀土
515100.SH,红利低波100ETF景顺,930955.CSI,红利低波100,,,non-industry:broad,红利
512200.SH,房地产ETF南方,931775.CSI,中证全指房地产,,,non-industry:broad,中证全指
159971.SZ,创业板ETF富国,399006.SZ,创业板指,,,non-industry:broad,创业板指
520700.SH,港股通创新药ETF万家,931250.CSI,港股通创新药,,,non-industry:overseas,港股
516780.SH,稀土ETF华泰柏瑞,930598.CSI,稀土产业,801050.SI,有色金属,matched,801050.SI:稀土
515210.SH,钢铁ETF国泰,930606.CSI,中证钢铁,801040.SI,钢铁,matched,801040.SI:钢铁
159545.SZ,恒生红利低波ETF易方达,HSHYLV.HI,恒生港股通高股息低波动,,,non-industry:broad,红利
511850.SH,招商财富宝ETF,,,,,no-track-info,
588810.SH,科创芯片ETF富国,000685.SH,科创芯片,801080.SI,电子,matched,801080.SI:芯片
159269.SZ,港股通科技ETF南方,931573.CSI,港股通科技,,,non-industry:overseas,港股
159998.SZ,计算机ETF天弘,930651.CSI,CS计算机,801750.SI,计算机,matched,801750.SI:计算机
159758.SZ,红利质量ETF华夏,931468.CSI,红利质量,,,non-industry:broad,红利
588300.SH,科创创业50ETF招商,931643.CSI,科创创业50,,,non-industry:broad,科创创业50
515630.SH,证券保险ETF鹏华,399966.SZ,中证800证保,,,non-industry:broad,中证800
520510.SH,港股通医疗ETF华夏,932069.CSI,港股通医疗主题,,,non-industry:overseas,港股
159241.SZ,航空航天ETF天弘,CN5082.CNI,国证航天,801740.SI,国防军工,matched,801740.SI:航天
510510.SH,中证500ETF广发,000905.SH,中证500,,,non-industry:broad,中证500
159741.SZ,恒生科技ETF嘉实,HSTECH.HI,恒生科技,,,non-industry:overseas,恒生
159876.SZ,有色ETF华宝,930708.CSI,中证有色,801050.SI,有色金属,matched,801050.SI:有色
589190.SH,科创芯片ETF华宝,000685.SH,科创芯片,801080.SI,电子,matched,801080.SI:芯片
159297.SZ,港股通创新药ETF南方,987018.CNI,港股通创新药,,,non-industry:overseas,港股
520870.SH,巴西ETF易方达,IBOVESPA.GI,巴西IBOVESPA指数,,,non-industry:overseas,巴西
159607.SZ,中概互联网ETF嘉实,930604.CSI,中国互联网30,,,non-industry:overseas,中概
515170.SH,食品饮料ETF华夏,000815.CSI,细分食品,801120.SI,食品饮料,matched,801120.SI:食品饮料
561100.SH,消费电子ETF富国,931494.CSI,消费电子,801080.SI,电子,matched,801080.SI:消费电子
159561.SZ,德国ETF嘉实,GDAXI.GI,德国DAX,,,non-industry:overseas,德国
159875.SZ,新能源ETF嘉实,399808.SZ,中证新能,801730.SI,电力设备,matched,801730.SI:新能源
159993.SZ,证券ETF鹏华,399437.SZ,证券龙头,801790.SI,非银金融,matched,801790.SI:证券
159608.SZ,稀有金属ETF广发,930632.CSI,CS稀金属,801050.SI,有色金属,matched,801050.SI:稀有金属
520570.SH,恒生科技ETF南方,HSTECH.HI,恒生科技,,,non-industry:overseas,恒生
516310.SH,银行ETF易方达,399986.SZ,中证银行,801780.SI,银行,matched,801780.SI:银行
159997.SZ,电子ETF天弘,930652.CSI,CS电子,801080.SI,电子,matched,801080.SI:电子
513820.SH,港股通红利ETF汇添富,930914.CSI,港股通高股息(HKD),,,non-industry:broad,红利
560610.SH,A500ETF招商,000510.SH,中证A500,,,non-industry:broad,中证A50
515020.SH,银行ETF华夏,399986.SZ,中证银行,801780.SI,银行,matched,801780.SI:银行
563760.SH,全指现金流ETF中银,932365.CSI,中证现金流,,,non-industry:broad,中证现金流
588380.SH,科创创业ETF富国,931643.CSI,科创创业50,,,non-industry:broad,科创创业50
159925.SZ,沪深300ETF南方,000300.SH,沪深300,,,non-industry:broad,沪深300
513070.SH,港股通消费ETF易方达,931454.CSI,港股通消费,,,non-industry:overseas,港股
159305.SZ,储能电池ETF广发,980027.CNI,新能源电池,801730.SI,电力设备,matched,801730.SI:新能源
589070.SH,科创芯片设计ETF天弘,950162.CSI,科创芯片设计,801080.SI,电子,matched,801080.SI:芯片
159569.SZ,港股红利低波ETF景顺,987016.CNI,港股通红利低波,,,non-industry:broad,红利
513550.SH,港股通50ETF华泰柏瑞,930931.CSI,港股通50(HKD),,,non-industry:overseas,港股
159859.SZ,生物医药ETF天弘,399441.SZ,生物医药,801150.SI,医药生物,matched,801150.SI:生物医药
562060.SH,标普A股红利ETF华宝,CSPSADRP.CI,标普A股红利,,,non-industry:broad,红利
515970.SH,工程机械ETF华夏,931752.CSI,工程机械主题,801890.SI,机械设备,matched,801890.SI:工程机械
159612.SZ,标普500ETF国泰,SPX.GI,标普500,,,non-industry:overseas,标普
589850.SH,科创50ETF东财,000688.SH,科创50,,,non-industry:broad,科创50
515300.SH,300红利低波ETF嘉实,930740.CSI,300红利低波,,,non-industry:broad,红利
159202.SZ,恒生互联网ETF万家,HSIII.HI,恒生互联网科技业,,,non-industry:overseas,恒生
516810.SH,农业ETF华夏,000949.CSI,中证农业,801010.SI,农林牧渔,matched,801010.SI:农业
515060.SH,房地产ETF华夏,931775.CSI,中证全指房地产,,,non-industry:broad,中证全指
515400.SH,大数据ETF富国,930902.CSI,中证数据,801750.SI,计算机,matched,801750.SI:大数据
159680.SZ,中证1000增强ETF招商,000852.SH,中证1000,,,non-industry:broad,中证100
588330.SH,双创50ETF华宝,931643.CSI,科创创业50,,,non-industry:broad,科创创业50
159307.SZ,红利低波100ETF博时,930955.CSI,红利低波100,,,non-industry:broad,红利
159279.SZ,创业板人工智能ETF华安,970070.CNI,创业板人工智能,801750.SI,计算机,matched,801750.SI:人工智能
159688.SZ,恒生互联网ETF华安,HSIII.HI,恒生互联网科技业,,,non-industry:overseas,恒生
512290.SH,生物医药ETF国泰,930726.CSI,CS生医,801150.SI,医药生物,matched,801150.SI:生物医药
513660.SH,恒生ETF华夏,HSI.HI,恒生指数,,,non-industry:overseas,恒生
159546.SZ,集成电路ETF国泰,932087.CSI,集成电路,801080.SI,电子,matched,801080.SI:集成电路
159814.SZ,创业大盘ETF西部利得,399293.SZ,创业大盘,,,non-industry:broad,创业大盘
159300.SZ,沪深300ETF富国,000300.SH,沪深300,,,non-industry:broad,沪深300
513150.SH,港股通科技ETF华泰柏瑞,931573.CSI,港股通科技,,,non-industry:overseas,港股
512720.SH,计算机ETF国泰,930651.CSI,CS计算机,801750.SI,计算机,matched,801750.SI:计算机
563880.SH,A500ETF汇添富,000510.SH,中证A500,,,non-industry:broad,中证A50
159663.SZ,机床ETF华夏,931866.CSI,中证机床,801890.SI,机械设备,matched,801890.SI:机床
159883.SZ,医疗器械ETF永赢,h30217.CSI,医疗器械,801150.SI,医药生物,matched,801150.SI:医疗器械
512700.SH,银行ETF南方,399986.SZ,中证银行,801780.SI,银行,matched,801780.SI:银行
562960.SH,绿色电力ETF易方达,931897.CSI,绿色电力,801160.SI,公用事业,matched,801160.SI:电力
159320.SZ,电网设备ETF广发,HSCAUPG.HI,恒生A股电网设备,,,non-industry:overseas,恒生
510980.SH,上证指数ETF汇添富,000001.SH,上证指数,,,non-industry:broad,上证指数
520900.SH,港股通红利ETF广发,931722.CSI,国新港股通央企红利,,,non-industry:broad,红利
520650.SH,港股通互联网ETF南方,931637.CSI,港股通互联网,,,non-industry:overseas,港股
513600.SH,恒生指数ETF南方,HSI.HI,恒生指数,,,non-industry:overseas,恒生
516630.SH,云计算ETF华夏,930851.CSI,云计算,801750.SI,计算机,matched,801750.SI:云计算
159256.SZ,创业板软件ETF华夏,399264.SZ,创业软件,801750.SI,计算机,matched,801750.SI:软件
159671.SZ,稀有金属ETF工银,930632.CSI,CS稀金属,801050.SI,有色金属,matched,801050.SI:稀有金属
159141.SZ,科创创业人工智能ETF永赢,932456.CSI,科创创业AI,801750.SI,计算机,matched,801750.SI:人工智能
515260.SH,电子ETF华宝,931461.CSI,电子50,801080.SI,电子,matched,801080.SI:电子
588930.SH,科创人工智能ETF银华,950180.CSI,科创AI,,,non-industry:broad,科创AI
513030.SH,德国ETF华安,GDAXI.GI,德国DAX,,,non-industry:overseas,德国
513950.SH,恒生红利ETF富国,HSHYLV.HI,恒生港股通高股息低波动,,,non-industry:broad,红利
159142.SZ,科创创业人工智能ETF景顺,932456.CSI,科创创业AI,801750.SI,计算机,matched,801750.SI:人工智能
159152.SZ,港股通科技ETF平安,HSSCITI.HI,恒生港股通科技主题,,,non-industry:overseas,港股
513290.SH,纳指生物科技ETF汇添富,NBI.GI,纳斯达克生物技术,,,non-industry:overseas,纳斯达克
520550.SH,港股红利低波ETF招商,HSHYLV.HI,恒生港股通高股息低波动,,,non-industry:broad,红利
563860.SH,中证A500ETF海富通,000510.SH,中证A500,,,non-industry:broad,中证A50
159209.SZ,红利质量ETF招商,932315.CSI,中证红利质量,,,non-industry:broad,中证红利
159125.SZ,港股通科技ETF招商,987008.CNI,港股通科技,,,non-industry:overseas,港股
159552.SZ,中证2000增强ETF招商,932000.CSI,中证2000,,,non-industry:broad,中证2000
561160.SH,电池ETF富国,931719.CSI,CS电池,801730.SI,电力设备,matched,801730.SI:电池
159268.SZ,港股通消费ETF汇添富,987024.CNI,港股通消费,,,non-industry:overseas,港股
589100.SH,科创芯片ETF国泰,000685.SH,科创芯片,801080.SI,电子,matched,801080.SI:芯片
159745.SZ,建材ETF国泰,931009.CSI,建筑材料,801710.SI,建筑材料,matched,801710.SI:建筑材料
516120.SH,化工ETF富国,000813.CSI,细分化工,801030.SI,基础化工,matched,801030.SI:化工
159350.SZ,深证50ETF富国,399850.SZ,深证50,,,non-industry:broad,深证50
159360.SZ,A500ETF天弘,000510.SH,中证A500,,,non-industry:broad,中证A50
159582.SZ,半导体ETF博时,931865.CSI,中证半导,801080.SI,电子,matched,801080.SI:中证半导
159625.SZ,绿色电力ETF嘉实,399438.SZ,绿色电力,801160.SI,公用事业,matched,801160.SI:电力
159158.SZ,电力ETF景顺,h30199.CSI,电力指数,801160.SI,公用事业,matched,801160.SI:电力
515700.SH,新能源车ETF平安,930997.CSI,新能源车,801880.SI,汽车,matched,801880.SI:新能源车
513220.SH,中概互联ETF招商,930796.CSI,全球中国互联网,,,non-industry:overseas,中概
159938.SZ,医药ETF广发,000991.SH,全指医药,801150.SI,医药生物,matched,801150.SI:医药
159205.SZ,创业板ETF东财,399006.SZ,创业板指,,,non-industry:broad,创业板指
159905.SZ,红利ETF工银,399324.SZ,深证红利,,,non-industry:broad,红利
159655.SZ,标普500ETF华夏,SPX.GI,标普500,,,non-industry:overseas,标普
159731.SZ,石化ETF华夏,h11057.CSI,石化产业,801030.SI,基础化工,matched,801030.SI:石化产业
159105.SZ,恒生生物科技ETF易方达,HSBIO.HI,恒生生物科技,,,non-industry:overseas,恒生
516860.SH,金融科技ETF博时,930986.CSI,金融科技,801790.SI,非银金融,matched,801790.SI:金融科技
562820.SH,集成电路ETF嘉实,932087.CSI,集成电路,801080.SI,电子,matched,801080.SI:集成电路
516920.SH,芯片ETF汇添富,h30007.CSI,芯片产业,801080.SI,电子,matched,801080.SI:芯片
560050.SH,中国A50ETF汇添富,746059.MI,MSCI中国A50互联互通,,,non-industry:broad,MSCI
159692.SZ,证券ETF东财,931412.CSI,证券公司30,801790.SI,非银金融,matched,801790.SI:证券公司
560530.SH,中证A500ETF摩根,000510.SH,中证A500,,,non-industry:broad,中证A50
516010.SH,游戏ETF国泰,930901.CSI,动漫游戏,801760.SI,传媒,matched,801760.SI:游戏
588870.SH,科创50ETF汇添富,000688.SH,科创50,,,non-industry:broad,科创50
588940.SH,科创50ETF富国,000688.SH,科创50,,,non-industry:broad,科创50
159834.SZ,金ETF南方,SHAU.SGE,上海金,,,non-industry:commodity,上海金
588470.SH,N科创创业人工智能ETF华安,932456.CSI,科创创业AI,801750.SI,计算机,matched,801750.SI:人工智能
513890.SH,恒生科技ETF摩根,HSTECH.HI,恒生科技,,,non-industry:overseas,恒生
159601.SZ,A50ETF华夏,746059.MI,MSCI中国A50互联互通,,,non-industry:broad,MSCI
159140.SZ,科创创业人工智能ETF易方达,932456.CSI,科创创业AI,801750.SI,计算机,matched,801750.SI:人工智能
512820.SH,银行ETF汇添富,399986.SZ,中证银行,801780.SI,银行,matched,801780.SI:银行
513730.SH,东南亚科技ETF华泰柏瑞,ASIATECP.SG,新交所泛东南亚科技指数,,,non-industry:overseas,东南亚
159665.SZ,半导体龙头ETF工银,980017.CNI,国证芯片(CNI),801080.SI,电子,matched,801080.SI:国证芯片
159243.SZ,创业板人工智能ETF招商,970070.CNI,创业板人工智能,801750.SI,计算机,matched,801750.SI:人工智能
159358.SZ,中证A500ETF大成,000510.SH,中证A500,,,non-industry:broad,中证A50
159207.SZ,高股息ETF广发,932305.CSI,智选高股息,,,non-industry:broad,高股息
159213.SZ,机器人ETF汇添富,h30590.CSI,机器人,801890.SI,机械设备,matched,801890.SI:机器人
560710.SH,船舶ETF富国,932420.CSI,智选船舶产业,801740.SI,国防军工,matched,801740.SI:智选船舶产业
512680.SH,军工ETF广发,399967.SZ,中证军工,801740.SI,国防军工,matched,801740.SI:军工
520720.SH,港股汽车ETF国泰,931239.CSI,港股通汽车,,,non-industry:overseas,港股
588460.SH,科创50增强ETF鹏华,000688.SH,科创50,,,non-industry:broad,科创50
159825.SZ,农业ETF富国,000949.CSI,中证农业,801010.SI,农林牧渔,matched,801010.SI:农业
159309.SZ,油气ETF汇添富,931248.CSI,油气资源,801960.SI,石油石化,matched,801960.SI:油气
159568.SZ,港股互联网ETF博时,931637.CSI,港股通互联网,,,non-industry:overseas,港股
159707.SZ,地产ETF华宝,399965.SZ,800地产,801180.SI,房地产,matched,801180.SI:地产
159373.SZ,创业板50ETF嘉实,399673.SZ,创业板50,,,non-industry:broad,创业板50
159807.SZ,科技ETF易方达,931380.CSI,科技50,,,non-industry:broad,科技50
159880.SZ,有色ETF鹏华,399395.SZ,国证有色,801050.SI,有色金属,matched,801050.SI:有色
159222.SZ,自由现金流ETF易方达,980092.CNI,自由现金流,,,non-industry:broad,自由现金流
516090.SH,新能源ETF易方达,399808.SZ,中证新能,801730.SI,电力设备,matched,801730.SI:新能源
520690.SH,港股创新药ETF博时,HSSCPB.HI,恒生港股通创新药精选,,,non-industry:overseas,港股
516080.SH,创新药ETF易方达,931152.CSI,CS创新药,801150.SI,医药生物,matched,801150.SI:创新药
518890.SH,上海金ETF中银,SHAU.SGE,上海金,,,non-industry:commodity,上海金
561360.SH,石油ETF国泰,h30198.CSI,油气产业,801960.SI,石油石化,matched,801960.SI:石油
159697.SZ,石油ETF鹏华,399439.SZ,国证油气,801960.SI,石油石化,matched,801960.SI:石油
159638.SZ,高端装备ETF嘉实,931521.CSI,高装细分50,801890.SI,机械设备,matched,801890.SI:高装细分50
513560.SH,香港科技ETF兴银,931573.CSI,港股通科技,,,non-industry:overseas,港股
159650.SZ,国开债ETF博时,CBA11901.CS,中债-0-3年国开行债券财富(总值)指数,,,non-industry:bond,债
516570.SH,化工行业ETF易方达,h11057.CSI,石化产业,801030.SI,基础化工,matched,801030.SI:石化产业
159339.SZ,A500ETF银华,000510.SH,中证A500,,,non-industry:broad,中证A50
159751.SZ,港股通科技ETF鹏华,931573.CSI,港股通科技,,,non-industry:overseas,港股
159750.SZ,港股科技50ETF招商,931574CNY00.CSI,港股科技CNY,,,non-industry:broad,科技50
159929.SZ,医药ETF汇添富,000933.SH,800医卫,801150.SI,医药生物,matched,801150.SI:医药
159747.SZ,香港科技ETF南方,931574CNY00.CSI,港股科技CNY,,,non-industry:overseas,港股
516880.SH,光伏ETF银华,931151.CSI,光伏产业,801730.SI,电力设备,matched,801730.SI:光伏
563380.SH,航空航天ETF华泰柏瑞,932088.CSI,全指航空,801740.SI,国防军工,matched,801740.SI:航天
512940.SH,有色ETF华安,931892.CSI,有色矿业,801050.SI,有色金属,matched,801050.SI:有色矿业
159615.SZ,恒生生物科技ETF南方,HSBIO.HI,恒生生物科技,,,non-industry:overseas,恒生
513700.SH,港股通医药ETF鹏华,930965.CSI,港股通医药C,,,non-industry:overseas,港股
159628.SZ,国证2000ETF万家,399303.SZ,国证2000,,,non-industry:broad,国证2000
515370.SH,光伏ETF华夏,931151.CSI,光伏产业,801730.SI,电力设备,matched,801730.SI:光伏
159887.SZ,银行ETF富国,h30022.CSI,800银行,801780.SI,银行,matched,801780.SI:银行
560460.SH,电力ETF平安,h30199.CSI,电力指数,801160.SI,公用事业,matched,801160.SI:电力
561580.SH,央企红利ETF华泰柏瑞,000825.CSI,中证央企红利,,,non-industry:broad,红利
512020.SH,A500ETF鹏华,000510.SH,中证A500,,,non-industry:broad,中证A50
510230.SH,金融ETF国泰,000018.SH,180金融,,,non-industry:broad,180金融
159698.SZ,粮食ETF鹏华,399365.SZ,国证粮食,801010.SI,农林牧渔,matched,801010.SI:国证粮食
520840.SH,港股通恒生科技ETF华安,HSSCITI.HI,恒生港股通科技主题,,,non-industry:overseas,港股
159622.SZ,创新药ETF东财,931409.CSI,SHS创新药,801150.SI,医药生物,matched,801150.SI:创新药
515010.SH,证券ETF华夏,399975.SZ,证券公司,801790.SI,非银金融,matched,801790.SI:证券公司
513800.SH,日本东证指数ETF南方,TPX.GI,东证指数,,,non-industry:overseas,日本
588770.SH,科创信息ETF摩根,000682.SH,科创信息,,,non-industry:broad,科创信息
563390.SH,全指现金流ETF华泰柏瑞,932365.CSI,中证现金流,,,non-industry:broad,中证现金流
159830.SZ,金ETF天弘,SHAU.SGE,上海金,,,non-industry:commodity,上海金
588240.SH,科创200ETF鹏华,000699.SH,科创200,,,non-industry:broad,科创200
589630.SH,科创综指ETF国泰,000680.SH,科创综指,,,non-industry:broad,科创综指
588150.SH,科创50ETF南方,000688.SH,科创50,,,non-industry:broad,科创50
515310.SH,沪深300ETF汇添富,000300.SH,沪深300,,,non-industry:broad,沪深300
159908.SZ,创业板ETF博时,399006.SZ,创业板指,,,non-industry:broad,创业板指
159871.SZ,有色ETF银华,930708.CSI,中证有色,801050.SI,有色金属,matched,801050.SI:有色
159695.SZ,通信ETF嘉实,399389.SZ,国证通信,801770.SI,通信,matched,801770.SI:通信
588960.SH,科创新能源ETF富国,000692.SH,科创新能,801730.SI,电力设备,matched,801730.SI:新能源
513280.SH,恒生生物科技ETF汇添富,HSBIO.HI,恒生生物科技,,,non-industry:overseas,恒生
159526.SZ,机器人ETF嘉实,h30590.CSI,机器人,801890.SI,机械设备,matched,801890.SI:机器人
588920.SH,科创芯片ETF鹏华,000685.SH,科创芯片,801080.SI,电子,matched,801080.SI:芯片
560510.SH,中证A500ETF泰康,000510.SH,中证A500,,,non-industry:broad,中证A50
159590.SZ,软件ETF汇添富,h30202.CSI,软件指数,801750.SI,计算机,matched,801750.SI:软件
562510.SH,旅游ETF华夏,930633.CSI,中证旅游,801210.SI,社会服务,matched,801210.SI:旅游
159221.SZ,现金流ETF嘉实,980092.CNI,自由现金流,,,non-industry:broad,自由现金流
159366.SZ,港股医疗ETF永赢,932069.CSI,港股通医疗主题,,,non-industry:overseas,港股
159837.SZ,生物科技ETF易方达,930743.CSI,中证生科,801150.SI,医药生物,matched,801150.SI:生物
159699.SZ,恒生消费ETF广发,HSCGSI.HI,恒生消费,,,non-industry:overseas,恒生
516110.SH,汽车ETF国泰,h30015.CSI,中证800汽车,,,non-industry:broad,中证800
159146.SZ,电力ETF华宝,h30199.CSI,电力指数,801160.SI,公用事业,matched,801160.SI:电力
589960.SH,科创新能源ETF易方达,000692.SH,科创新能,801730.SI,电力设备,matched,801730.SI:新能源
159107.SZ,创业板软件ETF富国,399264.SZ,创业软件,801750.SI,计算机,matched,801750.SI:软件
589660.SH,科创综指ETF南方,000680.SH,科创综指,,,non-industry:broad,科创综指
562930.SH,软件ETF易方达,930601.CSI,中证软件,801750.SI,计算机,matched,801750.SI:软件
511700.SH,货币ETF平安,,,,,no-track-info,
512220.SH,TMTETF景顺,h30318.CSI,科技传媒通信150,,,non-industry:broad,科技传媒通信
562660.SH,中证2000ETF华夏,932000.CSI,中证2000,,,non-industry:broad,中证2000
560170.SH,央企科技ETF南方,932038.CSI,央企科技引领,,,non-industry:broad,央企科技引领
561990.SH,沪深300增强ETF招商,000300.SH,沪深300,,,non-industry:broad,沪深300
589230.SH,科创人工智能ETF南方,950180.CSI,科创AI,,,non-industry:broad,科创AI
159258.SZ,机器人ETF南方,h30590.CSI,机器人,801890.SI,机械设备,matched,801890.SI:机器人
159906.SZ,深成长ETF大成,399326.SZ,成长40,,,non-industry:broad,成长40
520620.SH,恒生消费ETF嘉实,HSCGSI.HI,恒生消费,,,non-industry:overseas,恒生
515650.SH,消费50ETF富国,931139.CSI,CS消费50,,,non-industry:broad,CS消费50
159507.SZ,通信ETF广发,399389.SZ,国证通信,801770.SI,通信,matched,801770.SI:通信
512560.SH,军工ETF易方达,399967.SZ,中证军工,801740.SI,国防军工,matched,801740.SI:军工
561170.SH,绿色电力ETF富国,931897.CSI,绿色电力,801160.SI,公用事业,matched,801160.SI:电力
517400.SH,黄金股ETF国泰,931238.CSI,SSH黄金股票,,,non-industry:commodity,黄金
560770.SH,机器人ETF招商,h30590.CSI,机器人,801890.SI,机械设备,matched,801890.SI:机器人
516370.SH,电力ETF汇添富,h30199.CSI,电力指数,801160.SI,公用事业,matched,801160.SI:电力
159811.SZ,5GETF博时,931406.CSI,5G 50,801770.SI,通信,matched,801770.SI:5G
560930.SH,电力ETF易方达,h30199.CSI,电力指数,801160.SI,公用事业,matched,801160.SI:电力
159593.SZ,中证A50ETF平安,930050.CSI,中证A50,,,non-industry:broad,中证A50
513930.SH,恒生生物科技ETF华泰柏瑞,HSBIO.HI,恒生生物科技,,,non-industry:overseas,恒生
513080.SH,法国ETF华安,FCHI.GI,法国CAC40,,,non-industry:overseas,法国
512810.SH,军工ETF华宝,399967.SZ,中证军工,801740.SI,国防军工,matched,801740.SI:军工
159273.SZ,云计算ETF汇添富,931470.CSI,SHS云计算,801750.SI,计算机,matched,801750.SI:云计算
159100.SZ,巴西ETF华夏,IBOVESPA.GI,巴西IBOVESPA指数,,,non-industry:overseas,巴西
159396.SZ,信用债ETF博时,921128.CNI,深做市信用债,,,non-industry:bond,债
159831.SZ,金ETF嘉实,SHAU.SGE,上海金,,,non-industry:commodity,上海金
589520.SH,科创人工智能ETF华宝,950180.CSI,科创AI,,,non-industry:broad,科创AI
560450.SH,电力ETF天弘,h30199.CSI,电力指数,801160.SI,公用事业,matched,801160.SI:电力
159867.SZ,养殖ETF鹏华,930707.CSI,中证畜牧,801010.SI,农林牧渔,matched,801010.SI:畜牧
515290.SH,银行ETF天弘,399986.SZ,中证银行,801780.SI,银行,matched,801780.SI:银行
159281.SZ,港股央企红利ETF天弘,931233.CSI,港股通央企红利,,,non-industry:broad,红利
159519.SZ,港股国企ETF国泰,h11153.CSI,内地国有,,,non-industry:overseas,港股
563790.SH,卫星ETF鹏华,931594.CSI,卫星产业,801770.SI,通信,matched,801770.SI:卫星
159133.SZ,化工ETF天弘,000813.CSI,细分化工,801030.SI,基础化工,matched,801030.SI:化工
159890.SZ,云计算ETF招商,930851.CSI,云计算,801750.SI,计算机,matched,801750.SI:云计算
159939.SZ,信息技术ETF广发,000993.SH,全指信息,801750.SI,计算机,matched,801750.SI:信息技术
520910.SH,港股通互联网ETF华夏,931637.CSI,港股通互联网,,,non-industry:overseas,港股
159233.SZ,自由现金流ETF平安,932365.CSI,中证现金流,,,non-industry:broad,中证现金流
159690.SZ,有色矿业ETF招商,931892.CSI,有色矿业,801050.SI,有色金属,matched,801050.SI:有色矿业
159356.SZ,A500ETF万家,000510.SH,中证A500,,,non-industry:broad,中证A50
159735.SZ,港股消费ETF银华,931454.CSI,港股通消费,,,non-industry:overseas,港股
589160.SH,科创芯片ETF广发,000685.SH,科创芯片,801080.SI,电子,matched,801080.SI:芯片
517900.SH,银行AH优选ETF招商,931039.CSI,银行AH,801780.SI,银行,matched,801780.SI:银行
560080.SH,中药ETF汇添富,930641.CSI,中证中药,801150.SI,医药生物,matched,801150.SI:中药
513140.SH,港股通金融ETF华泰柏瑞,h30106.CSI,港股通金融服务,,,non-industry:overseas,港股
159147.SZ,电池ETF南方,931719.CSI,CS电池,801730.SI,电力设备,matched,801730.SI:电池
159540.SZ,信创ETF易方达,CN5075.CNI,国证信创,801750.SI,计算机,matched,801750.SI:信创
588700.SH,科创医药ETF嘉实,000683.SH,科创生物,801150.SI,医药生物,matched,801150.SI:医药
159673.SZ,沪深300ETF鹏华,000300.SH,沪深300,,,non-industry:broad,沪深300
159378.SZ,通用航空ETF永赢,980076.CNI,通用航空,801740.SI,国防军工,matched,801740.SI:通用航空
588820.SH,科创200ETF华夏,000699.SH,科创200,,,non-industry:broad,科创200
159782.SZ,双创50ETF银华,931643.CSI,科创创业50,,,non-industry:broad,科创创业50
589220.SH,科创200ETF国泰,000699.SH,科创200,,,non-industry:broad,科创200
512140.SH,电力ETF华安,h30199.CSI,电力指数,801160.SI,公用事业,matched,801160.SI:电力
159215.SZ,A500ETF平安,000510.SH,中证A500,,,non-industry:broad,中证A50
561550.SH,中证500增强ETF华泰柏瑞,000905.SH,中证500,,,non-industry:broad,中证500
516220.SH,化工ETF国泰,000813.CSI,细分化工,801030.SI,基础化工,matched,801030.SI:化工
520950.SH,港股通50ETF摩根,HSSC50.HI,恒生港股通50,,,non-industry:overseas,港股
159286.SZ,港股通创新药ETF鹏华,987018.CNI,港股通创新药,,,non-industry:overseas,港股
512900.SH,证券ETF南方,399975.SZ,证券公司,801790.SI,非银金融,matched,801790.SI:证券公司
159565.SZ,汽车零部件ETF易方达,931230.CSI,汽车零部件,801880.SI,汽车,matched,801880.SI:汽车零部件
589120.SH,科创创新药ETF汇添富,950161.CSI,科创新药,801150.SI,医药生物,matched,801150.SI:创新药
159321.SZ,黄金股ETF华安,931238.CSI,SSH黄金股票,,,non-industry:commodity,黄金
159139.SZ,科创创业人工智能ETF华泰柏瑞,932456.CSI,科创创业AI,801750.SI,计算机,matched,801750.SI:人工智能
159362.SZ,A500ETF工银,000510.SH,中证A500,,,non-industry:broad,中证A50
515250.SH,智能汽车ETF富国,930721.CSI,CS智汽车,801880.SI,汽车,matched,801880.SI:智能汽车
530060.SH,上证指数ETF易方达,000001.SH,上证指数,,,non-industry:broad,上证指数
159175.SZ,电池ETF易方达,931719.CSI,CS电池,801730.SI,电力设备,matched,801730.SI:电池
159137.SZ,港股通医疗ETF华宝,932069.CSI,港股通医疗主题,,,non-industry:overseas,港股
159551.SZ,机器人ETF国泰,h30590.CSI,机器人,801890.SI,机械设备,matched,801890.SI:机器人
516100.SH,金融科技ETF华夏,930986.CSI,金融科技,801790.SI,非银金融,matched,801790.SI:金融科技
159828.SZ,医疗ETF国泰,399989.SZ,中证医疗,801150.SI,医药生物,matched,801150.SI:医疗
588360.SH,科创创业ETF国泰,931643.CSI,科创创业50,,,non-industry:broad,科创创业50
562970.SH,光伏ETF易方达,931151.CSI,光伏产业,801730.SI,电力设备,matched,801730.SI:光伏
159903.SZ,深成ETF南方,399001.SZ,深证成指,,,non-industry:broad,深证成指
159588.SZ,石油ETF景顺,399439.SZ,国证油气,801960.SI,石油石化,matched,801960.SI:石油
159532.SZ,中证2000ETF易方达,932000.CSI,中证2000,,,non-industry:broad,中证2000
515850.SH,证券ETF富国,399975.SZ,证券公司,801790.SI,非银金融,matched,801790.SI:证券公司
516000.SH,大数据ETF华夏,930902.CSI,中证数据,801750.SI,计算机,matched,801750.SI:大数据
561600.SH,消费电子ETF平安,931494.CSI,消费电子,801080.SI,电子,matched,801080.SI:消费电子
588400.SH,科创创业ETF嘉实,931643.CSI,科创创业50,,,non-industry:broad,科创创业50
159386.SZ,A500ETF永赢,000510.SH,中证A500,,,non-industry:broad,中证A50
562600.SH,医疗器械ETF华夏,h30217.CSI,医疗器械,801150.SI,医药生物,matched,801150.SI:医疗器械
588160.SH,科创新材料ETF南方,000689.SH,科创材料,801030.SI,基础化工,matched,801030.SI:新材料
562360.SH,机器人ETF银华,h30590.CSI,机器人,801890.SI,机械设备,matched,801890.SI:机器人
159806.SZ,新能源车ETF国泰,399976.SZ,CS新能车,801880.SI,汽车,matched,801880.SI:新能源车
588950.SH,科创50ETF景顺,000688.SH,科创50,,,non-industry:broad,科创50
516250.SH,工程机械ETF富国,931752.CSI,工程机械主题,801890.SI,机械设备,matched,801890.SI:工程机械
159779.SZ,消费电子ETF招商,931494.CSI,消费电子,801080.SI,电子,matched,801080.SI:消费电子
515710.SH,食品饮料ETF华宝,000815.CSI,细分食品,801120.SI,食品饮料,matched,801120.SI:食品饮料
159805.SZ,传媒ETF鹏华,399971.SZ,中证传媒,801760.SI,传媒,matched,801760.SI:传媒
159210.SZ,港股通汽车ETF汇添富,931239.CSI,港股通汽车,,,non-industry:overseas,港股
159738.SZ,云计算ETF华泰柏瑞,931470.CSI,SHS云计算,801750.SI,计算机,matched,801750.SI:云计算
588110.SH,科创成长ETF广发,000690.SH,科创成长,,,non-industry:broad,科创成长
562350.SH,电力ETF银华,h30199.CSI,电力指数,801160.SI,公用事业,matched,801160.SI:电力
510630.SH,消费ETF华夏,000036.SH,上证消费,,,non-industry:broad,上证消费
159129.SZ,化工ETF嘉实,000813.CSI,细分化工,801030.SI,基础化工,matched,801030.SI:化工
159864.SZ,光伏ETF国泰,931151.CSI,光伏产业,801730.SI,电力设备,matched,801730.SI:光伏
159790.SZ,碳中和ETF华夏,000977.CSI,内地低碳,,,non-industry:broad,内地低碳
516670.SH,畜牧养殖ETF招商,930707.CSI,中证畜牧,801010.SI,农林牧渔,matched,801010.SI:畜牧
588010.SH,科创新材料ETF博时,000689.SH,科创材料,801030.SI,基础化工,matched,801030.SI:新材料
516970.SH,基建ETF广发,399995.SZ,基建工程,801720.SI,建筑装饰,matched,801720.SI:基建
560980.SH,光伏龙头ETF广发,931798.CSI,光伏龙头30,801730.SI,电力设备,matched,801730.SI:光伏
563080.SH,中证A50ETF易方达,930050.CSI,中证A50,,,non-industry:broad,中证A50
520970.SH,港股通创新药ETF嘉实,931250.CSI,港股通创新药,,,non-industry:overseas,港股
520860.SH,港股通科技ETF富国,931573.CSI,港股通科技,,,non-industry:overseas,港股
516290.SH,光伏ETF汇添富,931151.CSI,光伏产业,801730.SI,电力设备,matched,801730.SI:光伏
588180.SH,科创50ETF国联安,000688.SH,科创50,,,non-industry:broad,科创50
562700.SH,汽车零部件ETF华夏,931230.CSI,汽车零部件,801880.SI,汽车,matched,801880.SI:汽车零部件
588850.SH,科创机械ETF嘉实,000693.SH,科创机械,801890.SI,机械设备,matched,801890.SI:机械
563750.SH,中证500ETF汇添富,000905.SH,中证500,,,non-industry:broad,中证500
561800.SH,稀有金属ETF华富,930632.CSI,CS稀金属,801050.SI,有色金属,matched,801050.SI:稀有金属
159635.SZ,基建ETF华夏,930608.CSI,中证基建,801720.SI,建筑装饰,matched,801720.SI:基建
588270.SH,科创200ETF易方达,000699.SH,科创200,,,non-industry:broad,科创200
159560.SZ,芯片ETF景顺,h30007.CSI,芯片产业,801080.SI,电子,matched,801080.SI:芯片
510150.SH,消费ETF招商,000069.SH,消费80,,,non-industry:broad,消费80
589320.SH,N科创200ETF嘉实,000699.SH,科创200,,,non-industry:broad,科创200
562880.SH,电池ETF嘉实,931719.CSI,CS电池,801730.SI,电力设备,matched,801730.SI:电池
563900.SH,300自由现金流ETF摩根,932366.CSI,300现金流,,,non-industry:broad,300现金流
159248.SZ,人工智能ETF万家,930713.CSI,CS人工智,801750.SI,计算机,matched,801750.SI:人工智能
516820.SH,医疗创新ETF平安,931484.CSI,CS医药创新,801150.SI,医药生物,matched,801150.SI:医药
510360.SH,沪深300ETF广发,000300.SH,沪深300,,,non-industry:broad,沪深300
560400.SH,证券ETF华泰柏瑞,399975.SZ,证券公司,801790.SI,非银金融,matched,801790.SI:证券公司
513230.SH,港股通消费ETF华夏,931454.CSI,港股通消费,,,non-industry:overseas,港股
520780.SH,港股通汽车ETF华宝,931239.CSI,港股通汽车,,,non-industry:overseas,港股
518860.SH,上海金ETF建信,SHAU.SGE,上海金,,,non-industry:commodity,上海金
159573.SZ,创业板200ETF华夏,399019.SZ,创业200,,,non-industry:broad,创业200
159359.SZ,A500ETF华安,000510.SH,中证A500,,,non-industry:broad,中证A50
159015.SZ,恒生港股通科技ETF国联,HSSCITI.HI,恒生港股通科技主题,,,non-industry:overseas,港股
159301.SZ,公用事业ETF华夏,000995.CSI,全指公用,801160.SI,公用事业,matched,801160.SI:公用事业
159839.SZ,生物医药ETF汇添富,399441.SZ,生物医药,801150.SI,医药生物,matched,801150.SI:生物医药
159310.SZ,芯片ETF天弘,h30007.CSI,芯片产业,801080.SI,电子,matched,801080.SI:芯片
563000.SH,中国A50ETF易方达,746059.MI,MSCI中国A50互联互通,,,non-industry:broad,MSCI
561350.SH,中证500ETF国泰,000905.SH,中证500,,,non-industry:broad,中证500
159022.SZ,科创创业人工智能ETF富国,932456.CSI,科创创业AI,801750.SI,计算机,matched,801750.SI:人工智能
517380.SH,创新药ETF天弘,HSSSHID.HI,恒生沪深港创新药50,,,non-industry:overseas,恒生
159888.SZ,智能汽车ETF华夏,930721.CSI,CS智汽车,801880.SI,汽车,matched,801880.SI:智能汽车
589860.SH,科创综指ETF天弘,000680.SH,科创综指,,,non-industry:broad,科创综指
159230.SZ,通用航空ETF华夏,980076.CNI,通用航空,801740.SI,国防军工,matched,801740.SI:通用航空
563330.SH,A股ETF华泰柏瑞,930903.CSI,中证A股,,,non-industry:broad,中证A股
159572.SZ,创业板200ETF易方达,399019.SZ,创业200,,,non-industry:broad,创业200
159775.SZ,电池ETF建信,980032.CNI,新能电池,801730.SI,电力设备,matched,801730.SI:电池
159768.SZ,房地产ETF银华,000948.CSI,内地地产,801180.SI,房地产,matched,801180.SI:房地产
560120.SH,中证500现金流ETF华夏,932367.CSI,500现金流,,,non-industry:broad,中证500
560570.SH,A500红利ETF国联安,932422.CSI,A500红利低波,,,non-industry:broad,红利
561130.SH,国货ETF富国,931403.CSI,品牌工程,,,non-industry:broad,品牌工程
563210.SH,专精特新ETF富国,HSCSSE.HI,恒生A股专精特新企业,,,non-industry:overseas,恒生
159393.SZ,沪深300ETF万家,000300.SH,沪深300,,,non-industry:broad,沪深300
159899.SZ,软件ETF招商,h30202.CSI,软件指数,801750.SI,计算机,matched,801750.SI:软件
159120.SZ,港股通科技ETF国联安,HSSCITI.HI,恒生港股通科技主题,,,non-industry:overseas,港股
159102.SZ,港股通生物科技ETF华安,HSBIO.HI,恒生生物科技,,,non-industry:overseas,港股
159711.SZ,港股通50ETF华夏,930931.CSI,港股通50(HKD),,,non-industry:overseas,港股
159357.SZ,A500ETF博时,000510.SH,中证A500,,,non-industry:broad,中证A50
510320.SH,沪深300ETF中金,000300.SH,沪深300,,,non-industry:broad,沪深300
159812.SZ,黄金ETF前海开源,Au9999.SGE,SGE黄金9999,,,non-industry:commodity,黄金
560580.SH,电力ETF南方,h30199.CSI,电力指数,801160.SI,公用事业,matched,801160.SI:电力
589770.SH,科创综指ETF招商,000680.SH,科创综指,,,non-industry:broad,科创综指
159153.SZ,消费电子ETF鹏华,980030.CNI,消费电子,801080.SI,电子,matched,801080.SI:消费电子
159603.SZ,科创创业ETF天弘,931643.CSI,科创创业50,,,non-industry:broad,科创创业50
159337.SZ,中证500ETF东财,000905.SH,中证500,,,non-industry:broad,中证500
588420.SH,科创创业人工智能ETF摩根,932456.CSI,科创创业AI,801750.SI,计算机,matched,801750.SI:人工智能
159012.SZ,科创创业50ETF鹏华,931643.CSI,科创创业50,,,non-industry:broad,科创创业50
159299.SZ,金融科技ETF易方达,930986.CSI,金融科技,801790.SI,非银金融,matched,801790.SI:金融科技
512460.SH,电池ETF华夏,931719.CSI,CS电池,801730.SI,电力设备,matched,801730.SI:电池
159847.SZ,医疗ETF易方达,399989.SZ,中证医疗,801150.SI,医药生物,matched,801150.SI:医疗
560480.SH,电力ETF招商,h30199.CSI,电力指数,801160.SI,公用事业,matched,801160.SI:电力
159982.SZ,中证500ETF鹏华,000905.SH,中证500,,,non-industry:broad,中证500
159003.SZ,招商快线ETF,,,,,no-track-info,
513990.SH,港股通ETF招商,h50069CNY10.CSI,港股通人民币中间价,,,non-industry:overseas,港股
516620.SH,影视ETF国泰,930781.CSI,中证影视,801760.SI,传媒,matched,801760.SI:影视
562080.SH,300现金流ETF华宝,932366.CSI,300现金流,,,non-industry:broad,300现金流
560270.SH,电力ETF工银,h30199.CSI,电力指数,801160.SI,公用事业,matched,801160.SI:电力
563320.SH,通用航空ETF华泰柏瑞,931855.CSI,通用航空,801740.SI,国防军工,matched,801740.SI:通用航空
588100.SH,科创信息ETF嘉实,000682.SH,科创信息,,,non-industry:broad,科创信息
562570.SH,信创ETF华夏,931247.CSI,中证信创,801750.SI,计算机,matched,801750.SI:信创
588280.SH,科创50ETF华安,000688.SH,科创50,,,non-industry:broad,科创50
589080.SH,科创综指ETF汇添富,000680.SH,科创综指,,,non-industry:broad,科创综指
159212.SZ,深100ETF南方,399330.SZ,深证100,,,non-industry:broad,深证100
159249.SZ,A500增强ETF工银,000510.SH,中证A500,,,non-industry:broad,中证A50
588210.SH,科创100ETF易方达,000698.SH,科创100,,,non-industry:broad,科创100
159247.SZ,创业板ETF汇添富,399006.SZ,创业板指,,,non-industry:broad,创业板指
159666.SZ,交通运输ETF华夏,h30171.CSI,中证全指运输指数,,,non-industry:broad,中证全指
513360.SH,教育ETF博时,931456.CSI,中国教育,801210.SI,社会服务,matched,801210.SI:教育
560880.SH,家电ETF广发,930697.CSI,家用电器,801110.SI,家用电器,matched,801110.SI:家用电器
589880.SH,科创综指ETF建信,000680.SH,科创综指,,,non-industry:broad,科创综指
588480.SH,科创创业人工智能ETF中金,932456.CSI,科创创业AI,801750.SI,计算机,matched,801750.SI:人工智能
511620.SH,货币ETF国泰,,,,,no-track-info,
159190.SZ,创业板新能源ETF天弘,399266.SZ,创新能源,801730.SI,电力设备,matched,801730.SI:新能源
159178.SZ,消费电子ETF汇添富,980030.CNI,消费电子,801080.SI,电子,matched,801080.SI:消费电子
560350.SH,中证A50ETF摩根,930050.CSI,中证A50,,,non-industry:broad,中证A50
560910.SH,电池ETF华泰柏瑞,931719.CSI,CS电池,801730.SI,电力设备,matched,801730.SI:电池
159032.SZ,工业有色ETF易方达,h11059.CSI,工业有色,801050.SI,有色金属,matched,801050.SI:有色
560110.SH,中证1000ETF汇添富,000852.SH,中证1000,,,non-industry:broad,中证100
520530.SH,港股通科技ETF东财,931573.CSI,港股通科技,,,non-industry:overseas,港股
159786.SZ,VRETF银华,930821.CSI,中证VR,801080.SI,电子,matched,801080.SI:中证VR
530580.SH,上证180ETF南方,000010.SH,上证180,,,non-industry:broad,上证180
159168.SZ,有色ETF富国,h11059.CSI,工业有色,801050.SI,有色金属,matched,801050.SI:有色
515460.SH,红利质量ETF南方,932315.CSI,中证红利质量,,,non-industry:broad,中证红利
560630.SH,机器人ETF万家,h30590.CSI,机器人,801890.SI,机械设备,matched,801890.SI:机器人
159179.SZ,港股通互联网ETF工银,931637.CSI,港股通互联网,,,non-industry:overseas,港股
510170.SH,大宗商品ETF国联安,000066.SH,上证商品,,,non-industry:commodity,商品
159943.SZ,深证成指ETF大成,399001.SZ,深证成指,,,non-industry:broad,深证成指
562890.SH,A50ETF嘉实,930050.CSI,中证A50,,,non-industry:broad,中证A50
159536.SZ,中证2000ETF汇添富,932000.CSI,中证2000,,,non-industry:broad,中证2000
159208.SZ,航空航天ETF万家,CN5082.CNI,国证航天,801740.SI,国防军工,matched,801740.SI:航天
515320.SH,电子50ETF华安,931461.CSI,电子50,801080.SI,电子,matched,801080.SI:电子
560100.SH,中证500增强ETF南方,000905.SH,中证500,,,non-industry:broad,中证500
159597.SZ,创业板成长ETF易方达,399667.SZ,创业成长,,,non-industry:broad,创业成长
159539.SZ,信创ETF广发,CN5075.CNI,国证信创,801750.SI,计算机,matched,801750.SI:信创
588910.SH,科创价值ETF建信,950333.CSI,智选创新价值,,,non-industry:broad,创价值
159265.SZ,港股消费ETF鹏华,987024.CNI,港股通消费,,,non-industry:overseas,港股
517390.SH,云计算ETF天弘,931470.CSI,SHS云计算,801750.SI,计算机,matched,801750.SI:云计算
159170.SZ,港股通互联网ETF永赢,987022.CNI,港股通互联网,,,non-industry:overseas,港股
516770.SH,游戏ETF华泰柏瑞,930901.CSI,动漫游戏,801760.SI,传媒,matched,801760.SI:游戏
516050.SH,科技龙头ETF工银,931087.CSI,科技龙头,,,non-industry:broad,科技龙头
159315.SZ,黄金股ETF工银,931238.CSI,SSH黄金股票,,,non-industry:commodity,黄金
516800.SH,智能制造ETF华宝,930850.CSI,智能制造,801890.SI,机械设备,matched,801890.SI:智能制造
561570.SH,油气ETF华泰柏瑞,h30198.CSI,油气产业,801960.SI,石油石化,matched,801960.SI:油气
520680.SH,港股通汽车ETF南方,931239.CSI,港股通汽车,,,non-industry:overseas,港股
159330.SZ,沪深300ETF东财,000300.SH,沪深300,,,non-industry:broad,沪深300
159193.SZ,新能源电池ETF银华,980027.CNI,新能源电池,801730.SI,电力设备,matched,801730.SI:新能源
159303.SZ,恒生医疗ETF大成,HSHCI.HI,恒生医疗保健,,,non-industry:overseas,恒生
516910.SH,物流ETF富国,930716.CSI,CS物流,801170.SI,交通运输,matched,801170.SI:物流
516190.SH,传媒ETF华夏,h30365.CSI,文娱传媒,801760.SI,传媒,matched,801760.SI:传媒
589890.SH,科创综指ETF景顺,000681.SH,科创价格,,,non-industry:broad,科创综指
159739.SZ,云计算ETF鹏华,930851.CSI,云计算,801750.SI,计算机,matched,801750.SI:云计算
159647.SZ,中药ETF鹏华,930641.CSI,中证中药,801150.SI,医药生物,matched,801150.SI:中药
159160.SZ,电池ETF东财,931719.CSI,CS电池,801730.SI,电力设备,matched,801730.SI:电池
159148.SZ,石油ETF富国,399439.SZ,国证油气,801960.SI,石油石化,matched,801960.SI:石油
159592.SZ,A50ETF银华,930050.CSI,中证A50,,,non-industry:broad,中证A50
159029.SZ,有色ETF广发,931892.CSI,有色矿业,801050.SI,有色金属,matched,801050.SI:有色矿业
589990.SH,科创综指ETF华泰柏瑞,000680.SH,科创综指,,,non-industry:broad,科创综指
159656.SZ,沪深300成长ETF万家,000918.CSI,300成长,,,non-industry:broad,沪深300
159038.SZ,粮食ETF易方达,399365.SZ,国证粮食,801010.SI,农林牧渔,matched,801010.SI:国证粮食
589260.SH,科创芯片设计ETF国泰,950162.CSI,科创芯片设计,801080.SI,电子,matched,801080.SI:芯片
563570.SH,金融科技ETF兴业,930986.CSI,金融科技,801790.SI,非银金融,matched,801790.SI:金融科技
159748.SZ,创新药ETF富国,931409.CSI,SHS创新药,801150.SI,医药生物,matched,801150.SI:创新药
159591.SZ,A50ETF富国,930050.CSI,中证A50,,,non-industry:broad,中证A50
588430.SH,科创创业人工智能ETF工银,932456.CSI,科创创业AI,801750.SI,计算机,matched,801750.SI:人工智能
159898.SZ,医疗器械ETF招商,h30217.CSI,医疗器械,801150.SI,医药生物,matched,801150.SI:医疗器械
159677.SZ,中证1000增强ETF银华,000852.SH,中证1000,,,non-industry:broad,中证100
562310.SH,沪深300成长ETF银华,000918.CSI,300成长,,,non-industry:broad,沪深300
159500.SZ,中证500ETF富国,000905.SH,中证500,,,non-industry:broad,中证500
515580.SH,科技100ETF华泰柏瑞,931187.CSI,科技100,,,non-industry:broad,科技100
159123.SZ,光伏ETF嘉实,931151.CSI,光伏产业,801730.SI,电力设备,matched,801730.SI:光伏
516850.SH,新能源ETF华夏,399808.SZ,中证新能,801730.SI,电力设备,matched,801730.SI:新能源
159511.SZ,通信ETF南方,000936.CSI,800通信,801770.SI,通信,matched,801770.SI:通信
159220.SZ,港股通红利低波ETF华宝,SPAHLVCP.SPI,标普港股通低波红利指数,,,non-industry:broad,红利
159736.SZ,食品饮料ETF天弘,930653.CSI,CS食品饮,801120.SI,食品饮料,matched,801120.SI:食品饮料
561700.SH,电力ETF博时,h30199.CSI,电力指数,801160.SI,公用事业,matched,801160.SI:电力
563650.SH,中证A500ETF兴业,000510.SH,中证A500,,,non-industry:broad,中证A50
563350.SH,A50ETF华泰柏瑞,930050.CSI,中证A50,,,non-industry:broad,中证A50
520590.SH,恒生科技ETF鹏华,HSTECH.HI,恒生科技,,,non-industry:overseas,恒生
588450.SH,科创50增强ETF招商,000688.SH,科创50,,,non-industry:broad,科创50
159172.SZ,养殖ETF汇添富,931946.CSI,畜牧养殖,801010.SI,农林牧渔,matched,801010.SI:畜牧
588720.SH,科创50ETF中银,000688.SH,科创50,,,non-industry:broad,科创50
159150.SZ,深证50ETF易方达,399850.SZ,深证50,,,non-industry:broad,深证50
589900.SH,科创综指ETF博时,000680.SH,科创综指,,,non-industry:broad,科创综指
159195.SZ,石油ETF华安,399439.SZ,国证油气,801960.SI,石油石化,matched,801960.SI:石油
159820.SZ,中证500ETF天弘,000905.SH,中证500,,,non-industry:broad,中证500
159369.SZ,创业板50ETF易方达,399673.SZ,创业板50,,,non-industry:broad,创业板50
159016.SZ,证券ETF广发,931412.CSI,证券公司30,801790.SI,非银金融,matched,801790.SI:证券公司
159637.SZ,新能源车ETF东财,399976.SZ,CS新能车,801880.SI,汽车,matched,801880.SI:新能源车
512580.SH,环保ETF广发,000827.SH,中证环保,801970.SI,环保,matched,801970.SI:环保
159329.SZ,沙特ETF南方,WISAUNT.FI,富时沙特阿拉伯(里亚尔)(净总回报),,,non-industry:broad,富时
159757.SZ,电池ETF景顺,980032.CNI,新能电池,801730.SI,电力设备,matched,801730.SI:电池
560320.SH,食品ETF富国,h30192.CSI,食品,801120.SI,食品饮料,matched,801120.SI:食品
561230.SH,中证A50ETF工银,930050.CSI,中证A50,,,non-industry:broad,中证A50
159958.SZ,创业板ETF工银,399006.SZ,创业板指,,,non-industry:broad,创业板指
159149.SZ,创业板新能源ETF工银,399266.SZ,创新能源,801730.SI,电力设备,matched,801730.SI:新能源
159835.SZ,创新药ETF建信,931152.CSI,CS创新药,801150.SI,医药生物,matched,801150.SI:创新药
159527.SZ,云计算ETF广发,930851.CSI,云计算,801750.SI,计算机,matched,801750.SI:云计算
159557.SZ,恒生医疗ETF嘉实,HSHCI.HI,恒生医疗保健,,,non-industry:overseas,恒生
159676.SZ,创业板增强ETF富国,399006.SZ,创业板指,,,non-industry:broad,创业板指
560800.SH,数字经济ETF鹏扬,931582.CSI,数字经济,801750.SI,计算机,matched,801750.SI:数字经济
159375.SZ,创业板50ETF国泰,399673.SZ,创业板50,,,non-industry:broad,创业板50
588410.SH,科创创业人工智能ETF鹏华,932456.CSI,科创创业AI,801750.SI,计算机,matched,801750.SI:人工智能
512950.SH,央企改革ETF华夏,000860.CSI,结构调整,,,non-industry:broad,结构调整
159189.SZ,石油ETF华夏,399439.SZ,国证油气,801960.SI,石油石化,matched,801960.SI:石油
520560.SH,香港大盘30ETF华宝,HSFML25.HI,恒生中国(香港上市)30,,,non-industry:overseas,香港
159587.SZ,粮食ETF广发,399365.SZ,国证粮食,801010.SI,农林牧渔,matched,801010.SI:国证粮食
512330.SH,信息科技ETF南方,000858.SH,中证500信息,,,non-industry:broad,中证500
515330.SH,沪深300ETF天弘,000300.SH,沪深300,,,non-industry:broad,沪深300
159176.SZ,家电ETF华宝,930697.CSI,家用电器,801110.SI,家用电器,matched,801110.SI:家用电器
159390.SZ,中证A50ETF国联,930050.CSI,中证A50,,,non-industry:broad,中证A50
516180.SH,光伏ETF平安,931151.CSI,光伏产业,801730.SI,电力设备,matched,801730.SI:光伏
159761.SZ,新材料ETF国泰,h30597.CSI,新材料,801030.SI,基础化工,matched,801030.SI:新材料
159610.SZ,中证500增强ETF景顺,000905.SH,中证500,,,non-industry:broad,中证500
560660.SH,云计算50ETF新华,931469.CSI,云计算50,801750.SI,计算机,matched,801750.SI:云计算
562920.SH,信息安全ETF易方达,399994.SZ,信息安全,801750.SI,计算机,matched,801750.SI:信息安全
159007.SZ,养殖ETF华泰柏瑞,931946.CSI,畜牧养殖,801010.SI,农林牧渔,matched,801010.SI:畜牧
159669.SZ,绿色电力ETF国泰,399438.SZ,绿色电力,801160.SI,公用事业,matched,801160.SI:电力
517950.SH,沪深港科技50ETF交银,931785.CSI,智选沪深港科技50,,,non-industry:broad,科技50
159623.SZ,成渝经济圈ETF博时,931695.CSI,成渝经济圈,,,non-industry:broad,成渝经济圈
589500.SH,科创综指ETF工银,000681.SH,科创价格,,,non-industry:broad,科创综指
560490.SH,工业有色ETF华泰柏瑞,h11059.CSI,工业有色,801050.SI,有色金属,matched,801050.SI:有色
561660.SH,通用航空ETF平安,931855.CSI,通用航空,801740.SI,国防军工,matched,801740.SI:通用航空
562850.SH,央企能源ETF嘉实,932037.CSI,央企现代能源,,,non-industry:broad,央企现代能源
510350.SH,沪深300ETF工银,000300.SH,沪深300,,,non-industry:broad,沪深300
510850.SH,上证50ETF工银,000016.SH,上证50,,,non-industry:broad,上证50
159197.SZ,石油ETF招商,399439.SZ,国证油气,801960.SI,石油石化,matched,801960.SI:石油
561120.SH,家电ETF富国,930697.CSI,家用电器,801110.SI,家用电器,matched,801110.SI:家用电器
562910.SH,高端制造ETF易方达,h11054.CSI,装备产业,801890.SI,机械设备,matched,801890.SI:装备产业
510530.SH,中证500ETF工银,000905.SH,中证500,,,non-industry:broad,中证500
159237.SZ,港股汽车ETF工银,931239.CSI,港股通汽车,,,non-industry:overseas,港股
562000.SH,A100ETF华宝,000903.SH,中证A100,,,non-industry:broad,中证A100
512370.SH,A500增强ETF华夏,000510.SH,中证A500,,,non-industry:broad,中证A50
159270.SZ,创业板200ETF南方,399019.SZ,创业200,,,non-industry:broad,创业200
159181.SZ,石油ETF易方达,399439.SZ,国证油气,801960.SI,石油石化,matched,801960.SI:石油
520890.SH,港股通红利低波ETF华泰柏瑞,HSHYLV.HI,恒生港股通高股息低波动,,,non-industry:broad,红利
563010.SH,电信ETF易方达,931235.CSI,中证电信,801770.SI,通信,matched,801770.SI:中证电信
588860.SH,科创医药ETF工银,000683.SH,科创生物,801150.SI,医药生物,matched,801150.SI:医药
159606.SZ,中证500成长ETF易方达,930939.CSI,500质量成长,,,non-industry:broad,中证500
159251.SZ,港股通科技ETF万家,987008.CNI,港股通科技,,,non-industry:overseas,港股
512910.SH,A100ETF广发,000903.SH,中证A100,,,non-industry:broad,中证A100
588880.SH,科创100ETF华泰柏瑞,000698.SH,科创100,,,non-industry:broad,科创100
588370.SH,科创50增强ETF南方,000688.SH,科创50,,,non-industry:broad,科创50
159367.SZ,创业板50ETF华夏,399673.SZ,创业板50,,,non-industry:broad,创业板50
515720.SH,金融科技ETF富国,930986.CSI,金融科技,801790.SI,非银金融,matched,801790.SI:金融科技
513320.SH,港股通新经济ETF易方达,HSSCNE.HI,恒生港股通新经济,,,non-industry:overseas,港股
561300.SH,沪深300增强ETF国泰,000300.SH,沪深300,,,non-industry:broad,沪深300
513900.SH,港股通100ETF华安,CES100.CSI,中华港股通精选100,,,non-industry:overseas,港股
515380.SH,沪深300ETF泰康,000300.SH,沪深300,,,non-industry:broad,沪深300
159231.SZ,通用航空ETF华宝,980076.CNI,通用航空,801740.SI,国防军工,matched,801740.SI:通用航空
560680.SH,消费ETF广发,000932.SH,800消费,,,non-industry:broad,800消费
159333.SZ,港股央企红利ETF万家,931233.CSI,港股通央企红利,,,non-industry:broad,红利
588040.SH,科创50ETF鹏华,000688.SH,科创50,,,non-industry:broad,科创50
515810.SH,中证800ETF易方达,000906.SH,中证800,,,non-industry:broad,中证800
159138.SZ,工程机械ETF易方达,931752.CSI,工程机械主题,801890.SI,机械设备,matched,801890.SI:工程机械
159881.SZ,有色金属ETF国泰,930708.CSI,中证有色,801050.SI,有色金属,matched,801050.SI:有色金属
563520.SH,沪深300ETF永赢,000300.SH,沪深300,,,non-industry:broad,沪深300
159956.SZ,创业板ETF建信,399006.SZ,创业板指,,,non-industry:broad,创业板指
513720.SH,港股互联网ETF国泰,931637.CSI,港股通互联网,,,non-industry:overseas,港股
560210.SH,农牧渔ETF景顺,930910.CSI,农牧渔,801010.SI,农林牧渔,matched,801010.SI:农牧渔
563580.SH,自由现金流800ETF万家,932368.CSI,800现金流,,,non-industry:broad,自由现金流
159945.SZ,能源ETF广发,000986.SH,全指能源,,,non-industry:broad,全指能源
159596.SZ,A50ETF华宝,930050.CSI,中证A50,,,non-industry:broad,中证A50
589110.SH,科创人工智能ETF国泰,950180.CSI,科创AI,,,non-industry:broad,科创AI
159850.SZ,恒生国企ETF华夏,HSCEI.HI,恒生中国企业指数,,,non-industry:overseas,恒生
560470.SH,有色ETF易方达,000811.CSI,细分有色,801050.SI,有色金属,matched,801050.SI:有色
159385.SZ,数字经济ETF富国,931529.CSI,国企数字经济,801750.SI,计算机,matched,801750.SI:数字经济
159581.SZ,红利ETF万家,000922.CSI,中证红利,,,non-industry:broad,中证红利
561050.SH,稀有金属ETF易方达,930632.CSI,CS稀金属,801050.SI,有色金属,matched,801050.SI:稀有金属
159159.SZ,公用事业ETF国投瑞银,000995.CSI,全指公用,801160.SI,公用事业,matched,801160.SI:公用事业
516750.SH,建材ETF富国,931009.CSI,建筑材料,801710.SI,建筑材料,matched,801710.SI:建筑材料
588320.SH,双创50增强ETF广发,931643.CSI,科创创业50,,,non-industry:broad,科创创业50
159909.SZ,TMT50ETF招商,399610.SZ,TMT50,,,non-industry:broad,TMT50
159010.SZ,港股通科技ETF博时,HSSCITI.HI,恒生港股通科技主题,,,non-industry:overseas,港股
530080.SH,上证180ETF天弘,000010.SH,上证180,,,non-industry:broad,上证180
159968.SZ,中证500ETF博时,000905.SH,中证500,,,non-industry:broad,中证500
159609.SZ,光伏ETF浦银,931151.CSI,光伏产业,801730.SI,电力设备,matched,801730.SI:光伏
563550.SH,A500增强ETF摩根,000510.SH,中证A500,,,non-industry:broad,中证A50
159019.SZ,石油ETF华宝,399439.SZ,国证油气,801960.SI,石油石化,matched,801960.SI:石油
560150.SH,红利低波ETF泰康,h30269.CSI,红利低波,,,non-industry:broad,红利
159377.SZ,创业板医药ETF国泰,399275.SZ,创医药,801150.SI,医药生物,matched,801150.SI:医药
560790.SH,软件ETF鹏华,930601.CSI,中证软件,801750.SI,计算机,matched,801750.SI:软件
159283.SZ,通用航空ETF南方,931855.CSI,通用航空,801740.SI,国防军工,matched,801740.SI:通用航空
563500.SH,A500ETF华宝,000510.SH,中证A500,,,non-industry:broad,中证A50
520580.SH,新兴亚洲ETF招商,EMASIAUP.SG,新交所新兴亚洲精选50,,,non-industry:overseas,新交所新兴亚洲精选50
515560.SH,证券ETF建信,399975.SZ,证券公司,801790.SI,非银金融,matched,801790.SI:证券公司
520940.SH,港股通恒生ETF华安,HSISC.HI,恒指港股通,,,non-industry:overseas,港股
159586.SZ,计算机ETF南方,h30182.CSI,计算机,801750.SI,计算机,matched,801750.SI:计算机
159991.SZ,创业板大盘ETF招商,399293.SZ,创业大盘,,,non-industry:broad,创业大盘
589560.SH,科创人工智能ETF汇添富,950180.CSI,科创AI,,,non-industry:broad,科创AI
159873.SZ,医疗设备ETF天弘,h30178.CSI,医疗保健,801150.SI,医药生物,matched,801150.SI:医疗
520930.SH,恒生生物科技ETF国泰,HSBIO.HI,恒生生物科技,,,non-industry:overseas,恒生
159167.SZ,港股通医疗ETF工银,932069.CSI,港股通医疗主题,,,non-industry:overseas,港股
159718.SZ,港股医药ETF平安,930965.CSI,港股通医药C,,,non-industry:overseas,港股
561220.SH,数字经济ETF工银,931529.CSI,国企数字经济,801750.SI,计算机,matched,801750.SI:数字经济
159380.SZ,A500ETF东财,000510.SH,中证A500,,,non-industry:broad,中证A50
515750.SH,科技50ETF富国,931186.CSI,中证科技,,,non-industry:broad,中证科技
516460.SH,现金流ETF800鹏华,932368.CSI,800现金流,,,non-industry:broad,800现金流
159261.SZ,创业板新能源ETF鹏华,399266.SZ,创新能源,801730.SI,电力设备,matched,801730.SI:新能源
159616.SZ,农牧ETF建信,931778.CSI,农牧主题,801010.SI,农林牧渔,matched,801010.SI:农牧主题
159726.SZ,港股通高股息ETF华夏,HSMCHYI.HI,恒生港股通中国内地企业高股息率,,,non-industry:broad,高股息
561010.SH,软件ETF华安,932094.CSI,软件开发,801750.SI,计算机,matched,801750.SI:软件
588140.SH,科创200ETF广发,000699.SH,科创200,,,non-industry:broad,科创200
159127.SZ,港股通红利ETF南方,930914.CSI,港股通高股息(HKD),,,non-industry:broad,红利
520670.SH,港股通科技ETF嘉实,HSSCITI.HI,恒生港股通科技主题,,,non-industry:overseas,港股
510410.SH,资源ETF博时,000068.SH,上证资源,,,non-industry:broad,上证资源
588130.SH,科创医药ETF华夏,000683.SH,科创生物,801150.SI,医药生物,matched,801150.SI:医药
159910.SZ,基本面120ETF嘉实,399702.SZ,深证F120,,,non-industry:broad,深证F120
560900.SH,创新药ETF摩根,931152.CSI,CS创新药,801150.SI,医药生物,matched,801150.SI:创新药
520630.SH,港股通互联网ETF广发,931637.CSI,港股通互联网,,,non-industry:overseas,港股
512510.SH,中证500ETF华泰柏瑞,000905.SH,中证500,,,non-industry:broad,中证500
159135.SZ,港股通科技ETF前海开源,HSSCITI.HI,恒生港股通科技主题,,,non-industry:overseas,港股
159686.SZ,A100ETF易方达,000903.SH,中证A100,,,non-industry:broad,中证A100
589600.SH,科创综指ETF富国,000681.SH,科创价格,,,non-industry:broad,科创综指
159162.SZ,工业有色ETF鹏华,h11059.CSI,工业有色,801050.SI,有色金属,matched,801050.SI:有色
511690.SH,交易货币ETF大成,,,,,no-track-info,
159392.SZ,航空ETF富国,980076.CNI,通用航空,801740.SI,国防军工,matched,801740.SI:通用航空
563770.SH,全指现金流ETF招商,932365.CSI,中证现金流,,,non-industry:broad,中证现金流
159773.SZ,创业板科技ETF华泰柏瑞,399276.SZ,创科技,,,non-industry:broad,创科技
159555.SZ,中证2000增强ETF银华,932000.CSI,中证2000,,,non-industry:broad,中证2000
511900.SH,富国货币ETF,,,,,no-track-info,
159902.SZ,中小100ETF华夏,399005.SZ,中小100,,,non-industry:broad,中小100
159944.SZ,材料ETF广发,000987.SH,全指材料,,,non-industry:broad,全指材料
159752.SZ,新能源ETF申万菱信,000941.CSI,新能源,801730.SI,电力设备,matched,801730.SI:新能源
512080.SH,A500ETF中金,000510.SH,中证A500,,,non-industry:broad,中证A50
515860.SH,科技ETF嘉实,931165.CSI,新兴科技100,,,non-industry:broad,新兴科技100
159602.SZ,中国A50ETF南方,746059.MI,MSCI中国A50互联互通,,,non-industry:broad,MSCI
563560.SH,科技成长ETF兴业,931696.CSI,科技50策略,,,non-industry:broad,科技50
517800.SH,人工智能50ETF方正富邦,931487.CSI,SHS人工智能50,801750.SI,计算机,matched,801750.SI:人工智能
159916.SZ,基本面ETF建信,399701.SZ,深证F60,,,non-industry:broad,深证F60
561310.SH,消电ETF国泰,931494.CSI,消费电子,801080.SI,电子,matched,801080.SI:消费电子
159703.SZ,新材料ETF天弘,h30597.CSI,新材料,801030.SI,基础化工,matched,801030.SI:新材料
159275.SZ,农牧渔ETF华宝,930910.CSI,农牧渔,801010.SI,农林牧渔,matched,801010.SI:农牧渔
510660.SH,医药ETF华夏,000037.SH,上证医药,801150.SI,医药生物,matched,801150.SI:医药
588550.SH,科创综指增强ETF易方达,000680.SH,科创综指,,,non-industry:broad,科创综指
159191.SZ,港股通科技ETF易方达,987008.CNI,港股通科技,,,non-industry:overseas,港股
159523.SZ,沪深300成长ETF华夏,931589.CSI,300成长创新,,,non-industry:broad,沪深300
159108.SZ,工业软件ETF博时,980034.CNI,工业软件,801750.SI,计算机,matched,801750.SI:软件
520790.SH,港股通互联网ETF兴业,931637.CSI,港股通互联网,,,non-industry:overseas,港股
520830.SH,沙特ETF华泰柏瑞,WISAUNT.FI,富时沙特阿拉伯(里亚尔)(净总回报),,,non-industry:broad,富时
159678.SZ,500增强ETF博时,000905.SH,中证500,,,non-industry:broad,中证500
159035.SZ,软件ETF天弘,930601.CSI,中证软件,801750.SI,计算机,matched,801750.SI:软件
159236.SZ,自由现金流ETF工银,932365.CSI,中证现金流,,,non-industry:broad,中证现金流
589150.SH,科创50ETF平安,000688.SH,科创50,,,non-industry:broad,科创50
516700.SH,大数据ETF华宝,930902.CSI,中证数据,801750.SI,计算机,matched,801750.SI:大数据
516060.SH,创新药ETF工银,931152.CSI,CS创新药,801150.SI,医药生物,matched,801150.SI:创新药
159030.SZ,粮食ETF华夏,399365.SZ,国证粮食,801010.SI,农林牧渔,matched,801010.SI:国证粮食
159285.SZ,港股通消费ETF华安,987024.CNI,港股通消费,,,non-industry:overseas,港股
560220.SH,中证2000ETF广发,932000.CSI,中证2000,,,non-industry:broad,中证2000
159767.SZ,电池龙头ETF兴银,980032.CNI,新能电池,801730.SI,电力设备,matched,801730.SI:电池
589250.SH,科创芯片设计ETF浦银,950162.CSI,科创芯片设计,801080.SI,电子,matched,801080.SI:芯片
159798.SZ,消费ETF易方达,931139.CSI,CS消费50,,,non-industry:broad,CS消费50
159239.SZ,港股通汽车ETF富国,HSSCAM.HI,恒生港股通汽车主题,,,non-industry:overseas,港股
159226.SZ,中证A500增强ETF国泰,000510.SH,中证A500,,,non-industry:broad,中证A50
561590.SH,中证1000增强ETF华泰柏瑞,000852.SH,中证1000,,,non-industry:broad,中证100
517120.SH,创新药ETF华泰柏瑞,931409.CSI,SHS创新药,801150.SI,医药生物,matched,801150.SI:创新药
516270.SH,新能源ETF华安,000941.CSI,新能源,801730.SI,电力设备,matched,801730.SI:新能源
510950.SH,上证50ETF广发,000016.SH,上证50,,,non-industry:broad,上证50
588390.SH,科创创业ETF博时,931643.CSI,科创创业50,,,non-industry:broad,科创创业50
588500.SH,科创100增强ETF易方达,000698.SH,科创100,,,non-industry:broad,科创100
159177.SZ,工程机械ETF鹏华,931752.CSI,工程机械主题,801890.SI,机械设备,matched,801890.SI:工程机械
159121.SZ,港股通汽车ETF易方达,HSSCAM.HI,恒生港股通汽车主题,,,non-industry:overseas,港股
560230.SH,光伏ETF富国,931151.CSI,光伏产业,801730.SI,电力设备,matched,801730.SI:光伏
560380.SH,A100ETF南方,000903.SH,中证A100,,,non-industry:broad,中证A100
159525.SZ,红利低波ETF富国,h30269.CSI,红利低波,,,non-industry:broad,红利
159891.SZ,医疗ETF建信,h30178.CSI,医疗保健,801150.SI,医药生物,matched,801150.SI:医疗
515900.SH,央企创新ETF博时,000861.CSI,央企创新,,,non-industry:broad,央企创新
159155.SZ,电池ETF大成,931719.CSI,CS电池,801730.SI,电力设备,matched,801730.SI:电池
516550.SH,农业ETF嘉实,399814.SZ,大农业,801010.SI,农林牧渔,matched,801010.SI:农业
159293.SZ,创业板综增强ETF建信,399102.SZ,创业板综,,,non-industry:broad,创业板综
159126.SZ,港股通50ETF南方,930931.CSI,港股通50(HKD),,,non-industry:overseas,港股
515950.SH,医药50ETF富国,931140.CSI,医药50,801150.SI,医药生物,matched,801150.SI:医药
515920.SH,智能消费ETF博时,930648.CSI,CS智消费,,,non-industry:broad,CS智消费
159151.SZ,食品ETF华夏,h30192.CSI,食品,801120.SI,食品饮料,matched,801120.SI:食品
159008.SZ,证券ETF景顺,399975.SZ,证券公司,801790.SI,非银金融,matched,801790.SI:证券公司
562070.SH,沪深300指增ETF华宝,000300.SH,沪深300,,,non-industry:broad,沪深300
562050.SH,药ETF华宝,932217.CSI,制药指数,801150.SI,医药生物,matched,801150.SI:制药
159537.SZ,信创ETF国泰,CN5075.CNI,国证信创,801750.SI,计算机,matched,801750.SI:信创
561090.SH,A500增强ETF华安,000510.SH,中证A500,,,non-industry:broad,中证A50
516210.SH,银行ETF华安,399986.SZ,中证银行,801780.SI,银行,matched,801780.SI:银行
561760.SH,油气ETF博时,931248.CSI,油气资源,801960.SI,石油石化,matched,801960.SI:油气
513590.SH,港股通消费ETF鹏华,931454.CSI,港股通消费,,,non-industry:overseas,港股
159266.SZ,港股央企红利ETF永赢,931233.CSI,港股通央企红利,,,non-industry:broad,红利
159966.SZ,创业板价值ETF华夏,399295.SZ,创价值,,,non-industry:broad,创价值
159855.SZ,影视ETF银华,930781.CSI,中证影视,801760.SI,传媒,matched,801760.SI:影视
159169.SZ,恒生生物科技ETF广发,HSBIO.HI,恒生生物科技,,,non-industry:overseas,恒生
517090.SH,央企共赢ETF国泰,GPCCH003.FI,富时中国国企开放共赢,,,non-industry:broad,富时
563200.SH,中证2000ETF富国,932000.CSI,中证2000,,,non-industry:broad,中证2000
159103.SZ,金融科技ETF汇添富,930986.CSI,金融科技,801790.SI,非银金融,matched,801790.SI:金融科技
562900.SH,农业ETF易方达,930662.CSI,CS现代农,801010.SI,农林牧渔,matched,801010.SI:农业
563510.SH,A500红利低波ETF易方达,932422.CSI,A500红利低波,,,non-industry:broad,红利
516130.SH,消费龙头ETF华宝,931068.CSI,消费龙头,,,non-industry:broad,消费龙头
515770.SH,MSCI中国A股ETF摩根,718711L.MI,MSCI中国A股人民币指数,,,non-industry:broad,MSCI
516320.SH,高端装备ETF华夏,h11054.CSI,装备产业,801890.SI,机械设备,matched,801890.SI:装备产业
589820.SH,科创200ETF建信,000699.SH,科创200,,,non-industry:broad,科创200
159907.SZ,国证2000ETF广发,399303.SZ,国证2000,,,non-industry:broad,国证2000
159180.SZ,软件ETF银华,980034.CNI,工业软件,801750.SI,计算机,matched,801750.SI:软件
159520.SZ,消费龙头ETF工银,931068.CSI,消费龙头,,,non-industry:broad,消费龙头
159389.SZ,数字经济ETF嘉实,931529.CSI,国企数字经济,801750.SI,计算机,matched,801750.SI:数字经济
560850.SH,信创ETF汇添富,931247.CSI,中证信创,801750.SI,计算机,matched,801750.SI:信创
562990.SH,碳中和ETF易方达,931755.CSI,SEEE碳中和,,,non-industry:broad,SEEE碳中和
516500.SH,生物科技ETF华夏,930743.CSI,中证生科,801150.SI,医药生物,matched,801150.SI:生物
515960.SH,医药ETF嘉实,931166.CSI,医药健康100,801150.SI,医药生物,matched,801150.SI:医药
561870.SH,现金流全指ETF华富,932365.CSI,中证现金流,,,non-industry:broad,中证现金流
515110.SH,一带一路ETF易方达,000859.CSI,国企一带一路,,,non-industry:broad,国企一带一路
562810.SH,上证指数增强ETF嘉实,000001.SH,上证指数,,,non-industry:broad,上证指数
561950.SH,中证500增强ETF招商,000905.SH,中证500,,,non-industry:broad,中证500
159257.SZ,航空ETF汇添富,980076.CNI,通用航空,801740.SI,国防军工,matched,801740.SI:通用航空
589180.SH,科创新材料ETF汇添富,000689.SH,科创材料,801030.SI,基础化工,matched,801030.SI:新材料
520770.SH,恒指港股通ETF建信,HSISC.HI,恒指港股通,,,non-industry:overseas,港股
516070.SH,低碳ETF易方达,000977.CSI,内地低碳,,,non-industry:broad,内地低碳
589090.SH,科创AIETF鹏华,950180.CSI,科创AI,,,non-industry:broad,科创AI
159541.SZ,创业板综ETF万家,399102.SZ,创业板综,,,non-industry:broad,创业板综
159187.SZ,创业板新能源ETF景顺,399266.SZ,创新能源,801730.SI,电力设备,matched,801730.SI:新能源
561280.SH,中证1000增强ETF工银,000852.SH,中证1000,,,non-industry:broad,中证100
561880.SH,A100ETF华富,000903.SH,中证A100,,,non-industry:broad,中证A100
159109.SZ,恒生50ETF景顺,HSSC50.HI,恒生港股通50,,,non-industry:overseas,港股
515530.SH,中证500ETF泰康,000905.SH,中证500,,,non-industry:broad,中证500
530180.SH,上证180ETF易方达,000010.SH,上证180,,,non-industry:broad,上证180
517180.SH,中国国企ETF南方,GPCCH003.FI,富时中国国企开放共赢,,,non-industry:broad,富时
159708.SZ,红利ETF西部利得,399324.SZ,深证红利,,,non-industry:broad,红利
159725.SZ,线上消费ETF工银,931480.CSI,线上消费,,,non-industry:broad,线上消费
589210.SH,科创芯片设计ETF广发,950162.CSI,科创芯片设计,801080.SI,电子,matched,801080.SI:芯片
589380.SH,科创AIETF富国,950180.CSI,科创AI,,,non-industry:broad,科创AI
159302.SZ,港股高股息ETF银华,930914.CSI,港股通高股息(HKD),,,non-industry:broad,高股息
159627.SZ,A100ETF华夏,000903.SH,中证A100,,,non-industry:broad,中证A100
563660.SH,A500ETF银河,000510.SH,中证A500,,,non-industry:broad,中证A50
511810.SH,货币ETF南方,,,,,no-track-info,
159322.SZ,黄金股ETF平安,931238.CSI,SSH黄金股票,,,non-industry:commodity,黄金
517770.SH,游戏传媒ETF浦银,931580.CSI,SHS游戏传媒,801760.SI,传媒,matched,801760.SI:传媒
512960.SH,央企结构调整ETF博时,000860.CSI,结构调整,,,non-industry:broad,结构调整
159119.SZ,800现金流ETF招商,932368.CSI,800现金流,,,non-industry:broad,800现金流
159009.SZ,创业板新能源ETF易方达,399266.SZ,创新能源,801730.SI,电力设备,matched,801730.SI:新能源
159165.SZ,养殖ETF永赢,931946.CSI,畜牧养殖,801010.SI,农林牧渔,matched,801010.SI:畜牧
159260.SZ,证券ETF博时,399975.SZ,证券公司,801790.SI,非银金融,matched,801790.SI:证券公司
512380.SH,MSCI中国ETF银华,718711L.MI,MSCI中国A股人民币指数,,,non-industry:broad,MSCI
159173.SZ,农牧ETF南方,930910.CSI,农牧渔,801010.SI,农林牧渔,matched,801010.SI:农牧渔
516950.SH,基建ETF银华,930608.CSI,中证基建,801720.SI,建筑装饰,matched,801720.SI:基建
512620.SH,农业ETF天弘,000949.CSI,中证农业,801010.SI,农林牧渔,matched,801010.SI:农业
159372.SZ,创业板50ETF万家,399673.SZ,创业板50,,,non-industry:broad,创业板50
516230.SH,光伏ETF招商,931151.CSI,光伏产业,801730.SI,电力设备,matched,801730.SI:光伏
589280.SH,科创增强ETF华宝,000680.SH,科创综指,,,non-industry:broad,科创综指
589170.SH,科创芯片设计ETF鹏华,950162.CSI,科创芯片设计,801080.SI,电子,matched,801080.SI:芯片
515130.SH,沪深300ETF博时,000300.SH,沪深300,,,non-industry:broad,沪深300
159858.SZ,创新药ETF南方,931152.CSI,CS创新药,801150.SI,医药生物,matched,801150.SI:创新药
513810.SH,港股国企ETF华夏,h11153.CSI,内地国有,,,non-industry:overseas,港股
520760.SH,恒生生物科技ETF摩根,HSBIO.HI,恒生生物科技,,,non-industry:overseas,恒生
513170.SH,恒生央企ETF鹏华,HSCSOE.HI,恒生中国央企指数,,,non-industry:overseas,恒生
561930.SH,沪深300ETF招商,000300.SH,沪深300,,,non-industry:broad,沪深300
588900.SH,科创100ETF南方,000698.SH,科创100,,,non-industry:broad,科创100
563780.SH,现金流全指ETF方正富邦,932365.CSI,中证现金流,,,non-industry:broad,中证现金流
159183.SZ,新能源车ETF招商,399976.SZ,CS新能车,801880.SI,汽车,matched,801880.SI:新能源车
515600.SH,央企创新ETF广发,000861.CSI,央企创新,,,non-industry:broad,央企创新
159706.SZ,深证100ETF华安,399330.SZ,深证100,,,non-industry:broad,深证100
562320.SH,沪深300价值ETF银华,000919.CSI,300价值,,,non-industry:broad,沪深300
560700.SH,央企红利ETF广发,932039.CSI,央企股东回报,,,non-industry:broad,红利
159788.SZ,港股通100ETF易方达,930957.CSI,港股通中国100,,,non-industry:overseas,港股
516200.SH,证券ETF华安,399975.SZ,证券公司,801790.SI,非银金融,matched,801790.SI:证券公司
515890.SH,红利ETF博时,000922.CSI,中证红利,,,non-industry:broad,中证红利
588250.SH,科创医药ETF鹏华,000683.SH,科创生物,801150.SI,医药生物,matched,801150.SI:医药
159538.SZ,信创ETF富国,CN5075.CNI,国证信创,801750.SI,计算机,matched,801750.SI:信创
517110.SH,创新药ETF国泰,931409.CSI,SHS创新药,801150.SI,医药生物,matched,801150.SI:创新药
159763.SZ,新材料ETF建信,h30597.CSI,新材料,801030.SI,基础化工,matched,801030.SI:新材料
159223.SZ,现金流ETF永赢,980092.CNI,自由现金流,,,non-industry:broad,自由现金流
588680.SH,科创100增强ETF广发,000698.SH,科创100,,,non-industry:broad,科创100
512120.SH,医药ETF华安,000814.SH,细分医药,801150.SI,医药生物,matched,801150.SI:医药
159027.SZ,畜牧养殖ETF大成,931946.CSI,畜牧养殖,801010.SI,农林牧渔,matched,801010.SI:畜牧
159229.SZ,自由现金流ETF广发,932368.CSI,800现金流,,,non-industry:broad,自由现金流
159675.SZ,创业板增强ETF嘉实,399006.SZ,创业板指,,,non-industry:broad,创业板指
513210.SH,恒生ETF易方达,HSI.HI,恒生指数,,,non-industry:overseas,恒生
159005.SZ,快钱ETF汇添富,,,,,no-track-info,
159658.SZ,数字经济ETF华安,931582.CSI,数字经济,801750.SI,计算机,matched,801750.SI:数字经济
159255.SZ,通用航空ETF易方达,980076.CNI,通用航空,801740.SI,国防军工,matched,801740.SI:通用航空
159225.SZ,现金流ETF银华,980092.CNI,自由现金流,,,non-industry:broad,自由现金流
159975.SZ,深100ETF招商,399330.SZ,深证100,,,non-industry:broad,深证100
520810.SH,港股通红利ETF易方达,930914.CSI,港股通高股息(HKD),,,non-industry:broad,红利
515190.SH,中证500ETF中银证券,000905.SH,中证500,,,non-industry:broad,中证500
510040.SH,上证180ETF鹏华,000010.SH,上证180,,,non-industry:broad,上证180
516390.SH,新能源车ETF汇添富,930997.CSI,新能源车,801880.SI,汽车,matched,801880.SI:新能源车
588520.SH,科创增强ETF永赢,000681.SH,科创价格,,,non-industry:broad,科创价格
159219.SZ,深证100ETF融通,399330.SZ,深证100,,,non-industry:broad,深证100
563990.SH,800现金流ETF富国,932368.CSI,800现金流,,,non-industry:broad,800现金流
159576.SZ,深证100ETF广发,399330.SZ,深证100,,,non-industry:broad,深证100
561000.SH,沪深300增强ETF华安,000300.SH,沪深300,,,non-industry:broad,沪深300
510590.SH,中证500ETF平安,000905.SH,中证500,,,non-industry:broad,中证500
159130.SZ,恒生生物科技ETF鹏华,HSBIO.HI,恒生生物科技,,,non-industry:overseas,恒生
159960.SZ,恒生中国企业ETF平安,HSCEI.HI,恒生中国企业指数,,,non-industry:overseas,恒生
159287.SZ,创业板综ETF博时,399102.SZ,创业板综,,,non-industry:broad,创业板综
560290.SH,有色ETF景顺,931892.CSI,有色矿业,801050.SI,有色金属,matched,801050.SI:有色矿业
515680.SH,央企创新ETF嘉实,000861.CSI,央企创新,,,non-industry:broad,央企创新
512770.SH,战略新兴ETF华夏,000171.CSI,新兴成指,,,non-industry:broad,新兴成指
159216.SZ,深证100ETF大成,399330.SZ,深证100,,,non-industry:broad,深证100
159795.SZ,智能汽车ETF汇添富,930721.CSI,CS智汽车,801880.SI,汽车,matched,801880.SI:智能汽车
563700.SH,红利价值ETF易方达,h30270.CSI,红利价值,,,non-industry:broad,红利
520850.SH,港股通医疗ETF易方达,932069.CSI,港股通医疗主题,,,non-industry:overseas,港股
159171.SZ,工业有色ETF博时,h11059.CSI,工业有色,801050.SI,有色金属,matched,801050.SI:有色
159026.SZ,石油ETF南方,399439.SZ,国证油气,801960.SI,石油石化,matched,801960.SI:石油
560870.SH,工业有色ETF中银,h11059.CSI,工业有色,801050.SI,有色金属,matched,801050.SI:有色
560180.SH,沪深300ESGETF南方,931463.CSI,300 ESG,,,non-industry:broad,沪深300
159863.SZ,光伏ETF鹏华,931151.CSI,光伏产业,801730.SI,电力设备,matched,801730.SI:光伏
512550.SH,富时A50ETF嘉实,830009.XI,富时中国A50,,,non-industry:broad,富时
159280.SZ,港股通互联网ETF汇添富,987022.CNI,港股通互联网,,,non-industry:overseas,港股
159631.SZ,A100ETF招商,000903.SH,中证A100,,,non-industry:broad,中证A100
516590.SH,智能汽车ETF易方达,h11052.CSI,智能电车,801880.SI,汽车,matched,801880.SI:智能电车
159298.SZ,创业板50ETF大成,399673.SZ,创业板50,,,non-industry:broad,创业板50
159889.SZ,智能汽车ETF国泰,930721.CSI,CS智汽车,801880.SI,汽车,matched,801880.SI:智能汽车
563050.SH,央企科技ETF易方达,932038.CSI,央企科技引领,,,non-industry:broad,央企科技引领
516300.SH,中证1000ETF华泰柏瑞,000852.SH,中证1000,,,non-industry:broad,中证100
159843.SZ,食品饮料ETF招商,399396.SZ,国证食品,801120.SI,食品饮料,matched,801120.SI:食品饮料
159013.SZ,工业互联网ETF大成,931495.CSI,工业互联,801750.SI,计算机,matched,801750.SI:工业互联
562860.SH,疫苗ETF嘉实,931992.CSI,疫苗生物,801150.SI,医药生物,matched,801150.SI:生物
512530.SH,沪深300红利ETF建信,000821.CSI,沪深300红利,,,non-industry:broad,沪深300
561750.SH,A50ETF博时,930050.CSI,中证A50,,,non-industry:broad,中证A50
159276.SZ,现金流ETF汇添富,980092.CNI,自由现金流,,,non-industry:broad,自由现金流
562870.SH,证券ETF嘉实,399975.SZ,证券公司,801790.SI,非银金融,matched,801790.SI:证券公司
510990.SH,180ESGETF工银,931088.CSI,180ESG,,,non-industry:broad,ESG
563180.SH,高股息ETF银华,h30366.CSI,高息策略,,,non-industry:broad,高股息
159312.SZ,恒指港股通ETF广发,HSISC.HI,恒指港股通,,,non-industry:overseas,港股
563930.SH,上证增强ETF招商,000001.SH,上证指数,,,non-industry:broad,上证指数
510810.SH,上海国企ETF汇添富,950096.CSI,上海国企,,,non-industry:broad,上海国企
159122.SZ,创业板新能源ETF富国,399266.SZ,创新能源,801730.SI,电力设备,matched,801730.SI:新能源
159712.SZ,港股通50ETF国泰,930931.CSI,港股通50(HKD),,,non-industry:overseas,港股
516790.SH,医疗ETF华泰柏瑞,h30178.CSI,医疗保健,801150.SI,医药生物,matched,801150.SI:医疗
560250.SH,红利质量ETF富国,932315.CSI,中证红利质量,,,non-industry:broad,中证红利
589700.SH,科创成长ETF南方,000690.SH,科创成长,,,non-industry:broad,科创成长
159163.SZ,有色ETF泰康,931892.CSI,有色矿业,801050.SI,有色金属,matched,801050.SI:有色矿业
159822.SZ,新经济ETF银华,SPNCSCHN.SPI,标普中国新经济行业,,,non-industry:overseas,标普
530300.SH,上证180ETF华泰柏瑞,000010.SH,上证180,,,non-industry:broad,上证180
159776.SZ,港股医药ETF银华,930965.CSI,港股通医药C,,,non-industry:overseas,港股
526010.SH,港股通医疗ETF汇添富,932069.CSI,港股通医疗主题,,,non-industry:overseas,港股
159661.SZ,A100ETF嘉实,000903.SH,中证A100,,,non-industry:broad,中证A100
159728.SZ,在线消费ETF南方,399361.SZ,在线消费,,,non-industry:broad,在线消费
520730.SH,港股通汽车ETF万家,HSSCAM.HI,恒生港股通汽车主题,,,non-industry:overseas,港股
159620.SZ,中证500成长ETF华夏,931590.CSI,500成长创新,,,non-industry:broad,中证500
159376.SZ,A500ETF浦银,000510.SH,中证A500,,,non-industry:broad,中证A50
530380.SH,上证380ETF易方达,000009.SH,上证380,,,non-industry:broad,上证380
562580.SH,可选消费ETF华夏,000989.SH,全指可选,,,non-industry:broad,全指可选
159961.SZ,深100ETF方正富邦,399330.SZ,深证100,,,non-industry:broad,深证100
159277.SZ,港股通红利ETF富国,930914.CSI,港股通高股息(HKD),,,non-industry:broad,红利
560360.SH,软件ETF万家,930601.CSI,中证软件,801750.SI,计算机,matched,801750.SI:软件
563090.SH,上证50增强ETF易方达,000016.SH,上证50,,,non-industry:broad,上证50
561190.SH,碳中和ETF富国,931755.CSI,SEEE碳中和,,,non-industry:broad,SEEE碳中和
589950.SH,科创100ETF富国,000698.SH,科创100,,,non-industry:broad,科创100
517660.SH,物联网ETF天弘,931575.CSI,SHS物联网,801750.SI,计算机,matched,801750.SI:物联网
516760.SH,养殖ETF平安,930707.CSI,中证畜牧,801010.SI,农林牧渔,matched,801010.SI:畜牧
512600.SH,消费ETF嘉实,000932.SH,800消费,,,non-industry:broad,800消费
512730.SH,银行ETF鹏华,399986.SZ,中证银行,801780.SI,银行,matched,801780.SI:银行
560260.SH,医疗ETF广发,399989.SZ,中证医疗,801150.SI,医药生物,matched,801150.SI:医疗
562530.SH,中证1000价值ETF华夏,931588.CSI,1000价值稳健,,,non-industry:broad,中证100
511960.SH,货币ETF嘉实,,,,,no-track-info,
510370.SH,沪深300ETF兴业,000300.SH,沪深300,,,non-industry:broad,沪深300
159613.SZ,信息安全ETF嘉实,399994.SZ,信息安全,801750.SI,计算机,matched,801750.SI:信息安全
159824.SZ,新能源车ETF博时,399976.SZ,CS新能车,801880.SI,汽车,matched,801880.SI:新能源车
159589.SZ,红利ETF广发,000922.CSI,中证红利,,,non-industry:broad,中证红利
561260.SH,能源ETF工银,932037.CSI,央企现代能源,,,non-industry:broad,央企现代能源
588260.SH,科创信息ETF华安,000682.SH,科创信息,,,non-industry:broad,科创信息
530100.SH,上证580ETF易方达,950580.CSI,上证580,,,non-industry:broad,上证580
512450.SH,畜牧养殖ETF广发,931946.CSI,畜牧养殖,801010.SI,农林牧渔,matched,801010.SI:畜牧
516360.SH,新材料ETF华宝,h30597.CSI,新材料,801030.SI,基础化工,matched,801030.SI:新材料
560160.SH,食品ETF易方达,h30192.CSI,食品,801120.SI,食品饮料,matched,801120.SI:食品
159685.SZ,1000增强ETF天弘,000852.SH,中证1000,,,non-industry:broad,中证100
560070.SH,央企红利ETF汇添富,932039.CSI,央企股东回报,,,non-industry:broad,红利
512650.SH,长三角ETF汇添富,931141.CSI,CS长三角,,,non-industry:broad,CS长三角
159964.SZ,创业板ETF平安,399006.SZ,创业板指,,,non-industry:broad,创业板指
588070.SH,科创成长ETF万家,000690.SH,科创成长,,,non-industry:broad,科创成长
159662.SZ,交运ETF南方,399433.SZ,国证交运,801170.SI,交通运输,matched,801170.SI:国证交运
510270.SH,国企ETF中银,000056.SH,上证国企,,,non-industry:broad,上证国企
159517.SZ,中证800增强ETF银华,000906.SH,中证800,,,non-industry:broad,中证800
510680.SH,上证50ETF万家,000016.SH,上证50,,,non-industry:broad,上证50
515760.SH,浙江国资ETF华夏,931372.CSI,浙江国资,,,non-industry:broad,浙江国资
589300.SH,科创综指ETF嘉实,000680.SH,科创综指,,,non-industry:broad,科创综指
159679.SZ,中证1000增强ETF国泰,000852.SH,中证1000,,,non-industry:broad,中证100
159371.SZ,创业板50ETF富国,399673.SZ,创业板50,,,non-industry:broad,创业板50
520610.SH,港股红利低波ETF银华,SPAHLVHP.SPI,标普港股通低波红利指数(港币),,,non-industry:broad,红利
159512.SZ,汽车ETF广发,931008.CSI,汽车指数,801880.SI,汽车,matched,801880.SI:汽车
159020.SZ,养殖ETF易方达,931946.CSI,畜牧养殖,801010.SI,农林牧渔,matched,801010.SI:畜牧
159542.SZ,工程机械ETF大成,931752.CSI,工程机械主题,801890.SI,机械设备,matched,801890.SI:工程机械
159336.SZ,央企红利ETF融通,931132.CSI,诚通央企红利,,,non-industry:broad,红利
159886.SZ,机械ETF富国,000812.CSI,细分机械,801890.SI,机械设备,matched,801890.SI:机械
563620.SH,全指现金流ETF兴业,932365.CSI,中证现金流,,,non-industry:broad,中证现金流
159106.SZ,民企300ETF前海开源,931265.CSI,民企300,,,non-industry:broad,民企300
159535.SZ,中证2000ETF嘉实,932000.CSI,中证2000,,,non-industry:broad,中证2000
588350.SH,科创创业50ETF鹏扬,931643.CSI,科创创业50,,,non-industry:broad,科创创业50
510030.SH,价值ETF华宝,000029.SH,180价值,,,non-industry:broad,180价值
159156.SZ,电池ETF万家,980032.CNI,新能电池,801730.SI,电力设备,matched,801730.SI:电池
562520.SH,中证1000成长ETF华夏,931591.CSI,1000成长创新,,,non-industry:broad,中证100
562030.SH,信创ETF华宝,931247.CSI,中证信创,801750.SI,计算机,matched,801750.SI:信创
589550.SH,科创价值ETF华夏,950228.SH,智选科创价值50,,,non-industry:broad,创价值
159021.SZ,大盘价值ETF华夏,399373.SZ,大盘价值,,,non-industry:broad,大盘价值
588660.SH,科创创业50ETF兴银,931643.CSI,科创创业50,,,non-industry:broad,科创创业50
159331.SZ,红利港股ETF国泰,930914.CSI,港股通高股息(HKD),,,non-industry:broad,红利
159166.SZ,现金流ETF长城,980092.CNI,自由现金流,,,non-industry:broad,自由现金流
589980.SH,科创100ETF汇添富,000698.SH,科创100,,,non-industry:broad,科创100
560420.SH,食品ETF前海开源,h30192.CSI,食品,801120.SI,食品饮料,matched,801120.SI:食品
159719.SZ,国企ETF平安,GPCCH003.FI,富时中国国企开放共赢,,,non-industry:broad,富时
159143.SZ,港股通央企红利ETF平安,HSSCSOY.HI,恒生港股通中国央企红利,,,non-industry:broad,红利
159288.SZ,创业板综ETF银华,399102.SZ,创业板综,,,non-industry:broad,创业板综
588840.SH,科创50ETF万家,000688.SH,科创50,,,non-industry:broad,科创50
563150.SH,油气ETF银华,931248.CSI,油气资源,801960.SI,石油石化,matched,801960.SI:油气
159186.SZ,港股通汽车ETF鹏华,HSSCAM.HI,恒生港股通汽车主题,,,non-industry:overseas,港股
563830.SH,全指现金流ETF博时,932365.CSI,中证现金流,,,non-industry:broad,中证现金流
159639.SZ,碳中和ETF南方,931755.CSI,SEEE碳中和,,,non-industry:broad,SEEE碳中和
159505.SZ,国证2000ETF博时,399303.SZ,国证2000,,,non-industry:broad,国证2000
159550.SZ,互联网ETF东财,930625.CSI,SHS互联网,801750.SI,计算机,matched,801750.SI:SHS互联网
510600.SH,上证50ETF申万菱信,000016.SH,上证50,,,non-industry:broad,上证50
516980.SH,证券先锋ETF华富,931402.CSI,证券先锋,801790.SI,非银金融,matched,801790.SI:证券
159017.SZ,石油ETF工银,399439.SZ,国证油气,801960.SI,石油石化,matched,801960.SI:石油
159383.SZ,创业板50ETF华泰柏瑞,399673.SZ,创业板50,,,non-industry:broad,创业板50
159543.SZ,国证2000ETF工银,399303.SZ,国证2000,,,non-industry:broad,国证2000
159295.SZ,创业综指ETF西部利得,399102.SZ,创业板综,,,non-industry:broad,创业板综
159145.SZ,工业软件ETF广发,980034.CNI,工业软件,801750.SI,计算机,matched,801750.SI:软件
159848.SZ,证券ETF国联安,399975.SZ,证券公司,801790.SI,非银金融,matched,801790.SI:证券公司
159136.SZ,A50ETF广发,930050.CSI,中证A50,,,non-industry:broad,中证A50
589060.SH,科创综指ETF东财,000681.SH,科创价格,,,non-industry:broad,科创综指
159211.SZ,深证100ETF富国,399330.SZ,深证100,,,non-industry:broad,深证100
159827.SZ,农业ETF银华,000949.CSI,中证农业,801010.SI,农林牧渔,matched,801010.SI:农业
560750.SH,A500ETF申万菱信,000510.SH,中证A500,,,non-industry:broad,中证A50
512030.SH,中证A50增强ETF易方达,930050.CSI,中证A50,,,non-industry:broad,中证A50
560410.SH,电池ETF鹏华,931719.CSI,CS电池,801730.SI,电力设备,matched,801730.SI:电池
159619.SZ,基建ETF国泰,930608.CSI,中证基建,801720.SI,建筑装饰,matched,801720.SI:基建
513620.SH,港股医疗ETF银华,932069.CSI,港股通医疗主题,,,non-industry:overseas,港股
561900.SH,沪深300ESGETF招商,931463.CSI,300 ESG,,,non-industry:broad,沪深300
516710.SH,新材料ETF华夏,h30597.CSI,新材料,801030.SI,基础化工,matched,801030.SI:新材料
516840.SH,汽车ETF南方,931008.CSI,汽车指数,801880.SI,汽车,matched,801880.SI:汽车
515200.SH,创新100ETF申万菱信,931159.CSI,创新100,,,non-industry:broad,创新100
159290.SZ,创业板综指增强ETF东财,399102.SZ,创业板综,,,non-industry:broad,创业板综
516830.SH,沪深300ESGETF富国,931463.CSI,300 ESG,,,non-industry:broad,沪深300
517050.SH,互联网ETF华泰柏瑞,930625.CSI,SHS互联网,801750.SI,计算机,matched,801750.SI:SHS互联网
159549.SZ,红利低波ETF天弘,930955.CSI,红利低波100,,,non-industry:broad,红利
159641.SZ,碳中和ETF招商,931755.CSI,SEEE碳中和,,,non-industry:broad,SEEE碳中和
510200.SH,上证券商ETF汇安,950105.CSI,上证证券,801790.SI,非银金融,matched,801790.SI:证券
159199.SZ,石油ETF平安,399439.SZ,国证油气,801960.SI,石油石化,matched,801960.SI:石油
589270.SH,科创100ETF前海开源,000698.SH,科创100,,,non-industry:broad,科创100
159777.SZ,创科技ETF国联安,399276.SZ,创科技,,,non-industry:broad,创科技
159335.SZ,央企科创ETF融通,932052.CSI,央企科技创新,,,non-industry:broad,央企科技创新
512750.SH,基本面50ETF嘉实,000925.CSI,基本面50,,,non-industry:broad,基本面50
159245.SZ,港股通消费ETF富国,987024.CNI,港股通消费,,,non-industry:overseas,港股
159515.SZ,国企红利ETF鹏扬,000824.CSI,中证国企红利,,,non-industry:broad,红利
159355.SZ,800红利低波ETF华宝,931848.CSI,800红利低波,,,non-industry:broad,红利
159730.SZ,家电ETF博时,980028.CNI,龙头家电,801110.SI,家用电器,matched,801110.SI:家电
511650.SH,货币ETF华夏,,,,,no-track-info,
512060.SH,A100ETF天弘,000903.SH,中证A100,,,non-industry:broad,中证A100
561500.SH,漂亮50ETF华泰柏瑞,931526.CSI,企业核心竞争力50,,,non-industry:broad,企业核心竞争力50
530050.SH,上证50ETF东财,000016.SH,上证50,,,non-industry:broad,上证50
159797.SZ,医疗器械ETF汇添富,h30217.CSI,医疗器械,801150.SI,医药生物,matched,801150.SI:医疗器械
517550.SH,沪港深消费龙头ETF招商,931663.CSI,SHS消费龙头,,,non-industry:broad,消费龙头
561060.SH,国企红利ETF华安,000824.CSI,中证国企红利,,,non-industry:broad,红利
589780.SH,科创200ETF富国,000699.SH,科创200,,,non-industry:broad,科创200
159575.SZ,创业板200ETF银华,399019.SZ,创业200,,,non-industry:broad,创业200
512250.SH,A50ETF招商,930050.CSI,中证A50,,,non-industry:broad,中证A50
159118.SZ,港股通红利低波ETF华夏,SPAHLVHP.SPI,标普港股通低波红利指数(港币),,,non-industry:broad,红利
515660.SH,沪深300ETF国联安,000300.SH,沪深300,,,non-industry:broad,沪深300
515350.SH,沪深300ETF民生加银,000300.SH,沪深300,,,non-industry:broad,沪深300
511920.SH,货币ETF广发,,,,,no-track-info,
159132.SZ,恒生生物科技ETF富国,HSBIO.HI,恒生生物科技,,,non-industry:overseas,恒生
159643.SZ,疫苗ETF国泰,980015.CNI,疫苗生科,801150.SI,医药生物,matched,801150.SI:疫苗
563060.SH,央企50ETF易方达,931823.CSI,国资央企50,,,non-industry:broad,国资央企50
516560.SH,养老ETF华宝,399812.SZ,养老产业,,,non-industry:broad,养老产业
562380.SH,央企科技ETF银华,932038.CSI,央企科技引领,,,non-industry:broad,央企科技引领
510390.SH,沪深300ETF平安,000300.SH,沪深300,,,non-industry:broad,沪深300
159836.SZ,创业板300ETF天弘,399012.SZ,创业300,,,non-industry:broad,创业300
159306.SZ,汽车零部件ETF平安,931230.CSI,汽车零部件,801880.SI,汽车,matched,801880.SI:汽车零部件
159117.SZ,港股通红利低波ETF鹏华,SPAHLVHP.SPI,标普港股通低波红利指数(港币),,,non-industry:broad,红利
159973.SZ,民企ETF弘毅远方,399362.SZ,民企100,,,non-industry:broad,民企100
560370.SH,红利质量ETF易方达,932315.CSI,中证红利质量,,,non-industry:broad,中证红利
516260.SH,物联网ETF华夏,930712.CSI,CS物联网,801750.SI,计算机,matched,801750.SI:物联网
159028.SZ,港股汽车ETF天弘,HSSCAM.HI,恒生港股通汽车主题,,,non-industry:overseas,港股
517010.SH,沪港深500ETF易方达,h30455.CSI,沪港深500,,,non-industry:overseas,沪港深500
159862.SZ,食品饮料ETF银华,000815.CSI,细分食品,801120.SI,食品饮料,matched,801120.SI:食品饮料
159935.SZ,中证500ETF景顺,000905.SH,中证500,,,non-industry:broad,中证500
159192.SZ,家电ETF汇添富,931021.CSI,家电龙头,801110.SI,家用电器,matched,801110.SI:家电
588310.SH,科创创业ETF方正富邦,931643.CSI,科创创业50,,,non-industry:broad,科创创业50
159291.SZ,创业板综增强ETF招商,399102.SZ,创业板综,,,non-industry:broad,创业板综
159018.SZ,石油ETF广发,399439.SZ,国证油气,801960.SI,石油石化,matched,801960.SI:石油
512260.SH,中证500低波动ETF华安,930782.CSI,500SNLV,,,non-industry:broad,中证500
510670.SH,上证180ETF华夏,000010.SH,上证180,,,non-industry:broad,上证180
159618.SZ,光伏ETF华安,931151.CSI,光伏产业,801730.SI,电力设备,matched,801730.SI:光伏
159808.SZ,创100ETF融通,399006.SZ,创业板指,,,non-industry:broad,创业板指
515150.SH,一带一路ETF富国,000859.CSI,国企一带一路,,,non-industry:broad,国企一带一路
159296.SZ,A500红利低波ETF华宝,932422.CSI,A500红利低波,,,non-industry:broad,红利
516610.SH,医疗设备ETF大成,h30178.CSI,医疗保健,801150.SI,医药生物,matched,801150.SI:医疗
516900.SH,食品饮料ETF华安,000807.CSI,食品饮料,801120.SI,食品饮料,matched,801120.SI:食品饮料
561080.SH,全指现金流ETF华安,932365.CSI,中证现金流,,,non-industry:broad,中证现金流
516730.SH,证券ETF浦银,931412.CSI,证券公司30,801790.SI,非银金融,matched,801790.SI:证券公司
159856.SZ,互联网龙头ETF工银,930625.CSI,SHS互联网,801750.SI,计算机,matched,801750.SI:SHS互联网
511800.SH,易方达货币ETF,,,,,no-track-info,
560690.SH,电信ETF鹏华,931235.CSI,中证电信,801770.SI,通信,matched,801770.SI:中证电信
563690.SH,红利低波ETF永赢,h30269.CSI,红利低波,,,non-industry:broad,红利
561200.SH,中证A100ETF工银,000903.SH,中证A100,,,non-industry:broad,中证A100
159621.SZ,ESGETF国泰,721638.MI,MSCI CHINA A RMB ESG UNIVERSAL,,,non-industry:broad,MSCI
563680.SH,800现金流ETF汇添富,932368.CSI,800现金流,,,non-industry:broad,800现金流
159716.SZ,深证100ETF华宝,399330.SZ,深证100,,,non-industry:broad,深证100
159670.SZ,消费50ETF国联安,931139.CSI,CS消费50,,,non-industry:broad,CS消费50
561180.SH,A100ETF富国,000903.SH,中证A100,,,non-industry:broad,中证A100
515730.SH,家居家电ETF永赢,931241.CSI,家居家电,801110.SI,家用电器,ambiguous,801110.SI:家电;801140.SI:家居
563630.SH,A500增强ETF国联安,000510.SH,中证A500,,,non-industry:broad,中证A50
159238.SZ,沪深300增强ETF景顺,000300.SH,沪深300,,,non-industry:broad,沪深300
159370.SZ,创50ETF工银,399673.SZ,创业板50,,,non-industry:broad,创业板50
159896.SZ,物联网ETF南方,930712.CSI,CS物联网,801750.SI,计算机,matched,801750.SI:物联网
159872.SZ,智能网联汽车ETF鹏华,930725.CSI,CS车联网,801880.SI,汽车,matched,801880.SI:汽车
159271.SZ,恒生ETF鹏华,HSI.HI,恒生指数,,,non-industry:overseas,恒生
560990.SH,科技先锋ETF中金,931447.CSI,科技先锋,,,non-industry:broad,科技先锋
159895.SZ,物联网ETF易方达,930712.CSI,CS物联网,801750.SI,计算机,matched,801750.SI:物联网
516330.SH,物联网ETF华泰柏瑞,930712.CSI,CS物联网,801750.SI,计算机,matched,801750.SI:物联网
589200.SH,科创200ETF工银,000699.SH,科创200,,,non-industry:broad,科创200
520960.SH,恒指港股通ETF嘉实,HSISC.HI,恒指港股通,,,non-industry:overseas,港股
563960.SH,300质量ETF兴全,932431.CSI,300质量,,,non-industry:broad,300质量
159810.SZ,创业板ETF浦银,399006.SZ,创业板指,,,non-industry:broad,创业板指
517100.SH,沪港深500ETF富国,h30455.CSI,沪港深500,,,non-industry:overseas,沪港深500
560310.SH,光伏ETF博时,931151.CSI,光伏产业,801730.SI,电力设备,matched,801730.SI:光伏
159292.SZ,创业板综增强ETF华宝,399102.SZ,创业板综,,,non-industry:broad,创业板综
510130.SH,上证中盘ETF易方达,000044.SH,上证中盘,,,non-industry:broad,上证中盘
159791.SZ,300ESGETF华夏,931463.CSI,300 ESG,,,non-industry:broad,ESG
159723.SZ,科技龙头ETF汇添富,931524.CSI,SHS科技龙头,,,non-industry:broad,科技龙头
512640.SH,金融地产ETF嘉实,000934.SH,800金地,801180.SI,房地产,matched,801180.SI:地产
159778.SZ,工业互联网ETF鹏华,931495.CSI,工业互联,801750.SI,计算机,matched,801750.SI:工业互联
516660.SH,新能源车ETF华安,399976.SZ,CS新能车,801880.SI,汽车,matched,801880.SI:新能源车
159885.SZ,碳中和ETF鹏华,000977.CSI,内地低碳,,,non-industry:broad,内地低碳
159936.SZ,可选消费ETF广发,000989.SH,全指可选,,,non-industry:broad,全指可选
159717.SZ,ESGETF鹏华,399378.SZ,ESG 300,,,non-industry:broad,ESG
159533.SZ,中证2000ETF博时,932000.CSI,中证2000,,,non-industry:broad,中证2000
563670.SH,金融科技ETF鹏华,930986.CSI,金融科技,801790.SI,非银金融,matched,801790.SI:金融科技
159912.SZ,深300ETF汇添富,399007.SZ,深证300,,,non-industry:broad,深证300
517200.SH,互联网ETF嘉实,930625.CSI,SHS互联网,801750.SI,计算机,matched,801750.SI:SHS互联网
588670.SH,科创综指增强ETF嘉实,000680.SH,科创综指,,,non-industry:broad,科创综指
159318.SZ,恒指港股通ETF银华,HSISC.HI,恒指港股通,,,non-industry:overseas,港股
560500.SH,500质量成长ETF鹏扬,930939.CSI,500质量成长,,,non-industry:broad,500质量成长
510800.SH,上证50ETF建信,000016.SH,上证50,,,non-industry:broad,上证50
530880.SH,红利国企ETF银河,000151.SH,上国红利,,,non-industry:broad,红利
560020.SH,红利ETF汇添富,000922.CSI,中证红利,,,non-industry:broad,中证红利
159720.SZ,智能车ETF泰康,h11052.CSI,智能电车,801880.SI,汽车,matched,801880.SI:智能电车
159721.SZ,深证100ETF永赢,399330.SZ,深证100,,,non-industry:broad,深证100
159289.SZ,创业板综指ETF鹏华,399102.SZ,创业板综,,,non-industry:broad,创业板综
516380.SH,智能电动车ETF华宝,h11052.CSI,智能电车,801880.SI,汽车,matched,801880.SI:智能电车
563980.SH,800红利低波ETF鑫元,931848.CSI,800红利低波,,,non-industry:broad,红利
159701.SZ,物联网ETF招商,930712.CSI,CS物联网,801750.SI,计算机,matched,801750.SI:物联网
588980.SH,科创100ETF广发,000698.SH,科创100,,,non-industry:broad,科创100
563030.SH,中证500增强ETF易方达,000905.SH,中证500,,,non-industry:broad,中证500
510570.SH,中证500ETF兴业,000905.SH,中证500,,,non-industry:broad,中证500
159672.SZ,消费ETF博时,000932.SH,800消费,,,non-industry:broad,800消费
560190.SH,公用事业ETF鹏华,000995.CSI,全指公用,801160.SI,公用事业,matched,801160.SI:公用事业
159528.SZ,国企改革ETF富国,399974.SZ,国企改革,,,non-industry:broad,国企改革
159510.SZ,沪深300价值ETF华夏,931586.CSI,300价值稳健,,,non-industry:broad,沪深300
589050.SH,科创综指ETF兴业,000681.SH,科创价格,,,non-industry:broad,科创综指
560560.SH,碳中和ETF泰康,000977.CSI,内地低碳,,,non-industry:broad,内地低碳
563850.SH,食品ETF广发,h30192.CSI,食品,801120.SI,食品饮料,matched,801120.SI:食品
510550.SH,中证500ETF方正富邦,000905.SH,中证500,,,non-industry:broad,中证500
159849.SZ,生物科技ETF招商,930743.CSI,中证生科,801150.SI,医药生物,matched,801150.SI:生物
159640.SZ,碳中和龙头ETF工银,931755.CSI,SEEE碳中和,,,non-industry:broad,SEEE碳中和
516890.SH,新材料ETF平安,h30597.CSI,新材料,801030.SI,基础化工,matched,801030.SI:新材料
517880.SH,品牌消费ETF华泰柏瑞,931404.CSI,SHS品牌消费50,,,non-industry:broad,SHS品牌消费50
512430.SH,家居家电ETF华泰柏瑞,931241.CSI,家居家电,801110.SI,家用电器,ambiguous,801110.SI:家电;801140.SI:家居
515160.SH,MSCI中国ETF招商,716567.CSI,MSCI中国A股国际通实时(人民币),,,non-industry:broad,MSCI
511820.SH,鹏华添利ETF,,,,,no-track-info,
159328.SZ,家电ETF易方达,931021.CSI,家电龙头,801110.SI,家用电器,matched,801110.SI:家电
159253.SZ,银行ETF博时,399986.SZ,中证银行,801780.SI,银行,matched,801780.SI:银行
516960.SH,机械ETF国泰,000812.CSI,细分机械,801890.SI,机械设备,matched,801890.SI:机械
159940.SZ,金融地产ETF广发,000992.SH,金融地产,801180.SI,房地产,matched,801180.SI:地产
520520.SH,恒生消费ETF华泰柏瑞,HSCGSI.HI,恒生消费,,,non-industry:overseas,恒生
510560.SH,中证500ETF国寿,000905.SH,中证500,,,non-industry:broad,中证500
159954.SZ,恒生中国企业ETF南方,HSCEI.HI,恒生中国企业指数,,,non-industry:overseas,恒生
159508.SZ,生物医药ETF华安,399441.SZ,生物医药,801150.SI,医药生物,matched,801150.SI:生物医药
516580.SH,新能源ETF博时,399808.SZ,中证新能,801730.SI,电力设备,matched,801730.SI:新能源
513830.SH,港股通高股息ETF嘉实,930914.CSI,港股通高股息(HKD),,,non-industry:broad,高股息
159311.SZ,数字经济ETF易方达,931582.CSI,数字经济,801750.SI,计算机,matched,801750.SI:数字经济
516530.SH,物流ETF银华,930716.CSI,CS物流,801170.SI,交通运输,matched,801170.SI:物流
510770.SH,G60创新ETF申万菱信,950049.CSI,G60成指,,,non-industry:broad,G60成指
159787.SZ,建材ETF易方达,931009.CSI,建筑材料,801710.SI,建筑材料,matched,801710.SI:建筑材料
159821.SZ,创业板ETF中银证券,399006.SZ,创业板指,,,non-industry:broad,创业板指
561370.SH,中证2000ETF国泰,932000.CSI,中证2000,,,non-industry:broad,中证2000
517300.SH,沪港深300ETF国寿,931395.CSI,沪港深300,,,non-industry:overseas,沪港深300
530680.SH,上证180ETF兴业,000010.SH,上证180,,,non-industry:broad,上证180
530800.SH,上证180ETF银华,000010.SH,上证180,,,non-industry:broad,上证180
515910.SH,质量ETF中金,707717L.MI,MSCI中国A股国际质量指数,,,non-industry:broad,MSCI
159918.SZ,中创400ETF嘉实,399624.SZ,中创400,,,non-industry:broad,中创400
159689.SZ,消费ETF南方,000932.SH,800消费,,,non-industry:broad,800消费
159861.SZ,碳中和50ETF国泰,930614.CSI,环保50,801970.SI,环保,matched,801970.SI:环保
159188.SZ,红利100ETF景顺,SPCADMCP.SPI,标普中国A股红利100,,,non-industry:broad,红利
159365.SZ,恒指港股通ETF富国,HSISC.HI,恒指港股通,,,non-industry:overseas,港股
159556.SZ,中证2000增强ETF平安,932000.CSI,中证2000,,,non-industry:broad,中证2000
561790.SH,央企能源ETF博时,932037.CSI,央企现代能源,,,non-industry:broad,央企现代能源
159838.SZ,医药50ETF博时,931140.CSI,医药50,801150.SI,医药生物,matched,801150.SI:医药
563870.SH,通用航空ETF鹏华,931855.CSI,通用航空,801740.SI,国防军工,matched,801740.SI:通用航空
515990.SH,一带一路ETF汇添富,000859.CSI,国企一带一路,,,non-industry:broad,国企一带一路
159743.SZ,湖北ETF博时,931393.CSI,湖北指数,,,non-industry:broad,湖北指数
517080.SH,沪港深500ETF汇添富,h30455.CSI,沪港深500,,,non-industry:overseas,沪港深500
530530.SH,上证580ETF华夏,950580.CSI,上证580,,,non-industry:broad,上证580
511860.SH,货币ETF博时,,,,,no-track-info,
561960.SH,央企回报ETF招商,932039.CSI,央企股东回报,,,non-industry:broad,央企股东回报
159182.SZ,家电ETF南方,930697.CSI,家用电器,801110.SI,家用电器,matched,801110.SI:家用电器
516600.SH,消费服务ETF工银,000806.CSI,消费服务,,,non-industry:broad,消费服务
159563.SZ,创业板综ETF华夏,399102.SZ,创业板综,,,non-industry:broad,创业板综
563280.SH,A50增强ETF富国,746059.MI,MSCI中国A50互联互通,,,non-industry:broad,MSCI
510290.SH,上证380ETF南方,000009.SH,上证380,,,non-industry:broad,上证380
560590.SH,中证1000增强ETF鹏华,000852.SH,中证1000,,,non-industry:broad,中证100
510190.SH,上证50ETF华安,000016.SH,上证50,,,non-industry:broad,上证50
510710.SH,上证50ETF博时,000016.SH,上证50,,,non-industry:broad,上证50
530000.SH,上证50ETF天弘,000016.SH,上证50,,,non-industry:broad,上证50
517850.SH,张江ETF汇添富,931596.CSI,SHS张江50,,,non-industry:broad,SHS张江50
517000.SH,沪港深500ETF银华,h30455.CSI,沪港深500,,,non-industry:overseas,沪港深500
159923.SZ,中证A100ETF大成,000903.SH,中证A100,,,non-industry:broad,中证A100
510020.SH,超大盘ETF博时,000043.SH,超大盘,,,non-industry:broad,超大盘
562560.SH,信息技术ETF华夏,000993.SH,全指信息,801750.SI,计算机,matched,801750.SI:信息技术
512240.SH,A50ETF鹏华,930050.CSI,中证A50,,,non-industry:broad,中证A50
159521.SZ,国证2000ETF平安,399303.SZ,国证2000,,,non-industry:broad,国证2000
517350.SH,沪港深科技ETF广发,931524.CSI,SHS科技龙头,,,non-industry:broad,科技龙头
159657.SZ,疫苗ETF鹏华,980015.CNI,疫苗生科,801150.SI,医药生物,matched,801150.SI:疫苗
560330.SH,沪深300价值ETF申万菱信,000919.CSI,300价值,,,non-industry:broad,沪深300
159379.SZ,A500ETF融通,000510.SH,中证A500,,,non-industry:broad,中证A50
159617.SZ,中证500价值ETF华夏,931587.CSI,500价值稳健,,,non-industry:broad,中证500
515550.SH,中证500ETF国联,000905.SH,中证500,,,non-industry:broad,中证500
562390.SH,中药ETF银华,930641.CSI,中证中药,801150.SI,医药生物,matched,801150.SI:中药
560300.SH,电信ETF汇添富,931235.CSI,中证电信,801770.SI,通信,matched,801770.SI:中证电信
512990.SH,MSCIA股ETF华夏,716567.CSI,MSCI中国A股国际通实时(人民币),,,non-industry:broad,MSCI
520820.SH,恒指港股通ETF汇添富,HSISC.HI,恒指港股通,,,non-industry:overseas,港股
159645.SZ,疫苗ETF富国,980015.CNI,疫苗生科,801150.SI,医药生物,matched,801150.SI:疫苗
159553.SZ,中证2000增强ETF海富通,932000.CSI,中证2000,,,non-industry:broad,中证2000
515640.SH,家电ETF华夏,930697.CSI,家用电器,801110.SI,家用电器,matched,801110.SI:家用电器
510160.SH,产业升级ETF南方,000901.SH,小康指数,,,non-industry:broad,小康指数
510650.SH,金融地产ETF华夏,000038.SH,上证金融,801180.SI,房地产,matched,801180.SI:地产
159729.SZ,互联网ETF汇添富,930625.CSI,SHS互联网,801750.SI,计算机,matched,801750.SI:SHS互联网
159970.SZ,深100ETF工银,399330.SZ,深证100,,,non-industry:broad,深证100
516930.SH,生物科技ETF民生加银,930743.CSI,中证生科,801150.SI,医药生物,matched,801150.SI:生物
512150.SH,富时A50ETF汇安,830009.XI,富时中国A50,,,non-industry:broad,富时
560520.SH,红利低波100ETF大成,930955.CSI,红利低波100,,,non-industry:broad,红利
512160.SH,MSCI中国A股ETF南方,716567.CSI,MSCI中国A股国际通实时(人民币),,,non-industry:broad,MSCI
510380.SH,沪深300ETF国寿,000300.SH,沪深300,,,non-industry:broad,沪深300
159630.SZ,A100ETF汇添富,000903.SH,中证A100,,,non-industry:broad,中证A100
512190.SH,浙商之江凤凰ETF,930758.CSI,凤凰50,,,non-industry:broad,凤凰50
159332.SZ,央企红利ETF富国,000825.CSI,中证央企红利,,,non-industry:broad,红利
562010.SH,绿色能源ETF华宝,931733.CSI,绿色能源,801730.SI,电力设备,matched,801730.SI:绿色能源
563600.SH,A500增强ETF易方达,000510.SH,中证A500,,,non-industry:broad,中证A50
588690.SH,科创增强ETF银华,000680.SH,科创综指,,,non-industry:broad,科创综指
159877.SZ,医疗ETF南方,h30178.CSI,医疗保健,801150.SI,医药生物,matched,801150.SI:医疗
560130.SH,食品ETF鹏华,h30192.CSI,食品,801120.SI,食品饮料,matched,801120.SI:食品
589580.SH,科创综指ETF兴银,000681.SH,科创价格,,,non-industry:broad,科创综指
561780.SH,1000增强ETF博时,000852.SH,中证1000,,,non-industry:broad,中证100
560060.SH,碳中和ETF汇添富,931755.CSI,SEEE碳中和,,,non-industry:broad,SEEE碳中和
561510.SH,中药ETF华泰柏瑞,930641.CSI,中证中药,801150.SI,医药生物,matched,801150.SI:中药
515360.SH,沪深300ETF方正富邦,000300.SH,沪深300,,,non-industry:broad,沪深300
512970.SH,大湾区ETF平安,931000.CSI,大湾区,,,non-industry:broad,大湾区
515090.SH,可持续发展ETF博时,931268.CSI,持续发展,,,non-industry:broad,持续发展
517990.SH,沪港深医药ETF招商,h30463.CSI,沪港深500医药,,,non-industry:overseas,沪港深500
159709.SZ,物联网ETF工银,399285.SZ,物联网50,801750.SI,计算机,matched,801750.SI:物联网
159800.SZ,中证800ETF鹏华,000906.SH,中证800,,,non-industry:broad,中证800
159571.SZ,创业板200ETF富国,399019.SZ,创业200,,,non-industry:broad,创业200
159391.SZ,大盘价值ETF博时,399373.SZ,大盘价值,,,non-industry:broad,大盘价值
560810.SH,央企ESGETF融通,931243.CSI,诚通央企ESG,,,non-industry:broad,ESG
159240.SZ,A500增强ETF天弘,000510.SH,中证A500,,,non-industry:broad,中证A50
159804.SZ,创中盘88ETF国寿,399291.SZ,创精选88,,,non-industry:broad,创精选88
517030.SH,沪港深300ETF易方达,931395.CSI,沪港深300,,,non-industry:overseas,沪港深300
562300.SH,碳中和ETF银华,000977.CSI,内地低碳,,,non-industry:broad,内地低碳
159959.SZ,央企ETF银华,000860.CSI,结构调整,,,non-industry:broad,结构调整
512520.SH,MSCI中国ETF华泰柏瑞,716567L.MI,MSCI中国A股国际通(人民币),,,non-industry:broad,MSCI
159793.SZ,线上消费ETF平安,931481.CSI,SHS线上消费,,,non-industry:broad,线上消费
159760.SZ,医疗健康ETF泰康,980016.CNI,医疗健康,801150.SI,医药生物,matched,801150.SI:医疗
560550.SH,碳中和ETF广发,931755.CSI,SEEE碳中和,,,non-industry:broad,SEEE碳中和
562330.SH,中证500价值ETF银华,h30352.CSI,中证500价值,,,non-industry:broad,中证500
561320.SH,交运ETF国泰,000945.CSI,内地运输,801170.SI,交通运输,matched,801170.SI:运输
517330.SH,长江保护ETF易方达,931554.CSI,长江保护,,,non-industry:broad,长江保护
511600.SH,华安日日鑫ETF,,,,,no-track-info,
560620.SH,公用事业ETF万家,000995.CSI,全指公用,801160.SI,公用事业,matched,801160.SI:公用事业
560950.SH,中证500增强ETF汇添富,000905.SH,中证500,,,non-industry:broad,中证500
159578.SZ,深证主板50ETF南方,399750.SZ,深主板50,,,non-industry:broad,深主板50
159203.SZ,大盘成长ETF博时,399372.SZ,大盘成长,,,non-industry:broad,大盘成长
510060.SH,央企ETF工银,000042.SH,上证央企,,,non-industry:broad,上证央企
560650.SH,核心50ETF民生加银,931526.CSI,企业核心竞争力50,,,non-industry:broad,企业核心竞争力50
563890.SH,国企红利ETF创金合信,000824.CSI,中证国企红利,,,non-industry:broad,红利
511910.SH,融通货币ETF,,,,,no-track-info,
561920.SH,疫苗ETF招商,931992.CSI,疫苗生物,801150.SI,医药生物,matched,801150.SI:生物
515590.SH,500等权ETF前海开源,000982.SH,500等权,,,non-industry:broad,等权
159974.SZ,央企创新ETF富国,000861.CSI,央企创新,,,non-industry:broad,央企创新
159976.SZ,湾创ETF工银,980001.CNI,湾创100(CNI),,,non-industry:broad,湾创100
561680.SH,A500红利低波ETF平安,932422.CSI,A500红利低波,,,non-industry:broad,红利
510010.SH,180治理ETF交银,000021.SH,180治理,,,non-industry:broad,180治理
517170.SH,沪港深500ETF华夏,h30455.CSI,沪港深500,,,non-industry:overseas,沪港深500
511950.SH,添利货币ETF广发,,,,,no-track-info,
511770.SH,金鹰增益货币ETF,,,,,no-track-info,
159931.SZ,金融地产ETF汇添富,000934.SH,800金地,801180.SI,房地产,matched,801180.SI:地产
159965.SZ,央视50ETF国联,399550.SZ,央视50,,,non-industry:broad,央视50
159913.SZ,深价值ETF交银,399348.SZ,深证价值,,,non-industry:broad,深证价值
561770.SH,A100ETF博时,000903.SH,中证A100,,,non-industry:broad,中证A100
562340.SH,中证500成长ETF银华,930939.CSI,500质量成长,,,non-industry:broad,中证500
511670.SH,华泰天天金ETF,,,,,no-track-info,
511930.SH,货币ETF国联,,,,,no-track-info,
159642.SZ,碳中和ETF大成,931755.CSI,SEEE碳中和,,,non-industry:broad,SEEE碳中和
159933.SZ,金融地产ETF国投瑞银,000914.SH,300金融,801180.SI,房地产,matched,801180.SI:地产
563590.SH,A500红利低波动ETF国寿,932422.CSI,A500红利低波,,,non-industry:broad,红利
511980.SH,货币ETF汇添富,,,,,no-track-info,
512870.SH,杭州湾区ETF南华,931033.CSI,杭州湾区,,,non-industry:broad,杭州湾区
159228.SZ,红利低波ETF长城,930955.CSI,红利低波100,,,non-industry:broad,红利
159653.SZ,ESG300ETF国联安,399378.SZ,ESG 300,,,non-industry:broad,ESG
517360.SH,沪港深科技ETF华安,931442.CSI,SHS科技100,,,non-industry:broad,SHS科技100
511830.SH,货币ETF华泰柏瑞,,,,,no-track-info,
516720.SH,ESGETF浦银,931476.CSI,ESG120策略,,,non-industry:broad,ESG
512130.SH,全指现金流ETF鹏华,932365.CSI,中证现金流,,,non-industry:broad,中证现金流
517160.SH,长江保护ETF南方,931554.CSI,长江保护,,,non-industry:broad,长江保护
511970.SH,国寿货币ETF,,,,,no-track-info,
530280.SH,上证180ETF平安,000010.SH,上证180,,,non-industry:broad,上证180
512360.SH,MSCIA股ETF平安,704843.MI,MSCI中国A股国际(美元),,,non-industry:broad,MSCI
512180.SH,MSCIA股ETF建信,716567.CSI,MSCI中国A股国际通实时(人民币),,,non-industry:broad,MSCI
512390.SH,中国低波ETF平安,707918.MI,MSCI中国A股国际低波(美元),,,non-industry:broad,MSCI
510090.SH,责任ETF建信,000048.SH,责任指数,,,non-industry:broad,责任指数
560030.SH,800价值ETF汇添富,h30356.CSI,中证800价值,,,non-industry:broad,中证800
560820.SH,中证A50ETF新华,930050.CSI,中证A50,,,non-industry:broad,中证A50
,,,,,,no-track-info,
数据来源：Wind,,,,,,no-track-info,
