rebal_date,etf_code,sw_code,dominant_weight
2022-10-31,159608.SZ,801050.SI,0.7742288249345609
2022-10-31,159609.SZ,801730.SI,0.9122882889786601
2022-10-31,159611.SZ,801160.SI,1.0
2022-10-31,159613.SZ,801750.SI,0.8506486250230646
2022-10-31,159616.SZ,801010.SI,0.571663338223997
2022-10-31,159618.SZ,801730.SI,0.9121245114744111
2022-10-31,159619.SZ,801720.SI,0.5570088805141311
2022-10-31,159625.SZ,801160.SI,0.9966240074716144
2022-10-31,159635.SZ,801720.SI,0.5549185837847115
2022-10-31,159647.SZ,801150.SI,0.9970667335960912
2022-10-31,159703.SZ,801730.SI,0.6831728089468038
2022-10-31,159707.SZ,801180.SI,0.9958525545392237
2022-10-31,159713.SZ,801050.SI,0.6654308852630021
2022-10-31,159715.SZ,801050.SI,0.6684623726689553
2022-10-31,159730.SZ,801110.SI,0.9435800483884551
2022-10-31,159732.SZ,801080.SI,0.9406740461860216
2022-10-31,159736.SZ,801120.SI,0.999254735627178
2022-10-31,159738.SZ,801750.SI,0.5787139712024891
2022-10-31,159739.SZ,801750.SI,0.7863899304185988
2022-10-31,159745.SZ,801710.SI,0.9964815728704598
2022-10-31,159748.SZ,801150.SI,0.6312724271544814
2022-10-31,159752.SZ,801730.SI,0.7582112966679666
2022-10-31,159755.SZ,801730.SI,0.5739451352446131
2022-10-31,159757.SZ,801730.SI,0.572965609126019
2022-10-31,159760.SZ,801150.SI,1.0
2022-10-31,159761.SZ,801730.SI,0.663503239676484
2022-10-31,159763.SZ,801730.SI,0.6820000229960766
2022-10-31,159767.SZ,801730.SI,0.5629818627800728
2022-10-31,159768.SZ,801180.SI,0.9970975808806424
2022-10-31,159775.SZ,801730.SI,0.5693592172591125
2022-10-31,159779.SZ,801080.SI,0.781344229271902
2022-10-31,159786.SZ,801080.SI,0.8821681824884992
2022-10-31,159787.SZ,801710.SI,1.0
2022-10-31,159796.SZ,801730.SI,0.9359877562471979
2022-10-31,159797.SZ,801150.SI,0.8059907811242008
2022-10-31,159801.SZ,801080.SI,0.5819644770012065
2022-10-31,159805.SZ,801760.SI,0.9323318512337182
2022-10-31,159811.SZ,801080.SI,0.5574692371647008
2022-10-31,159813.SZ,801080.SI,0.5804267972603755
2022-10-31,159819.SZ,801750.SI,0.8007741155970329
2022-10-31,159825.SZ,801010.SI,0.6423489302558985
2022-10-31,159827.SZ,801010.SI,0.6450910703751445
2022-10-31,159828.SZ,801150.SI,0.8265910297296858
2022-10-31,159835.SZ,801150.SI,1.0
2022-10-31,159837.SZ,801150.SI,1.0
2022-10-31,159838.SZ,801150.SI,1.0
2022-10-31,159839.SZ,801150.SI,0.9005046427010297
2022-10-31,159840.SZ,801730.SI,0.5766860759566881
2022-10-31,159841.SZ,801790.SI,0.9981780430219973
2022-10-31,159842.SZ,801790.SI,0.9977987326701553
2022-10-31,159843.SZ,801120.SI,0.9967889391442227
2022-10-31,159847.SZ,801150.SI,0.9155086642952728
2022-10-31,159848.SZ,801790.SI,0.9986630045391359
2022-10-31,159849.SZ,801150.SI,0.9986450651450314
2022-10-31,159851.SZ,801750.SI,0.7795870859299957
2022-10-31,159852.SZ,801750.SI,0.794457593484662
2022-10-31,159855.SZ,801760.SI,0.9985124683363776
2022-10-31,159857.SZ,801730.SI,0.9096848242537668
2022-10-31,159858.SZ,801150.SI,0.9993275495681331
2022-10-31,159859.SZ,801150.SI,0.8979257987101821
2022-10-31,159861.SZ,801730.SI,0.8108037068337264
2022-10-31,159862.SZ,801120.SI,0.9993321631271225
2022-10-31,159863.SZ,801730.SI,0.9099616792114706
2022-10-31,159864.SZ,801730.SI,0.9015864252204624
2022-10-31,159865.SZ,801010.SI,0.9988052794428969
2022-10-31,159867.SZ,801010.SI,0.9963671602494991
2022-10-31,159869.SZ,801760.SI,1.0
2022-10-31,159870.SZ,801030.SI,0.5727540126211987
2022-10-31,159871.SZ,801050.SI,0.9466778371969594
2022-10-31,159873.SZ,801150.SI,0.8241423555200719
2022-10-31,159875.SZ,801730.SI,0.7937531769556034
2022-10-31,159876.SZ,801050.SI,0.9517873760802673
2022-10-31,159877.SZ,801150.SI,0.8263909214442835
2022-10-31,159880.SZ,801050.SI,0.9448384968842737
2022-10-31,159881.SZ,801050.SI,0.9753640511056241
2022-10-31,159883.SZ,801150.SI,0.8526579959838111
2022-10-31,159886.SZ,801730.SI,0.8735933769813241
2022-10-31,159887.SZ,801780.SI,0.996353335317765
2022-10-31,159890.SZ,801750.SI,0.784639432111228
2022-10-31,159891.SZ,801150.SI,0.8246982371718737
2022-10-31,159898.SZ,801150.SI,0.7955367175729932
2022-10-31,159899.SZ,801750.SI,0.8941093391302659
2022-10-31,159929.SZ,801150.SI,0.9516947220058498
2022-10-31,159930.SZ,801950.SI,0.6629709199443536
2022-10-31,159931.SZ,801780.SI,0.5012931419746924
2022-10-31,159938.SZ,801150.SI,0.9493670340144993
2022-10-31,159939.SZ,801080.SI,0.6873619404368367
2022-10-31,159940.SZ,801780.SI,0.5013897647443045
2022-10-31,159992.SZ,801150.SI,0.9997449784994807
2022-10-31,159993.SZ,801790.SI,0.9996640817093699
2022-10-31,159994.SZ,801080.SI,0.6505752780567486
2022-10-31,159995.SZ,801080.SI,0.5810111618733763
2022-10-31,159996.SZ,801110.SI,0.8861674891916549
2022-10-31,159997.SZ,801080.SI,0.7496991270333817
2022-10-31,159998.SZ,801750.SI,0.7860840518636769
2022-10-31,510200.SH,801790.SI,0.993324965749297
2022-10-31,510650.SH,801780.SI,0.6152441261567768
2022-10-31,510660.SH,801150.SI,0.9647254627749232
2022-10-31,512000.SH,801790.SI,0.9996288448691638
2022-10-31,512010.SH,801150.SI,0.9528291445457251
2022-10-31,512070.SH,801790.SI,1.0
2022-10-31,512120.SH,801150.SI,1.0
2022-10-31,512170.SH,801150.SI,0.9157674650697323
2022-10-31,512290.SH,801150.SI,0.9691911126948004
2022-10-31,512400.SH,801050.SI,0.9995176794205691
2022-10-31,512560.SH,801740.SI,0.9234186335606769
2022-10-31,512570.SH,801790.SI,1.0
2022-10-31,512580.SH,801730.SI,0.7763661880883043
2022-10-31,512640.SH,801780.SI,0.500866053067143
2022-10-31,512660.SH,801740.SI,0.9269555696632044
2022-10-31,512670.SH,801740.SI,0.8489101246793282
2022-10-31,512680.SH,801740.SI,0.9233167117676861
2022-10-31,512690.SH,801120.SI,0.9995651979281224
2022-10-31,512700.SH,801780.SI,0.9994297825041485
2022-10-31,512710.SH,801740.SI,0.9115806693194184
2022-10-31,512720.SH,801750.SI,0.7896262919288959
2022-10-31,512730.SH,801780.SI,0.9936224068089072
2022-10-31,512760.SH,801080.SI,0.7122129022849327
2022-10-31,512800.SH,801780.SI,0.9997940366753183
2022-10-31,512810.SH,801740.SI,0.9192725058581618
2022-10-31,512820.SH,801780.SI,1.0
2022-10-31,512880.SH,801790.SI,0.9999242898557246
2022-10-31,512900.SH,801790.SI,0.9995341999102672
2022-10-31,512930.SH,801750.SI,0.7875458774576055
2022-10-31,512980.SH,801760.SI,0.9337814792352401
2022-10-31,515010.SH,801790.SI,1.0
2022-10-31,515020.SH,801780.SI,1.0
2022-10-31,515050.SH,801080.SI,0.6520383096550287
2022-10-31,515070.SH,801750.SI,0.8007534206748718
2022-10-31,515120.SH,801150.SI,1.0
2022-10-31,515170.SH,801120.SI,1.0
2022-10-31,515210.SH,801040.SI,0.8540899984728576
2022-10-31,515220.SH,801950.SI,0.9991660293512763
2022-10-31,515230.SH,801750.SI,0.8910943633166296
2022-10-31,515260.SH,801080.SI,0.7498897947044783
2022-10-31,515290.SH,801780.SI,0.999633718092814
2022-10-31,515320.SH,801080.SI,0.7531868741879912
2022-10-31,515400.SH,801750.SI,0.9977356746263265
2022-10-31,515560.SH,801790.SI,0.9919701727866587
2022-10-31,515710.SH,801120.SI,0.9980815582003686
2022-10-31,515790.SH,801730.SI,0.9122274754751593
2022-10-31,515850.SH,801790.SI,0.9967242028384956
2022-10-31,515880.SH,801770.SI,0.6418389884631857
2022-10-31,515950.SH,801150.SI,0.9452219622213917
2022-10-31,515960.SH,801150.SI,0.9916034021528554
2022-10-31,515980.SH,801750.SI,0.8233414582169898
2022-10-31,516000.SH,801750.SI,1.0
2022-10-31,516010.SH,801760.SI,0.9924128311815409
2022-10-31,516020.SH,801030.SI,0.5204606630745131
2022-10-31,516060.SH,801150.SI,0.999286426278112
2022-10-31,516080.SH,801150.SI,1.0
2022-10-31,516090.SH,801730.SI,0.7975431516321991
2022-10-31,516100.SH,801750.SI,0.7833210217402725
2022-10-31,516120.SH,801030.SI,0.5714782750816035
2022-10-31,516150.SH,801050.SI,0.6654869503756818
2022-10-31,516160.SH,801730.SI,0.796975482788223
2022-10-31,516180.SH,801730.SI,0.9118217070460822
2022-10-31,516190.SH,801760.SI,0.6673633740891577
2022-10-31,516200.SH,801790.SI,1.0
2022-10-31,516210.SH,801780.SI,1.0
2022-10-31,516220.SH,801030.SI,0.5218954828636808
2022-10-31,516270.SH,801730.SI,0.7578668482348595
2022-10-31,516290.SH,801730.SI,0.9122471899454084
2022-10-31,516310.SH,801780.SI,1.0
2022-10-31,516320.SH,801730.SI,0.8678218738471317
2022-10-31,516350.SH,801080.SI,0.7164371935143644
2022-10-31,516360.SH,801730.SI,0.6820672899630267
2022-10-31,516500.SH,801150.SI,1.0
2022-10-31,516510.SH,801750.SI,0.785999043964784
2022-10-31,516530.SH,801170.SI,0.9992892258556816
2022-10-31,516580.SH,801730.SI,0.7978164267548915
2022-10-31,516610.SH,801150.SI,0.8736166369111327
2022-10-31,516620.SH,801760.SI,1.0
2022-10-31,516630.SH,801750.SI,0.7863263021541557
2022-10-31,516640.SH,801080.SI,0.7155545114459061
2022-10-31,516650.SH,801050.SI,0.9502585956978686
2022-10-31,516670.SH,801010.SI,0.9978294219794853
2022-10-31,516700.SH,801750.SI,1.0
2022-10-31,516710.SH,801730.SI,0.6832814347940974
2022-10-31,516730.SH,801790.SI,0.9999961440258964
2022-10-31,516750.SH,801710.SI,0.9997410888689925
2022-10-31,516760.SH,801010.SI,0.9992594673051901
2022-10-31,516770.SH,801760.SI,0.9986378193436753
2022-10-31,516780.SH,801050.SI,0.666618758370836
2022-10-31,516790.SH,801150.SI,0.8807014301156623
2022-10-31,516810.SH,801010.SI,0.646006280922572
2022-10-31,516820.SH,801150.SI,0.922553018543189
2022-10-31,516850.SH,801730.SI,0.7971664000234236
2022-10-31,516860.SH,801750.SI,0.7833201498358864
2022-10-31,516880.SH,801730.SI,0.9108014393492957
2022-10-31,516890.SH,801730.SI,0.6835665039055467
2022-10-31,516900.SH,801120.SI,1.0
2022-10-31,516910.SH,801170.SI,0.9996701500924341
2022-10-31,516920.SH,801080.SI,0.7183544949366973
2022-10-31,516930.SH,801150.SI,0.9974508181724147
2022-10-31,516950.SH,801720.SI,0.552941056812723
2022-10-31,516960.SH,801730.SI,0.9362562387860032
2022-10-31,516970.SH,801720.SI,1.0
2022-10-31,516980.SH,801790.SI,0.9996207490219206
2022-10-31,517110.SH,801150.SI,0.6172699290770476
2022-10-31,517120.SH,801150.SI,0.6357130612391828
2022-10-31,517390.SH,801750.SI,0.643922047610764
2022-10-31,517770.SH,801760.SI,0.5267405236276171
2022-10-31,517800.SH,801750.SI,0.5730629581427957
2022-10-31,517900.SH,801780.SI,0.7154901034927306
2022-10-31,560660.SH,801750.SI,0.8710927809089183
2022-10-31,560880.SH,801110.SI,0.9070019044132602
2022-10-31,560900.SH,801150.SI,0.9999266303327697
2022-10-31,561100.SH,801080.SI,0.78017004918335
2022-10-31,561120.SH,801110.SI,0.903790620542393
2022-10-31,561160.SH,801730.SI,0.930631000180722
2022-10-31,561310.SH,801080.SI,0.7816130870896315
2022-10-31,561510.SH,801150.SI,0.9981945288044369
2022-10-31,561560.SH,801160.SI,0.9941495491764683
2022-10-31,561600.SH,801080.SI,0.7828288839265434
2022-10-31,561700.SH,801160.SI,1.0
2022-10-31,561800.SH,801050.SI,0.7720187540414463
2022-10-31,561910.SH,801730.SI,0.9356347507268898
2022-10-31,562350.SH,801160.SI,0.999314859841789
2022-10-31,562390.SH,801150.SI,0.9968685701213172
2022-10-31,562800.SH,801050.SI,0.773528694196093
2022-10-31,562880.SH,801730.SI,0.9351859793180404
2022-10-31,562900.SH,801010.SI,0.7278681887122007
2022-10-31,562910.SH,801730.SI,0.9252942796281252
2022-10-31,562950.SH,801080.SI,0.7823408849261542
2022-11-30,159608.SZ,801050.SI,0.7742288249345609
2022-11-30,159609.SZ,801730.SI,0.9122882889786601
2022-11-30,159611.SZ,801160.SI,1.0
2022-11-30,159613.SZ,801750.SI,0.8506486250230646
2022-11-30,159616.SZ,801010.SI,0.571663338223997
2022-11-30,159618.SZ,801730.SI,0.9121245114744111
2022-11-30,159619.SZ,801720.SI,0.5570088805141311
2022-11-30,159625.SZ,801160.SI,0.9966240074716144
2022-11-30,159635.SZ,801720.SI,0.5549185837847115
2022-11-30,159647.SZ,801150.SI,0.9970667335960912
2022-11-30,159703.SZ,801730.SI,0.6831728089468038
2022-11-30,159707.SZ,801180.SI,0.9958525545392237
2022-11-30,159713.SZ,801050.SI,0.6654308852630021
2022-11-30,159715.SZ,801050.SI,0.6684623726689553
2022-11-30,159730.SZ,801110.SI,0.9435800483884551
2022-11-30,159732.SZ,801080.SI,0.9406740461860216
2022-11-30,159736.SZ,801120.SI,0.999254735627178
2022-11-30,159738.SZ,801750.SI,0.5787139712024891
2022-11-30,159739.SZ,801750.SI,0.7863899304185988
2022-11-30,159745.SZ,801710.SI,0.9964815728704598
2022-11-30,159748.SZ,801150.SI,0.6312724271544814
2022-11-30,159752.SZ,801730.SI,0.7582112966679666
2022-11-30,159755.SZ,801730.SI,0.5739451352446131
2022-11-30,159757.SZ,801730.SI,0.572965609126019
2022-11-30,159760.SZ,801150.SI,1.0
2022-11-30,159761.SZ,801730.SI,0.663503239676484
2022-11-30,159763.SZ,801730.SI,0.6820000229960766
2022-11-30,159767.SZ,801730.SI,0.5629818627800728
2022-11-30,159768.SZ,801180.SI,0.9970975808806424
2022-11-30,159775.SZ,801730.SI,0.5693592172591125
2022-11-30,159779.SZ,801080.SI,0.781344229271902
2022-11-30,159786.SZ,801080.SI,0.8821681824884992
2022-11-30,159787.SZ,801710.SI,1.0
2022-11-30,159796.SZ,801730.SI,0.9359877562471979
2022-11-30,159797.SZ,801150.SI,0.8059907811242008
2022-11-30,159801.SZ,801080.SI,0.5819644770012065
2022-11-30,159805.SZ,801760.SI,0.9323318512337182
2022-11-30,159811.SZ,801080.SI,0.5574692371647008
2022-11-30,159813.SZ,801080.SI,0.5804267972603755
2022-11-30,159819.SZ,801750.SI,0.8007741155970329
2022-11-30,159825.SZ,801010.SI,0.6423489302558985
2022-11-30,159827.SZ,801010.SI,0.6450910703751445
2022-11-30,159828.SZ,801150.SI,0.8265910297296858
2022-11-30,159835.SZ,801150.SI,1.0
2022-11-30,159837.SZ,801150.SI,1.0
2022-11-30,159838.SZ,801150.SI,1.0
2022-11-30,159839.SZ,801150.SI,0.9005046427010297
2022-11-30,159840.SZ,801730.SI,0.5766860759566881
2022-11-30,159841.SZ,801790.SI,0.9981780430219973
2022-11-30,159842.SZ,801790.SI,0.9977987326701553
2022-11-30,159843.SZ,801120.SI,0.9967889391442227
2022-11-30,159847.SZ,801150.SI,0.9155086642952728
2022-11-30,159848.SZ,801790.SI,0.9986630045391359
2022-11-30,159849.SZ,801150.SI,0.9986450651450314
2022-11-30,159851.SZ,801750.SI,0.7795870859299957
2022-11-30,159852.SZ,801750.SI,0.794457593484662
2022-11-30,159855.SZ,801760.SI,0.9985124683363776
2022-11-30,159857.SZ,801730.SI,0.9096848242537668
2022-11-30,159858.SZ,801150.SI,0.9993275495681331
2022-11-30,159859.SZ,801150.SI,0.8979257987101821
2022-11-30,159861.SZ,801730.SI,0.8108037068337264
2022-11-30,159862.SZ,801120.SI,0.9993321631271225
2022-11-30,159863.SZ,801730.SI,0.9099616792114706
2022-11-30,159864.SZ,801730.SI,0.9015864252204624
2022-11-30,159865.SZ,801010.SI,0.9988052794428969
2022-11-30,159867.SZ,801010.SI,0.9963671602494991
2022-11-30,159869.SZ,801760.SI,1.0
2022-11-30,159870.SZ,801030.SI,0.5727540126211987
2022-11-30,159871.SZ,801050.SI,0.9466778371969594
2022-11-30,159873.SZ,801150.SI,0.8241423555200719
2022-11-30,159875.SZ,801730.SI,0.7937531769556034
2022-11-30,159876.SZ,801050.SI,0.9517873760802673
2022-11-30,159877.SZ,801150.SI,0.8263909214442835
2022-11-30,159880.SZ,801050.SI,0.9448384968842737
2022-11-30,159881.SZ,801050.SI,0.9753640511056241
2022-11-30,159883.SZ,801150.SI,0.8526579959838111
2022-11-30,159886.SZ,801730.SI,0.8735933769813241
2022-11-30,159887.SZ,801780.SI,0.996353335317765
2022-11-30,159890.SZ,801750.SI,0.784639432111228
2022-11-30,159891.SZ,801150.SI,0.8246982371718737
2022-11-30,159898.SZ,801150.SI,0.7955367175729932
2022-11-30,159899.SZ,801750.SI,0.8941093391302659
2022-11-30,159929.SZ,801150.SI,0.9516947220058498
2022-11-30,159930.SZ,801950.SI,0.6629709199443536
2022-11-30,159931.SZ,801780.SI,0.5012931419746924
2022-11-30,159938.SZ,801150.SI,0.9493670340144993
2022-11-30,159939.SZ,801080.SI,0.6873619404368367
2022-11-30,159940.SZ,801780.SI,0.5013897647443045
2022-11-30,159992.SZ,801150.SI,0.9997449784994807
2022-11-30,159993.SZ,801790.SI,0.9996640817093699
2022-11-30,159994.SZ,801080.SI,0.6505752780567486
2022-11-30,159995.SZ,801080.SI,0.5810111618733763
2022-11-30,159996.SZ,801110.SI,0.8861674891916549
2022-11-30,159997.SZ,801080.SI,0.7496991270333817
2022-11-30,159998.SZ,801750.SI,0.7860840518636769
2022-11-30,510200.SH,801790.SI,0.993324965749297
2022-11-30,510650.SH,801780.SI,0.6152441261567768
2022-11-30,510660.SH,801150.SI,0.9647254627749232
2022-11-30,512000.SH,801790.SI,0.9996288448691638
2022-11-30,512010.SH,801150.SI,0.9528291445457251
2022-11-30,512070.SH,801790.SI,1.0
2022-11-30,512120.SH,801150.SI,1.0
2022-11-30,512170.SH,801150.SI,0.9157674650697323
2022-11-30,512290.SH,801150.SI,0.9691911126948004
2022-11-30,512400.SH,801050.SI,0.9995176794205691
2022-11-30,512560.SH,801740.SI,0.9234186335606769
2022-11-30,512570.SH,801790.SI,1.0
2022-11-30,512580.SH,801730.SI,0.7763661880883043
2022-11-30,512640.SH,801780.SI,0.500866053067143
2022-11-30,512660.SH,801740.SI,0.9269555696632044
2022-11-30,512670.SH,801740.SI,0.8489101246793282
2022-11-30,512680.SH,801740.SI,0.9233167117676861
2022-11-30,512690.SH,801120.SI,0.9995651979281224
2022-11-30,512700.SH,801780.SI,0.9994297825041485
2022-11-30,512710.SH,801740.SI,0.9115806693194184
2022-11-30,512720.SH,801750.SI,0.7896262919288959
2022-11-30,512730.SH,801780.SI,0.9936224068089072
2022-11-30,512760.SH,801080.SI,0.7122129022849327
2022-11-30,512800.SH,801780.SI,0.9997940366753183
2022-11-30,512810.SH,801740.SI,0.9192725058581618
2022-11-30,512820.SH,801780.SI,1.0
2022-11-30,512880.SH,801790.SI,0.9999242898557246
2022-11-30,512900.SH,801790.SI,0.9995341999102672
2022-11-30,512930.SH,801750.SI,0.7875458774576055
2022-11-30,512980.SH,801760.SI,0.9337814792352401
2022-11-30,515010.SH,801790.SI,1.0
2022-11-30,515020.SH,801780.SI,1.0
2022-11-30,515050.SH,801080.SI,0.6520383096550287
2022-11-30,515070.SH,801750.SI,0.8007534206748718
2022-11-30,515120.SH,801150.SI,1.0
2022-11-30,515170.SH,801120.SI,1.0
2022-11-30,515210.SH,801040.SI,0.8540899984728576
2022-11-30,515220.SH,801950.SI,0.9991660293512763
2022-11-30,515230.SH,801750.SI,0.8910943633166296
2022-11-30,515260.SH,801080.SI,0.7498897947044783
2022-11-30,515290.SH,801780.SI,0.999633718092814
2022-11-30,515320.SH,801080.SI,0.7531868741879912
2022-11-30,515400.SH,801750.SI,0.9977356746263265
2022-11-30,515560.SH,801790.SI,0.9919701727866587
2022-11-30,515710.SH,801120.SI,0.9980815582003686
2022-11-30,515790.SH,801730.SI,0.9122274754751593
2022-11-30,515850.SH,801790.SI,0.9967242028384956
2022-11-30,515880.SH,801770.SI,0.6418389884631857
2022-11-30,515950.SH,801150.SI,0.9452219622213917
2022-11-30,515960.SH,801150.SI,0.9916034021528554
2022-11-30,515980.SH,801750.SI,0.8233414582169898
2022-11-30,516000.SH,801750.SI,1.0
2022-11-30,516010.SH,801760.SI,0.9924128311815409
2022-11-30,516020.SH,801030.SI,0.5204606630745131
2022-11-30,516060.SH,801150.SI,0.999286426278112
2022-11-30,516080.SH,801150.SI,1.0
2022-11-30,516090.SH,801730.SI,0.7975431516321991
2022-11-30,516100.SH,801750.SI,0.7833210217402725
2022-11-30,516120.SH,801030.SI,0.5714782750816035
2022-11-30,516150.SH,801050.SI,0.6654869503756818
2022-11-30,516160.SH,801730.SI,0.796975482788223
2022-11-30,516180.SH,801730.SI,0.9118217070460822
2022-11-30,516190.SH,801760.SI,0.6673633740891577
2022-11-30,516200.SH,801790.SI,1.0
2022-11-30,516210.SH,801780.SI,1.0
2022-11-30,516220.SH,801030.SI,0.5218954828636808
2022-11-30,516270.SH,801730.SI,0.7578668482348595
2022-11-30,516290.SH,801730.SI,0.9122471899454084
2022-11-30,516310.SH,801780.SI,1.0
2022-11-30,516320.SH,801730.SI,0.8678218738471317
2022-11-30,516350.SH,801080.SI,0.7164371935143644
2022-11-30,516360.SH,801730.SI,0.6820672899630267
2022-11-30,516500.SH,801150.SI,1.0
2022-11-30,516510.SH,801750.SI,0.785999043964784
2022-11-30,516530.SH,801170.SI,0.9992892258556816
2022-11-30,516580.SH,801730.SI,0.7978164267548915
2022-11-30,516610.SH,801150.SI,0.8736166369111327
2022-11-30,516620.SH,801760.SI,1.0
2022-11-30,516630.SH,801750.SI,0.7863263021541557
2022-11-30,516640.SH,801080.SI,0.7155545114459061
2022-11-30,516650.SH,801050.SI,0.9502585956978686
2022-11-30,516670.SH,801010.SI,0.9978294219794853
2022-11-30,516700.SH,801750.SI,1.0
2022-11-30,516710.SH,801730.SI,0.6832814347940974
2022-11-30,516730.SH,801790.SI,0.9999961440258964
2022-11-30,516750.SH,801710.SI,0.9997410888689925
2022-11-30,516760.SH,801010.SI,0.9992594673051901
2022-11-30,516770.SH,801760.SI,0.9986378193436753
2022-11-30,516780.SH,801050.SI,0.666618758370836
2022-11-30,516790.SH,801150.SI,0.8807014301156623
2022-11-30,516810.SH,801010.SI,0.646006280922572
2022-11-30,516820.SH,801150.SI,0.922553018543189
2022-11-30,516850.SH,801730.SI,0.7971664000234236
2022-11-30,516860.SH,801750.SI,0.7833201498358864
2022-11-30,516880.SH,801730.SI,0.9108014393492957
2022-11-30,516890.SH,801730.SI,0.6835665039055467
2022-11-30,516900.SH,801120.SI,1.0
2022-11-30,516910.SH,801170.SI,0.9996701500924341
2022-11-30,516920.SH,801080.SI,0.7183544949366973
2022-11-30,516930.SH,801150.SI,0.9974508181724147
2022-11-30,516950.SH,801720.SI,0.552941056812723
2022-11-30,516960.SH,801730.SI,0.9362562387860032
2022-11-30,516970.SH,801720.SI,1.0
2022-11-30,516980.SH,801790.SI,0.9996207490219206
2022-11-30,517110.SH,801150.SI,0.6172699290770476
2022-11-30,517120.SH,801150.SI,0.6357130612391828
2022-11-30,517390.SH,801750.SI,0.643922047610764
2022-11-30,517770.SH,801760.SI,0.5267405236276171
2022-11-30,517800.SH,801750.SI,0.5730629581427957
2022-11-30,517900.SH,801780.SI,0.7154901034927306
2022-11-30,560660.SH,801750.SI,0.8710927809089183
2022-11-30,560880.SH,801110.SI,0.9070019044132602
2022-11-30,560900.SH,801150.SI,0.9999266303327697
2022-11-30,561100.SH,801080.SI,0.78017004918335
2022-11-30,561120.SH,801110.SI,0.903790620542393
2022-11-30,561160.SH,801730.SI,0.930631000180722
2022-11-30,561310.SH,801080.SI,0.7816130870896315
2022-11-30,561510.SH,801150.SI,0.9981945288044369
2022-11-30,561560.SH,801160.SI,0.9941495491764683
2022-11-30,561600.SH,801080.SI,0.7828288839265434
2022-11-30,561700.SH,801160.SI,1.0
2022-11-30,561800.SH,801050.SI,0.7720187540414463
2022-11-30,561910.SH,801730.SI,0.9356347507268898
2022-11-30,562350.SH,801160.SI,0.999314859841789
2022-11-30,562390.SH,801150.SI,0.9968685701213172
2022-11-30,562800.SH,801050.SI,0.773528694196093
2022-11-30,562880.SH,801730.SI,0.9351859793180404
2022-11-30,562900.SH,801010.SI,0.7278681887122007
2022-11-30,562910.SH,801730.SI,0.9252942796281252
2022-11-30,562950.SH,801080.SI,0.7823408849261542
2022-12-30,159608.SZ,801050.SI,0.7742288249345609
2022-12-30,159609.SZ,801730.SI,0.9122882889786601
2022-12-30,159611.SZ,801160.SI,1.0
2022-12-30,159613.SZ,801750.SI,0.8506486250230646
2022-12-30,159616.SZ,801010.SI,0.571663338223997
2022-12-30,159618.SZ,801730.SI,0.9121245114744111
2022-12-30,159619.SZ,801720.SI,0.5570088805141311
2022-12-30,159625.SZ,801160.SI,0.9966240074716144
2022-12-30,159635.SZ,801720.SI,0.5549185837847115
2022-12-30,159647.SZ,801150.SI,0.9970667335960912
2022-12-30,159703.SZ,801730.SI,0.6831728089468038
2022-12-30,159707.SZ,801180.SI,0.9958525545392237
2022-12-30,159713.SZ,801050.SI,0.6654308852630021
2022-12-30,159715.SZ,801050.SI,0.6684623726689553
2022-12-30,159730.SZ,801110.SI,0.9435800483884551
2022-12-30,159732.SZ,801080.SI,0.9406740461860216
2022-12-30,159736.SZ,801120.SI,0.999254735627178
2022-12-30,159738.SZ,801750.SI,0.5787139712024891
2022-12-30,159739.SZ,801750.SI,0.7863899304185988
2022-12-30,159745.SZ,801710.SI,0.9964815728704598
2022-12-30,159748.SZ,801150.SI,0.6312724271544814
2022-12-30,159752.SZ,801730.SI,0.7582112966679666
2022-12-30,159755.SZ,801730.SI,0.5739451352446131
2022-12-30,159757.SZ,801730.SI,0.572965609126019
2022-12-30,159760.SZ,801150.SI,1.0
2022-12-30,159761.SZ,801730.SI,0.663503239676484
2022-12-30,159763.SZ,801730.SI,0.6820000229960766
2022-12-30,159767.SZ,801730.SI,0.5629818627800728
2022-12-30,159768.SZ,801180.SI,0.9970975808806424
2022-12-30,159775.SZ,801730.SI,0.5693592172591125
2022-12-30,159779.SZ,801080.SI,0.781344229271902
2022-12-30,159786.SZ,801080.SI,0.8821681824884992
2022-12-30,159787.SZ,801710.SI,1.0
2022-12-30,159796.SZ,801730.SI,0.9359877562471979
2022-12-30,159797.SZ,801150.SI,0.8059907811242008
2022-12-30,159801.SZ,801080.SI,0.5819644770012065
2022-12-30,159805.SZ,801760.SI,0.9323318512337182
2022-12-30,159811.SZ,801080.SI,0.5574692371647008
2022-12-30,159813.SZ,801080.SI,0.5804267972603755
2022-12-30,159819.SZ,801750.SI,0.8007741155970329
2022-12-30,159825.SZ,801010.SI,0.6423489302558985
2022-12-30,159827.SZ,801010.SI,0.6450910703751445
2022-12-30,159828.SZ,801150.SI,0.8265910297296858
2022-12-30,159835.SZ,801150.SI,1.0
2022-12-30,159837.SZ,801150.SI,1.0
2022-12-30,159838.SZ,801150.SI,1.0
2022-12-30,159839.SZ,801150.SI,0.9005046427010297
2022-12-30,159840.SZ,801730.SI,0.5766860759566881
2022-12-30,159841.SZ,801790.SI,0.9981780430219973
2022-12-30,159842.SZ,801790.SI,0.9977987326701553
2022-12-30,159843.SZ,801120.SI,0.9967889391442227
2022-12-30,159847.SZ,801150.SI,0.9155086642952728
2022-12-30,159848.SZ,801790.SI,0.9986630045391359
2022-12-30,159849.SZ,801150.SI,0.9986450651450314
2022-12-30,159851.SZ,801750.SI,0.7795870859299957
2022-12-30,159852.SZ,801750.SI,0.794457593484662
2022-12-30,159855.SZ,801760.SI,0.9985124683363776
2022-12-30,159857.SZ,801730.SI,0.9096848242537668
2022-12-30,159858.SZ,801150.SI,0.9993275495681331
2022-12-30,159859.SZ,801150.SI,0.8979257987101821
2022-12-30,159861.SZ,801730.SI,0.8108037068337264
2022-12-30,159862.SZ,801120.SI,0.9993321631271225
2022-12-30,159863.SZ,801730.SI,0.9099616792114706
2022-12-30,159864.SZ,801730.SI,0.9015864252204624
2022-12-30,159865.SZ,801010.SI,0.9988052794428969
2022-12-30,159867.SZ,801010.SI,0.9963671602494991
2022-12-30,159869.SZ,801760.SI,1.0
2022-12-30,159870.SZ,801030.SI,0.5727540126211987
2022-12-30,159871.SZ,801050.SI,0.9466778371969594
2022-12-30,159873.SZ,801150.SI,0.8241423555200719
2022-12-30,159875.SZ,801730.SI,0.7937531769556034
2022-12-30,159876.SZ,801050.SI,0.9517873760802673
2022-12-30,159877.SZ,801150.SI,0.8263909214442835
2022-12-30,159880.SZ,801050.SI,0.9448384968842737
2022-12-30,159881.SZ,801050.SI,0.9753640511056241
2022-12-30,159883.SZ,801150.SI,0.8526579959838111
2022-12-30,159886.SZ,801730.SI,0.8735933769813241
2022-12-30,159887.SZ,801780.SI,0.996353335317765
2022-12-30,159890.SZ,801750.SI,0.784639432111228
2022-12-30,159891.SZ,801150.SI,0.8246982371718737
2022-12-30,159898.SZ,801150.SI,0.7955367175729932
2022-12-30,159899.SZ,801750.SI,0.8941093391302659
2022-12-30,159929.SZ,801150.SI,0.9516947220058498
2022-12-30,159930.SZ,801950.SI,0.6629709199443536
2022-12-30,159931.SZ,801780.SI,0.5012931419746924
2022-12-30,159938.SZ,801150.SI,0.9493670340144993
2022-12-30,159939.SZ,801080.SI,0.6873619404368367
2022-12-30,159940.SZ,801780.SI,0.5013897647443045
2022-12-30,159992.SZ,801150.SI,0.9997449784994807
2022-12-30,159993.SZ,801790.SI,0.9996640817093699
2022-12-30,159994.SZ,801080.SI,0.6505752780567486
2022-12-30,159995.SZ,801080.SI,0.5810111618733763
2022-12-30,159996.SZ,801110.SI,0.8861674891916549
2022-12-30,159997.SZ,801080.SI,0.7496991270333817
2022-12-30,159998.SZ,801750.SI,0.7860840518636769
2022-12-30,510200.SH,801790.SI,0.993324965749297
2022-12-30,510650.SH,801780.SI,0.6152441261567768
2022-12-30,510660.SH,801150.SI,0.9647254627749232
2022-12-30,512000.SH,801790.SI,0.9996288448691638
2022-12-30,512010.SH,801150.SI,0.9528291445457251
2022-12-30,512070.SH,801790.SI,1.0
2022-12-30,512120.SH,801150.SI,1.0
2022-12-30,512170.SH,801150.SI,0.9157674650697323
2022-12-30,512290.SH,801150.SI,0.9691911126948004
2022-12-30,512400.SH,801050.SI,0.9995176794205691
2022-12-30,512560.SH,801740.SI,0.9234186335606769
2022-12-30,512570.SH,801790.SI,1.0
2022-12-30,512580.SH,801730.SI,0.7763661880883043
2022-12-30,512640.SH,801780.SI,0.500866053067143
2022-12-30,512660.SH,801740.SI,0.9269555696632044
2022-12-30,512670.SH,801740.SI,0.8489101246793282
2022-12-30,512680.SH,801740.SI,0.9233167117676861
2022-12-30,512690.SH,801120.SI,0.9995651979281224
2022-12-30,512700.SH,801780.SI,0.9994297825041485
2022-12-30,512710.SH,801740.SI,0.9115806693194184
2022-12-30,512720.SH,801750.SI,0.7896262919288959
2022-12-30,512730.SH,801780.SI,0.9936224068089072
2022-12-30,512760.SH,801080.SI,0.7122129022849327
2022-12-30,512800.SH,801780.SI,0.9997940366753183
2022-12-30,512810.SH,801740.SI,0.9192725058581618
2022-12-30,512820.SH,801780.SI,1.0
2022-12-30,512880.SH,801790.SI,0.9999242898557246
2022-12-30,512900.SH,801790.SI,0.9995341999102672
2022-12-30,512930.SH,801750.SI,0.7875458774576055
2022-12-30,512980.SH,801760.SI,0.9337814792352401
2022-12-30,515010.SH,801790.SI,1.0
2022-12-30,515020.SH,801780.SI,1.0
2022-12-30,515050.SH,801080.SI,0.6520383096550287
2022-12-30,515070.SH,801750.SI,0.8007534206748718
2022-12-30,515120.SH,801150.SI,1.0
2022-12-30,515170.SH,801120.SI,1.0
2022-12-30,515210.SH,801040.SI,0.8540899984728576
2022-12-30,515220.SH,801950.SI,0.9991660293512763
2022-12-30,515230.SH,801750.SI,0.8910943633166296
2022-12-30,515260.SH,801080.SI,0.7498897947044783
2022-12-30,515290.SH,801780.SI,0.999633718092814
2022-12-30,515320.SH,801080.SI,0.7531868741879912
2022-12-30,515400.SH,801750.SI,0.9977356746263265
2022-12-30,515560.SH,801790.SI,0.9919701727866587
2022-12-30,515710.SH,801120.SI,0.9980815582003686
2022-12-30,515790.SH,801730.SI,0.9122274754751593
2022-12-30,515850.SH,801790.SI,0.9967242028384956
2022-12-30,515880.SH,801770.SI,0.6418389884631857
2022-12-30,515950.SH,801150.SI,0.9452219622213917
2022-12-30,515960.SH,801150.SI,0.9916034021528554
2022-12-30,515980.SH,801750.SI,0.8233414582169898
2022-12-30,516000.SH,801750.SI,1.0
2022-12-30,516010.SH,801760.SI,0.9924128311815409
2022-12-30,516020.SH,801030.SI,0.5204606630745131
2022-12-30,516060.SH,801150.SI,0.999286426278112
2022-12-30,516080.SH,801150.SI,1.0
2022-12-30,516090.SH,801730.SI,0.7975431516321991
2022-12-30,516100.SH,801750.SI,0.7833210217402725
2022-12-30,516120.SH,801030.SI,0.5714782750816035
2022-12-30,516150.SH,801050.SI,0.6654869503756818
2022-12-30,516160.SH,801730.SI,0.796975482788223
2022-12-30,516180.SH,801730.SI,0.9118217070460822
2022-12-30,516190.SH,801760.SI,0.6673633740891577
2022-12-30,516200.SH,801790.SI,1.0
2022-12-30,516210.SH,801780.SI,1.0
2022-12-30,516220.SH,801030.SI,0.5218954828636808
2022-12-30,516270.SH,801730.SI,0.7578668482348595
2022-12-30,516290.SH,801730.SI,0.9122471899454084
2022-12-30,516310.SH,801780.SI,1.0
2022-12-30,516320.SH,801730.SI,0.8678218738471317
2022-12-30,516350.SH,801080.SI,0.7164371935143644
2022-12-30,516360.SH,801730.SI,0.6820672899630267
2022-12-30,516500.SH,801150.SI,1.0
2022-12-30,516510.SH,801750.SI,0.785999043964784
2022-12-30,516530.SH,801170.SI,0.9992892258556816
2022-12-30,516580.SH,801730.SI,0.7978164267548915
2022-12-30,516610.SH,801150.SI,0.8736166369111327
2022-12-30,516620.SH,801760.SI,1.0
2022-12-30,516630.SH,801750.SI,0.7863263021541557
2022-12-30,516640.SH,801080.SI,0.7155545114459061
2022-12-30,516650.SH,801050.SI,0.9502585956978686
2022-12-30,516670.SH,801010.SI,0.9978294219794853
2022-12-30,516700.SH,801750.SI,1.0
2022-12-30,516710.SH,801730.SI,0.6832814347940974
2022-12-30,516730.SH,801790.SI,0.9999961440258964
2022-12-30,516750.SH,801710.SI,0.9997410888689925
2022-12-30,516760.SH,801010.SI,0.9992594673051901
2022-12-30,516770.SH,801760.SI,0.9986378193436753
2022-12-30,516780.SH,801050.SI,0.666618758370836
2022-12-30,516790.SH,801150.SI,0.8807014301156623
2022-12-30,516810.SH,801010.SI,0.646006280922572
2022-12-30,516820.SH,801150.SI,0.922553018543189
2022-12-30,516850.SH,801730.SI,0.7971664000234236
2022-12-30,516860.SH,801750.SI,0.7833201498358864
2022-12-30,516880.SH,801730.SI,0.9108014393492957
2022-12-30,516890.SH,801730.SI,0.6835665039055467
2022-12-30,516900.SH,801120.SI,1.0
2022-12-30,516910.SH,801170.SI,0.9996701500924341
2022-12-30,516920.SH,801080.SI,0.7183544949366973
2022-12-30,516930.SH,801150.SI,0.9974508181724147
2022-12-30,516950.SH,801720.SI,0.552941056812723
2022-12-30,516960.SH,801730.SI,0.9362562387860032
2022-12-30,516970.SH,801720.SI,1.0
2022-12-30,516980.SH,801790.SI,0.9996207490219206
2022-12-30,517110.SH,801150.SI,0.6172699290770476
2022-12-30,517120.SH,801150.SI,0.6357130612391828
2022-12-30,517390.SH,801750.SI,0.643922047610764
2022-12-30,517770.SH,801760.SI,0.5267405236276171
2022-12-30,517800.SH,801750.SI,0.5730629581427957
2022-12-30,517900.SH,801780.SI,0.7154901034927306
2022-12-30,560660.SH,801750.SI,0.8710927809089183
2022-12-30,560880.SH,801110.SI,0.9070019044132602
2022-12-30,560900.SH,801150.SI,0.9999266303327697
2022-12-30,561100.SH,801080.SI,0.78017004918335
2022-12-30,561120.SH,801110.SI,0.903790620542393
2022-12-30,561160.SH,801730.SI,0.930631000180722
2022-12-30,561310.SH,801080.SI,0.7816130870896315
2022-12-30,561510.SH,801150.SI,0.9981945288044369
2022-12-30,561560.SH,801160.SI,0.9941495491764683
2022-12-30,561600.SH,801080.SI,0.7828288839265434
2022-12-30,561700.SH,801160.SI,1.0
2022-12-30,561800.SH,801050.SI,0.7720187540414463
2022-12-30,561910.SH,801730.SI,0.9356347507268898
2022-12-30,562350.SH,801160.SI,0.999314859841789
2022-12-30,562390.SH,801150.SI,0.9968685701213172
2022-12-30,562800.SH,801050.SI,0.773528694196093
2022-12-30,562880.SH,801730.SI,0.9351859793180404
2022-12-30,562900.SH,801010.SI,0.7278681887122007
2022-12-30,562910.SH,801730.SI,0.9252942796281252
2022-12-30,562950.SH,801080.SI,0.7823408849261542
2023-01-31,159608.SZ,801050.SI,0.7742288249345609
2023-01-31,159609.SZ,801730.SI,0.9122882889786601
2023-01-31,159611.SZ,801160.SI,1.0
2023-01-31,159613.SZ,801750.SI,0.8506486250230646
2023-01-31,159616.SZ,801010.SI,0.571663338223997
2023-01-31,159618.SZ,801730.SI,0.9121245114744111
2023-01-31,159619.SZ,801720.SI,0.5570088805141311
2023-01-31,159625.SZ,801160.SI,0.9966240074716144
2023-01-31,159635.SZ,801720.SI,0.5549185837847115
2023-01-31,159647.SZ,801150.SI,0.9970667335960912
2023-01-31,159703.SZ,801730.SI,0.6831728089468038
2023-01-31,159707.SZ,801180.SI,0.9958525545392237
2023-01-31,159713.SZ,801050.SI,0.6654308852630021
2023-01-31,159715.SZ,801050.SI,0.6684623726689553
2023-01-31,159730.SZ,801110.SI,0.9435800483884551
2023-01-31,159732.SZ,801080.SI,0.9406740461860216
2023-01-31,159736.SZ,801120.SI,0.999254735627178
2023-01-31,159738.SZ,801750.SI,0.5787139712024891
2023-01-31,159739.SZ,801750.SI,0.7863899304185988
2023-01-31,159745.SZ,801710.SI,0.9964815728704598
2023-01-31,159748.SZ,801150.SI,0.6312724271544814
2023-01-31,159752.SZ,801730.SI,0.7582112966679666
2023-01-31,159755.SZ,801730.SI,0.5739451352446131
2023-01-31,159757.SZ,801730.SI,0.572965609126019
2023-01-31,159760.SZ,801150.SI,1.0
2023-01-31,159761.SZ,801730.SI,0.663503239676484
2023-01-31,159763.SZ,801730.SI,0.6820000229960766
2023-01-31,159767.SZ,801730.SI,0.5629818627800728
2023-01-31,159768.SZ,801180.SI,0.9970975808806424
2023-01-31,159775.SZ,801730.SI,0.5693592172591125
2023-01-31,159779.SZ,801080.SI,0.781344229271902
2023-01-31,159786.SZ,801080.SI,0.8821681824884992
2023-01-31,159787.SZ,801710.SI,1.0
2023-01-31,159796.SZ,801730.SI,0.9359877562471979
2023-01-31,159797.SZ,801150.SI,0.8059907811242008
2023-01-31,159801.SZ,801080.SI,0.5819644770012065
2023-01-31,159805.SZ,801760.SI,0.9323318512337182
2023-01-31,159811.SZ,801080.SI,0.5574692371647008
2023-01-31,159813.SZ,801080.SI,0.5804267972603755
2023-01-31,159819.SZ,801750.SI,0.8007741155970329
2023-01-31,159825.SZ,801010.SI,0.6423489302558985
2023-01-31,159827.SZ,801010.SI,0.6450910703751445
2023-01-31,159828.SZ,801150.SI,0.8265910297296858
2023-01-31,159835.SZ,801150.SI,1.0
2023-01-31,159837.SZ,801150.SI,1.0
2023-01-31,159838.SZ,801150.SI,1.0
2023-01-31,159839.SZ,801150.SI,0.9005046427010297
2023-01-31,159840.SZ,801730.SI,0.5766860759566881
2023-01-31,159841.SZ,801790.SI,0.9981780430219973
2023-01-31,159842.SZ,801790.SI,0.9977987326701553
2023-01-31,159843.SZ,801120.SI,0.9967889391442227
2023-01-31,159847.SZ,801150.SI,0.9155086642952728
2023-01-31,159848.SZ,801790.SI,0.9986630045391359
2023-01-31,159849.SZ,801150.SI,0.9986450651450314
2023-01-31,159851.SZ,801750.SI,0.7795870859299957
2023-01-31,159852.SZ,801750.SI,0.794457593484662
2023-01-31,159855.SZ,801760.SI,0.9985124683363776
2023-01-31,159857.SZ,801730.SI,0.9096848242537668
2023-01-31,159858.SZ,801150.SI,0.9993275495681331
2023-01-31,159859.SZ,801150.SI,0.8979257987101821
2023-01-31,159861.SZ,801730.SI,0.8108037068337264
2023-01-31,159862.SZ,801120.SI,0.9993321631271225
2023-01-31,159863.SZ,801730.SI,0.9099616792114706
2023-01-31,159864.SZ,801730.SI,0.9015864252204624
2023-01-31,159865.SZ,801010.SI,0.9988052794428969
2023-01-31,159867.SZ,801010.SI,0.9963671602494991
2023-01-31,159869.SZ,801760.SI,1.0
2023-01-31,159870.SZ,801030.SI,0.5727540126211987
2023-01-31,159871.SZ,801050.SI,0.9466778371969594
2023-01-31,159873.SZ,801150.SI,0.8241423555200719
2023-01-31,159875.SZ,801730.SI,0.7937531769556034
2023-01-31,159876.SZ,801050.SI,0.9517873760802673
2023-01-31,159877.SZ,801150.SI,0.8263909214442835
2023-01-31,159880.SZ,801050.SI,0.9448384968842737
2023-01-31,159881.SZ,801050.SI,0.9753640511056241
2023-01-31,159883.SZ,801150.SI,0.8526579959838111
2023-01-31,159886.SZ,801730.SI,0.8735933769813241
2023-01-31,159887.SZ,801780.SI,0.996353335317765
2023-01-31,159890.SZ,801750.SI,0.784639432111228
2023-01-31,159891.SZ,801150.SI,0.8246982371718737
2023-01-31,159898.SZ,801150.SI,0.7955367175729932
2023-01-31,159899.SZ,801750.SI,0.8941093391302659
2023-01-31,159929.SZ,801150.SI,0.9516947220058498
2023-01-31,159930.SZ,801950.SI,0.6629709199443536
2023-01-31,159931.SZ,801780.SI,0.5012931419746924
2023-01-31,159938.SZ,801150.SI,0.9493670340144993
2023-01-31,159939.SZ,801080.SI,0.6873619404368367
2023-01-31,159940.SZ,801780.SI,0.5013897647443045
2023-01-31,159992.SZ,801150.SI,0.9997449784994807
2023-01-31,159993.SZ,801790.SI,0.9996640817093699
2023-01-31,159994.SZ,801080.SI,0.6505752780567486
2023-01-31,159995.SZ,801080.SI,0.5810111618733763
2023-01-31,159996.SZ,801110.SI,0.8861674891916549
2023-01-31,159997.SZ,801080.SI,0.7496991270333817
2023-01-31,159998.SZ,801750.SI,0.7860840518636769
2023-01-31,510200.SH,801790.SI,0.993324965749297
2023-01-31,510650.SH,801780.SI,0.6152441261567768
2023-01-31,510660.SH,801150.SI,0.9647254627749232
2023-01-31,512000.SH,801790.SI,0.9996288448691638
2023-01-31,512010.SH,801150.SI,0.9528291445457251
2023-01-31,512070.SH,801790.SI,1.0
2023-01-31,512120.SH,801150.SI,1.0
2023-01-31,512170.SH,801150.SI,0.9157674650697323
2023-01-31,512290.SH,801150.SI,0.9691911126948004
2023-01-31,512400.SH,801050.SI,0.9995176794205691
2023-01-31,512560.SH,801740.SI,0.9234186335606769
2023-01-31,512570.SH,801790.SI,1.0
2023-01-31,512580.SH,801730.SI,0.7763661880883043
2023-01-31,512640.SH,801780.SI,0.500866053067143
2023-01-31,512660.SH,801740.SI,0.9269555696632044
2023-01-31,512670.SH,801740.SI,0.8489101246793282
2023-01-31,512680.SH,801740.SI,0.9233167117676861
2023-01-31,512690.SH,801120.SI,0.9995651979281224
2023-01-31,512700.SH,801780.SI,0.9994297825041485
2023-01-31,512710.SH,801740.SI,0.9115806693194184
2023-01-31,512720.SH,801750.SI,0.7896262919288959
2023-01-31,512730.SH,801780.SI,0.9936224068089072
2023-01-31,512760.SH,801080.SI,0.7122129022849327
2023-01-31,512800.SH,801780.SI,0.9997940366753183
2023-01-31,512810.SH,801740.SI,0.9192725058581618
2023-01-31,512820.SH,801780.SI,1.0
2023-01-31,512880.SH,801790.SI,0.9999242898557246
2023-01-31,512900.SH,801790.SI,0.9995341999102672
2023-01-31,512930.SH,801750.SI,0.7875458774576055
2023-01-31,512980.SH,801760.SI,0.9337814792352401
2023-01-31,515010.SH,801790.SI,1.0
2023-01-31,515020.SH,801780.SI,1.0
2023-01-31,515050.SH,801080.SI,0.6520383096550287
2023-01-31,515070.SH,801750.SI,0.8007534206748718
2023-01-31,515120.SH,801150.SI,1.0
2023-01-31,515170.SH,801120.SI,1.0
2023-01-31,515210.SH,801040.SI,0.8540899984728576
2023-01-31,515220.SH,801950.SI,0.9991660293512763
2023-01-31,515230.SH,801750.SI,0.8910943633166296
2023-01-31,515260.SH,801080.SI,0.7498897947044783
2023-01-31,515290.SH,801780.SI,0.999633718092814
2023-01-31,515320.SH,801080.SI,0.7531868741879912
2023-01-31,515400.SH,801750.SI,0.9977356746263265
2023-01-31,515560.SH,801790.SI,0.9919701727866587
2023-01-31,515710.SH,801120.SI,0.9980815582003686
2023-01-31,515790.SH,801730.SI,0.9122274754751593
2023-01-31,515850.SH,801790.SI,0.9967242028384956
2023-01-31,515880.SH,801770.SI,0.6418389884631857
2023-01-31,515950.SH,801150.SI,0.9452219622213917
2023-01-31,515960.SH,801150.SI,0.9916034021528554
2023-01-31,515980.SH,801750.SI,0.8233414582169898
2023-01-31,516000.SH,801750.SI,1.0
2023-01-31,516010.SH,801760.SI,0.9924128311815409
2023-01-31,516020.SH,801030.SI,0.5204606630745131
2023-01-31,516060.SH,801150.SI,0.999286426278112
2023-01-31,516080.SH,801150.SI,1.0
2023-01-31,516090.SH,801730.SI,0.7975431516321991
2023-01-31,516100.SH,801750.SI,0.7833210217402725
2023-01-31,516120.SH,801030.SI,0.5714782750816035
2023-01-31,516150.SH,801050.SI,0.6654869503756818
2023-01-31,516160.SH,801730.SI,0.796975482788223
2023-01-31,516180.SH,801730.SI,0.9118217070460822
2023-01-31,516190.SH,801760.SI,0.6673633740891577
2023-01-31,516200.SH,801790.SI,1.0
2023-01-31,516210.SH,801780.SI,1.0
2023-01-31,516220.SH,801030.SI,0.5218954828636808
2023-01-31,516270.SH,801730.SI,0.7578668482348595
2023-01-31,516290.SH,801730.SI,0.9122471899454084
2023-01-31,516310.SH,801780.SI,1.0
2023-01-31,516320.SH,801730.SI,0.8678218738471317
2023-01-31,516350.SH,801080.SI,0.7164371935143644
2023-01-31,516360.SH,801730.SI,0.6820672899630267
2023-01-31,516500.SH,801150.SI,1.0
2023-01-31,516510.SH,801750.SI,0.785999043964784
2023-01-31,516530.SH,801170.SI,0.9992892258556816
2023-01-31,516580.SH,801730.SI,0.7978164267548915
2023-01-31,516610.SH,801150.SI,0.8736166369111327
2023-01-31,516620.SH,801760.SI,1.0
2023-01-31,516630.SH,801750.SI,0.7863263021541557
2023-01-31,516640.SH,801080.SI,0.7155545114459061
2023-01-31,516650.SH,801050.SI,0.9502585956978686
2023-01-31,516670.SH,801010.SI,0.9978294219794853
2023-01-31,516700.SH,801750.SI,1.0
2023-01-31,516710.SH,801730.SI,0.6832814347940974
2023-01-31,516730.SH,801790.SI,0.9999961440258964
2023-01-31,516750.SH,801710.SI,0.9997410888689925
2023-01-31,516760.SH,801010.SI,0.9992594673051901
2023-01-31,516770.SH,801760.SI,0.9986378193436753
2023-01-31,516780.SH,801050.SI,0.666618758370836
2023-01-31,516790.SH,801150.SI,0.8807014301156623
2023-01-31,516810.SH,801010.SI,0.646006280922572
2023-01-31,516820.SH,801150.SI,0.922553018543189
2023-01-31,516850.SH,801730.SI,0.7971664000234236
2023-01-31,516860.SH,801750.SI,0.7833201498358864
2023-01-31,516880.SH,801730.SI,0.9108014393492957
2023-01-31,516890.SH,801730.SI,0.6835665039055467
2023-01-31,516900.SH,801120.SI,1.0
2023-01-31,516910.SH,801170.SI,0.9996701500924341
2023-01-31,516920.SH,801080.SI,0.7183544949366973
2023-01-31,516930.SH,801150.SI,0.9974508181724147
2023-01-31,516950.SH,801720.SI,0.552941056812723
2023-01-31,516960.SH,801730.SI,0.9362562387860032
2023-01-31,516970.SH,801720.SI,1.0
2023-01-31,516980.SH,801790.SI,0.9996207490219206
2023-01-31,517110.SH,801150.SI,0.6172699290770476
2023-01-31,517120.SH,801150.SI,0.6357130612391828
2023-01-31,517390.SH,801750.SI,0.643922047610764
2023-01-31,517770.SH,801760.SI,0.5267405236276171
2023-01-31,517800.SH,801750.SI,0.5730629581427957
2023-01-31,517900.SH,801780.SI,0.7154901034927306
2023-01-31,560660.SH,801750.SI,0.8710927809089183
2023-01-31,560880.SH,801110.SI,0.9070019044132602
2023-01-31,560900.SH,801150.SI,0.9999266303327697
2023-01-31,561100.SH,801080.SI,0.78017004918335
2023-01-31,561120.SH,801110.SI,0.903790620542393
2023-01-31,561160.SH,801730.SI,0.930631000180722
2023-01-31,561310.SH,801080.SI,0.7816130870896315
2023-01-31,561510.SH,801150.SI,0.9981945288044369
2023-01-31,561560.SH,801160.SI,0.9941495491764683
2023-01-31,561600.SH,801080.SI,0.7828288839265434
2023-01-31,561700.SH,801160.SI,1.0
2023-01-31,561800.SH,801050.SI,0.7720187540414463
2023-01-31,561910.SH,801730.SI,0.9356347507268898
2023-01-31,562350.SH,801160.SI,0.999314859841789
2023-01-31,562390.SH,801150.SI,0.9968685701213172
2023-01-31,562800.SH,801050.SI,0.773528694196093
2023-01-31,562880.SH,801730.SI,0.9351859793180404
2023-01-31,562900.SH,801010.SI,0.7278681887122007
2023-01-31,562910.SH,801730.SI,0.9252942796281252
2023-01-31,562950.SH,801080.SI,0.7823408849261542
2023-02-28,159608.SZ,801050.SI,0.7742288249345609
2023-02-28,159609.SZ,801730.SI,0.9122882889786601
2023-02-28,159611.SZ,801160.SI,1.0
2023-02-28,159613.SZ,801750.SI,0.8506486250230646
2023-02-28,159616.SZ,801010.SI,0.571663338223997
2023-02-28,159618.SZ,801730.SI,0.9121245114744111
2023-02-28,159619.SZ,801720.SI,0.5570088805141311
2023-02-28,159625.SZ,801160.SI,0.9966240074716144
2023-02-28,159635.SZ,801720.SI,0.5549185837847115
2023-02-28,159647.SZ,801150.SI,0.9970667335960912
2023-02-28,159703.SZ,801730.SI,0.6831728089468038
2023-02-28,159707.SZ,801180.SI,0.9958525545392237
2023-02-28,159713.SZ,801050.SI,0.6654308852630021
2023-02-28,159715.SZ,801050.SI,0.6684623726689553
2023-02-28,159730.SZ,801110.SI,0.9435800483884551
2023-02-28,159732.SZ,801080.SI,0.9406740461860216
2023-02-28,159736.SZ,801120.SI,0.999254735627178
2023-02-28,159738.SZ,801750.SI,0.5787139712024891
2023-02-28,159739.SZ,801750.SI,0.7863899304185988
2023-02-28,159745.SZ,801710.SI,0.9964815728704598
2023-02-28,159748.SZ,801150.SI,0.6312724271544814
2023-02-28,159752.SZ,801730.SI,0.7582112966679666
2023-02-28,159755.SZ,801730.SI,0.5739451352446131
2023-02-28,159757.SZ,801730.SI,0.572965609126019
2023-02-28,159760.SZ,801150.SI,1.0
2023-02-28,159761.SZ,801730.SI,0.663503239676484
2023-02-28,159763.SZ,801730.SI,0.6820000229960766
2023-02-28,159767.SZ,801730.SI,0.5629818627800728
2023-02-28,159768.SZ,801180.SI,0.9970975808806424
2023-02-28,159775.SZ,801730.SI,0.5693592172591125
2023-02-28,159779.SZ,801080.SI,0.781344229271902
2023-02-28,159786.SZ,801080.SI,0.8821681824884992
2023-02-28,159787.SZ,801710.SI,1.0
2023-02-28,159796.SZ,801730.SI,0.9359877562471979
2023-02-28,159797.SZ,801150.SI,0.8059907811242008
2023-02-28,159801.SZ,801080.SI,0.5819644770012065
2023-02-28,159805.SZ,801760.SI,0.9323318512337182
2023-02-28,159811.SZ,801080.SI,0.5574692371647008
2023-02-28,159813.SZ,801080.SI,0.5804267972603755
2023-02-28,159819.SZ,801750.SI,0.8007741155970329
2023-02-28,159825.SZ,801010.SI,0.6423489302558985
2023-02-28,159827.SZ,801010.SI,0.6450910703751445
2023-02-28,159828.SZ,801150.SI,0.8265910297296858
2023-02-28,159835.SZ,801150.SI,1.0
2023-02-28,159837.SZ,801150.SI,1.0
2023-02-28,159838.SZ,801150.SI,1.0
2023-02-28,159839.SZ,801150.SI,0.9005046427010297
2023-02-28,159840.SZ,801730.SI,0.5766860759566881
2023-02-28,159841.SZ,801790.SI,0.9981780430219973
2023-02-28,159842.SZ,801790.SI,0.9977987326701553
2023-02-28,159843.SZ,801120.SI,0.9967889391442227
2023-02-28,159847.SZ,801150.SI,0.9155086642952728
2023-02-28,159848.SZ,801790.SI,0.9986630045391359
2023-02-28,159849.SZ,801150.SI,0.9986450651450314
2023-02-28,159851.SZ,801750.SI,0.7795870859299957
2023-02-28,159852.SZ,801750.SI,0.794457593484662
2023-02-28,159855.SZ,801760.SI,0.9985124683363776
2023-02-28,159857.SZ,801730.SI,0.9096848242537668
2023-02-28,159858.SZ,801150.SI,0.9993275495681331
2023-02-28,159859.SZ,801150.SI,0.8979257987101821
2023-02-28,159861.SZ,801730.SI,0.8108037068337264
2023-02-28,159862.SZ,801120.SI,0.9993321631271225
2023-02-28,159863.SZ,801730.SI,0.9099616792114706
2023-02-28,159864.SZ,801730.SI,0.9015864252204624
2023-02-28,159865.SZ,801010.SI,0.9988052794428969
2023-02-28,159867.SZ,801010.SI,0.9963671602494991
2023-02-28,159869.SZ,801760.SI,1.0
2023-02-28,159870.SZ,801030.SI,0.5727540126211987
2023-02-28,159871.SZ,801050.SI,0.9466778371969594
2023-02-28,159873.SZ,801150.SI,0.8241423555200719
2023-02-28,159875.SZ,801730.SI,0.7937531769556034
2023-02-28,159876.SZ,801050.SI,0.9517873760802673
2023-02-28,159877.SZ,801150.SI,0.8263909214442835
2023-02-28,159880.SZ,801050.SI,0.9448384968842737
2023-02-28,159881.SZ,801050.SI,0.9753640511056241
2023-02-28,159883.SZ,801150.SI,0.8526579959838111
2023-02-28,159886.SZ,801730.SI,0.8735933769813241
2023-02-28,159887.SZ,801780.SI,0.996353335317765
2023-02-28,159890.SZ,801750.SI,0.784639432111228
2023-02-28,159891.SZ,801150.SI,0.8246982371718737
2023-02-28,159898.SZ,801150.SI,0.7955367175729932
2023-02-28,159899.SZ,801750.SI,0.8941093391302659
2023-02-28,159929.SZ,801150.SI,0.9516947220058498
2023-02-28,159930.SZ,801950.SI,0.6629709199443536
2023-02-28,159931.SZ,801780.SI,0.5012931419746924
2023-02-28,159938.SZ,801150.SI,0.9493670340144993
2023-02-28,159939.SZ,801080.SI,0.6873619404368367
2023-02-28,159940.SZ,801780.SI,0.5013897647443045
2023-02-28,159992.SZ,801150.SI,0.9997449784994807
2023-02-28,159993.SZ,801790.SI,0.9996640817093699
2023-02-28,159994.SZ,801080.SI,0.6505752780567486
2023-02-28,159995.SZ,801080.SI,0.5810111618733763
2023-02-28,159996.SZ,801110.SI,0.8861674891916549
2023-02-28,159997.SZ,801080.SI,0.7496991270333817
2023-02-28,159998.SZ,801750.SI,0.7860840518636769
2023-02-28,510200.SH,801790.SI,0.993324965749297
2023-02-28,510650.SH,801780.SI,0.6152441261567768
2023-02-28,510660.SH,801150.SI,0.9647254627749232
2023-02-28,512000.SH,801790.SI,0.9996288448691638
2023-02-28,512010.SH,801150.SI,0.9528291445457251
2023-02-28,512070.SH,801790.SI,1.0
2023-02-28,512120.SH,801150.SI,1.0
2023-02-28,512170.SH,801150.SI,0.9157674650697323
2023-02-28,512290.SH,801150.SI,0.9691911126948004
2023-02-28,512400.SH,801050.SI,0.9995176794205691
2023-02-28,512560.SH,801740.SI,0.9234186335606769
2023-02-28,512570.SH,801790.SI,1.0
2023-02-28,512580.SH,801730.SI,0.7763661880883043
2023-02-28,512640.SH,801780.SI,0.500866053067143
2023-02-28,512660.SH,801740.SI,0.9269555696632044
2023-02-28,512670.SH,801740.SI,0.8489101246793282
2023-02-28,512680.SH,801740.SI,0.9233167117676861
2023-02-28,512690.SH,801120.SI,0.9995651979281224
2023-02-28,512700.SH,801780.SI,0.9994297825041485
2023-02-28,512710.SH,801740.SI,0.9115806693194184
2023-02-28,512720.SH,801750.SI,0.7896262919288959
2023-02-28,512730.SH,801780.SI,0.9936224068089072
2023-02-28,512760.SH,801080.SI,0.7122129022849327
2023-02-28,512800.SH,801780.SI,0.9997940366753183
2023-02-28,512810.SH,801740.SI,0.9192725058581618
2023-02-28,512820.SH,801780.SI,1.0
2023-02-28,512880.SH,801790.SI,0.9999242898557246
2023-02-28,512900.SH,801790.SI,0.9995341999102672
2023-02-28,512930.SH,801750.SI,0.7875458774576055
2023-02-28,512980.SH,801760.SI,0.9337814792352401
2023-02-28,515010.SH,801790.SI,1.0
2023-02-28,515020.SH,801780.SI,1.0
2023-02-28,515050.SH,801080.SI,0.6520383096550287
2023-02-28,515070.SH,801750.SI,0.8007534206748718
2023-02-28,515120.SH,801150.SI,1.0
2023-02-28,515170.SH,801120.SI,1.0
2023-02-28,515210.SH,801040.SI,0.8540899984728576
2023-02-28,515220.SH,801950.SI,0.9991660293512763
2023-02-28,515230.SH,801750.SI,0.8910943633166296
2023-02-28,515260.SH,801080.SI,0.7498897947044783
2023-02-28,515290.SH,801780.SI,0.999633718092814
2023-02-28,515320.SH,801080.SI,0.7531868741879912
2023-02-28,515400.SH,801750.SI,0.9977356746263265
2023-02-28,515560.SH,801790.SI,0.9919701727866587
2023-02-28,515710.SH,801120.SI,0.9980815582003686
2023-02-28,515790.SH,801730.SI,0.9122274754751593
2023-02-28,515850.SH,801790.SI,0.9967242028384956
2023-02-28,515880.SH,801770.SI,0.6418389884631857
2023-02-28,515950.SH,801150.SI,0.9452219622213917
2023-02-28,515960.SH,801150.SI,0.9916034021528554
2023-02-28,515980.SH,801750.SI,0.8233414582169898
2023-02-28,516000.SH,801750.SI,1.0
2023-02-28,516010.SH,801760.SI,0.9924128311815409
2023-02-28,516020.SH,801030.SI,0.5204606630745131
2023-02-28,516060.SH,801150.SI,0.999286426278112
2023-02-28,516080.SH,801150.SI,1.0
2023-02-28,516090.SH,801730.SI,0.7975431516321991
2023-02-28,516100.SH,801750.SI,0.7833210217402725
2023-02-28,516120.SH,801030.SI,0.5714782750816035
2023-02-28,516150.SH,801050.SI,0.6654869503756818
2023-02-28,516160.SH,801730.SI,0.796975482788223
2023-02-28,516180.SH,801730.SI,0.9118217070460822
2023-02-28,516190.SH,801760.SI,0.6673633740891577
2023-02-28,516200.SH,801790.SI,1.0
2023-02-28,516210.SH,801780.SI,1.0
2023-02-28,516220.SH,801030.SI,0.5218954828636808
2023-02-28,516270.SH,801730.SI,0.7578668482348595
2023-02-28,516290.SH,801730.SI,0.9122471899454084
2023-02-28,516310.SH,801780.SI,1.0
2023-02-28,516320.SH,801730.SI,0.8678218738471317
2023-02-28,516350.SH,801080.SI,0.7164371935143644
2023-02-28,516360.SH,801730.SI,0.6820672899630267
2023-02-28,516500.SH,801150.SI,1.0
2023-02-28,516510.SH,801750.SI,0.785999043964784
2023-02-28,516530.SH,801170.SI,0.9992892258556816
2023-02-28,516580.SH,801730.SI,0.7978164267548915
2023-02-28,516610.SH,801150.SI,0.8736166369111327
2023-02-28,516620.SH,801760.SI,1.0
2023-02-28,516630.SH,801750.SI,0.7863263021541557
2023-02-28,516640.SH,801080.SI,0.7155545114459061
2023-02-28,516650.SH,801050.SI,0.9502585956978686
2023-02-28,516670.SH,801010.SI,0.9978294219794853
2023-02-28,516700.SH,801750.SI,1.0
2023-02-28,516710.SH,801730.SI,0.6832814347940974
2023-02-28,516730.SH,801790.SI,0.9999961440258964
2023-02-28,516750.SH,801710.SI,0.9997410888689925
2023-02-28,516760.SH,801010.SI,0.9992594673051901
2023-02-28,516770.SH,801760.SI,0.9986378193436753
2023-02-28,516780.SH,801050.SI,0.666618758370836
2023-02-28,516790.SH,801150.SI,0.8807014301156623
2023-02-28,516810.SH,801010.SI,0.646006280922572
2023-02-28,516820.SH,801150.SI,0.922553018543189
2023-02-28,516850.SH,801730.SI,0.7971664000234236
2023-02-28,516860.SH,801750.SI,0.7833201498358864
2023-02-28,516880.SH,801730.SI,0.9108014393492957
2023-02-28,516890.SH,801730.SI,0.6835665039055467
2023-02-28,516900.SH,801120.SI,1.0
2023-02-28,516910.SH,801170.SI,0.9996701500924341
2023-02-28,516920.SH,801080.SI,0.7183544949366973
2023-02-28,516930.SH,801150.SI,0.9974508181724147
2023-02-28,516950.SH,801720.SI,0.552941056812723
2023-02-28,516960.SH,801730.SI,0.9362562387860032
2023-02-28,516970.SH,801720.SI,1.0
2023-02-28,516980.SH,801790.SI,0.9996207490219206
2023-02-28,517110.SH,801150.SI,0.6172699290770476
2023-02-28,517120.SH,801150.SI,0.6357130612391828
2023-02-28,517390.SH,801750.SI,0.643922047610764
2023-02-28,517770.SH,801760.SI,0.5267405236276171
2023-02-28,517800.SH,801750.SI,0.5730629581427957
2023-02-28,517900.SH,801780.SI,0.7154901034927306
2023-02-28,560660.SH,801750.SI,0.8710927809089183
2023-02-28,560880.SH,801110.SI,0.9070019044132602
2023-02-28,560900.SH,801150.SI,0.9999266303327697
2023-02-28,561100.SH,801080.SI,0.78017004918335
2023-02-28,561120.SH,801110.SI,0.903790620542393
2023-02-28,561160.SH,801730.SI,0.930631000180722
2023-02-28,561310.SH,801080.SI,0.7816130870896315
2023-02-28,561510.SH,801150.SI,0.9981945288044369
2023-02-28,561560.SH,801160.SI,0.9941495491764683
2023-02-28,561600.SH,801080.SI,0.7828288839265434
2023-02-28,561700.SH,801160.SI,1.0
2023-02-28,561800.SH,801050.SI,0.7720187540414463
2023-02-28,561910.SH,801730.SI,0.9356347507268898
2023-02-28,562350.SH,801160.SI,0.999314859841789
2023-02-28,562390.SH,801150.SI,0.9968685701213172
2023-02-28,562800.SH,801050.SI,0.773528694196093
2023-02-28,562880.SH,801730.SI,0.9351859793180404
2023-02-28,562900.SH,801010.SI,0.7278681887122007
2023-02-28,562910.SH,801730.SI,0.9252942796281252
2023-02-28,562950.SH,801080.SI,0.7823408849261542
2023-03-31,159608.SZ,801050.SI,0.7845820818214365
2023-03-31,159609.SZ,801730.SI,0.7268436178238963
2023-03-31,159611.SZ,801160.SI,0.9876487522744313
2023-03-31,159613.SZ,801750.SI,0.7978982993298016
2023-03-31,159616.SZ,801010.SI,0.5053102583472945
2023-03-31,159618.SZ,801730.SI,0.7322858401748593
2023-03-31,159619.SZ,801720.SI,0.7592900978072927
2023-03-31,159625.SZ,801160.SI,0.944478756870661
2023-03-31,159635.SZ,801720.SI,0.757829978538099
2023-03-31,159638.SZ,801740.SI,0.8377437628671967
2023-03-31,159643.SZ,801150.SI,0.9293671814704573
2023-03-31,159645.SZ,801150.SI,0.9409813778426847
2023-03-31,159647.SZ,801150.SI,0.9993760023449059
2023-03-31,159663.SZ,801890.SI,0.5817761547103728
2023-03-31,159667.SZ,801890.SI,0.5692963133848878
2023-03-31,159703.SZ,801730.SI,0.5145560399281415
2023-03-31,159707.SZ,801180.SI,0.9966215555756279
2023-03-31,159713.SZ,801050.SI,0.5638099263349278
2023-03-31,159715.SZ,801050.SI,0.5632705836665202
2023-03-31,159730.SZ,801110.SI,0.9382524670508718
2023-03-31,159731.SZ,801030.SI,0.5933511890063626
2023-03-31,159732.SZ,801080.SI,0.848101468519948
2023-03-31,159736.SZ,801120.SI,0.9563581534249258
2023-03-31,159738.SZ,801750.SI,0.5882177594340867
2023-03-31,159739.SZ,801750.SI,0.7842489354140352
2023-03-31,159745.SZ,801710.SI,0.9490475504140242
2023-03-31,159748.SZ,801150.SI,0.6116017755844306
2023-03-31,159752.SZ,801730.SI,0.718225774831504
2023-03-31,159755.SZ,801730.SI,0.6056593520040762
2023-03-31,159757.SZ,801730.SI,0.6028755029687758
2023-03-31,159760.SZ,801150.SI,0.9735887467514679
2023-03-31,159761.SZ,801730.SI,0.5343569130413992
2023-03-31,159763.SZ,801730.SI,0.5140479536943385
2023-03-31,159767.SZ,801730.SI,0.602991418529725
2023-03-31,159768.SZ,801180.SI,0.997702144687815
2023-03-31,159775.SZ,801730.SI,0.6067350501089886
2023-03-31,159779.SZ,801080.SI,0.6988687868911364
2023-03-31,159786.SZ,801080.SI,0.6966570103672242
2023-03-31,159787.SZ,801710.SI,0.951383001610292
2023-03-31,159796.SZ,801730.SI,0.7609907101996657
2023-03-31,159797.SZ,801150.SI,0.7242987900190152
2023-03-31,159801.SZ,801080.SI,0.6625889728116053
2023-03-31,159805.SZ,801760.SI,0.9672812051947756
2023-03-31,159813.SZ,801080.SI,0.6636674453852643
2023-03-31,159819.SZ,801750.SI,0.6484159728145754
2023-03-31,159825.SZ,801010.SI,0.5220994910736375
2023-03-31,159827.SZ,801010.SI,0.5215641508509915
2023-03-31,159828.SZ,801150.SI,0.7966715582917143
2023-03-31,159835.SZ,801150.SI,0.9278832081689835
2023-03-31,159837.SZ,801150.SI,0.918890055689954
2023-03-31,159838.SZ,801150.SI,0.9471084562269139
2023-03-31,159839.SZ,801150.SI,0.8279453033375825
2023-03-31,159840.SZ,801730.SI,0.6040288176406854
2023-03-31,159841.SZ,801790.SI,0.9990913403590997
2023-03-31,159842.SZ,801790.SI,0.9973068781894386
2023-03-31,159843.SZ,801120.SI,0.9613027271909127
2023-03-31,159847.SZ,801150.SI,0.8029488903498877
2023-03-31,159848.SZ,801790.SI,0.9988597086646477
2023-03-31,159849.SZ,801150.SI,0.9194192516693211
2023-03-31,159851.SZ,801750.SI,0.7603324297367478
2023-03-31,159852.SZ,801750.SI,0.8307952790889069
2023-03-31,159855.SZ,801760.SI,0.956183421134457
2023-03-31,159857.SZ,801730.SI,0.7317117811471673
2023-03-31,159858.SZ,801150.SI,0.9266123567922877
2023-03-31,159859.SZ,801150.SI,0.8286982202700398
2023-03-31,159861.SZ,801730.SI,0.7156752545993862
2023-03-31,159862.SZ,801120.SI,0.9751435884790183
2023-03-31,159863.SZ,801730.SI,0.730285129174475
2023-03-31,159864.SZ,801730.SI,0.7311181165852638
2023-03-31,159865.SZ,801010.SI,0.8794681190113446
2023-03-31,159867.SZ,801010.SI,0.8850429976620993
2023-03-31,159869.SZ,801760.SI,0.9585271018825745
2023-03-31,159870.SZ,801030.SI,0.6604547435924806
2023-03-31,159871.SZ,801050.SI,0.931451614359373
2023-03-31,159873.SZ,801150.SI,0.7704186550709652
2023-03-31,159875.SZ,801730.SI,0.7075933861812181
2023-03-31,159876.SZ,801050.SI,0.9318208321211724
2023-03-31,159877.SZ,801150.SI,0.7681504561014629
2023-03-31,159880.SZ,801050.SI,0.9375937723693655
2023-03-31,159881.SZ,801050.SI,0.9307705406444658
2023-03-31,159883.SZ,801150.SI,0.7253699065856422
2023-03-31,159886.SZ,801730.SI,0.756528809116789
2023-03-31,159887.SZ,801780.SI,0.9964064912667481
2023-03-31,159890.SZ,801750.SI,0.784737046755281
2023-03-31,159891.SZ,801150.SI,0.7717962864618261
2023-03-31,159898.SZ,801150.SI,0.7236361335835159
2023-03-31,159899.SZ,801750.SI,0.8670158881467515
2023-03-31,159929.SZ,801150.SI,0.9477331923219224
2023-03-31,159930.SZ,801950.SI,0.6819495394783919
2023-03-31,159933.SZ,801780.SI,0.5000425852656104
2023-03-31,159938.SZ,801150.SI,0.8968648132070608
2023-03-31,159992.SZ,801150.SI,0.9258039649298495
2023-03-31,159993.SZ,801790.SI,0.99894251391459
2023-03-31,159994.SZ,801080.SI,0.5807470142102789
2023-03-31,159995.SZ,801080.SI,0.6641352266062761
2023-03-31,159996.SZ,801110.SI,0.8970505593764726
2023-03-31,159997.SZ,801080.SI,0.6697843008540976
2023-03-31,159998.SZ,801750.SI,0.8053111789583225
2023-03-31,510200.SH,801790.SI,0.9791733642138928
2023-03-31,510650.SH,801780.SI,0.5694716127988155
2023-03-31,510660.SH,801150.SI,0.8519482863135553
2023-03-31,512000.SH,801790.SI,0.9997820498238388
2023-03-31,512010.SH,801150.SI,0.9573830037876233
2023-03-31,512070.SH,801790.SI,0.9995763555738135
2023-03-31,512120.SH,801150.SI,0.9597533685669828
2023-03-31,512170.SH,801150.SI,0.8014675948063683
2023-03-31,512290.SH,801150.SI,0.9225631144278597
2023-03-31,512400.SH,801050.SI,0.9680750592354147
2023-03-31,512560.SH,801740.SI,0.7864951953800837
2023-03-31,512570.SH,801790.SI,0.9996447142752561
2023-03-31,512580.SH,801730.SI,0.6703475434312152
2023-03-31,512660.SH,801740.SI,0.7891925342879756
2023-03-31,512670.SH,801740.SI,0.8376156497030014
2023-03-31,512680.SH,801740.SI,0.7873432017835162
2023-03-31,512690.SH,801120.SI,0.9997671178275295
2023-03-31,512700.SH,801780.SI,0.9998742930284055
2023-03-31,512710.SH,801740.SI,0.90802547720753
2023-03-31,512720.SH,801750.SI,0.7936284498447878
2023-03-31,512730.SH,801780.SI,0.9968581458460367
2023-03-31,512760.SH,801080.SI,0.6357175606467899
2023-03-31,512800.SH,801780.SI,0.9997309119943405
2023-03-31,512810.SH,801740.SI,0.7850780472849159
2023-03-31,512820.SH,801780.SI,1.0
2023-03-31,512880.SH,801790.SI,0.9999320168102561
2023-03-31,512900.SH,801790.SI,0.9999631672690723
2023-03-31,512930.SH,801750.SI,0.6474158851090532
2023-03-31,512980.SH,801760.SI,0.9685380785227817
2023-03-31,515010.SH,801790.SI,0.9968397554248952
2023-03-31,515020.SH,801780.SI,0.995290346187947
2023-03-31,515050.SH,801080.SI,0.5810677780030865
2023-03-31,515070.SH,801750.SI,0.6470393511164118
2023-03-31,515120.SH,801150.SI,0.926813030808011
2023-03-31,515170.SH,801120.SI,0.9753901539521306
2023-03-31,515210.SH,801040.SI,0.8760894399848024
2023-03-31,515220.SH,801950.SI,0.9996029246514296
2023-03-31,515230.SH,801750.SI,0.8683385468655578
2023-03-31,515260.SH,801080.SI,0.683362618702629
2023-03-31,515290.SH,801780.SI,0.9995296459183444
2023-03-31,515320.SH,801080.SI,0.684334506906089
2023-03-31,515400.SH,801750.SI,0.892153091646985
2023-03-31,515560.SH,801790.SI,0.9998580853670052
2023-03-31,515710.SH,801120.SI,0.9744727450075361
2023-03-31,515790.SH,801730.SI,0.7329000174918806
2023-03-31,515850.SH,801790.SI,0.997339501301385
2023-03-31,515880.SH,801770.SI,0.6103653523902853
2023-03-31,515950.SH,801150.SI,0.9473008990736617
2023-03-31,515960.SH,801150.SI,0.9199166250410226
2023-03-31,515980.SH,801750.SI,0.6542267506810218
2023-03-31,516000.SH,801750.SI,0.8906058040065258
2023-03-31,516010.SH,801760.SI,0.9603968108053118
2023-03-31,516020.SH,801030.SI,0.660149263962706
2023-03-31,516060.SH,801150.SI,0.9274212939109471
2023-03-31,516080.SH,801150.SI,0.9255351021748754
2023-03-31,516090.SH,801730.SI,0.7085473630886925
2023-03-31,516100.SH,801750.SI,0.7582410497366175
2023-03-31,516120.SH,801030.SI,0.6597152599761867
2023-03-31,516150.SH,801050.SI,0.5635033383815319
2023-03-31,516160.SH,801730.SI,0.7089894294577016
2023-03-31,516180.SH,801730.SI,0.7312750580472174
2023-03-31,516190.SH,801760.SI,0.8136968622930747
2023-03-31,516200.SH,801790.SI,1.0
2023-03-31,516210.SH,801780.SI,1.0
2023-03-31,516220.SH,801030.SI,0.6661170352491376
2023-03-31,516270.SH,801730.SI,0.7183958867097863
2023-03-31,516290.SH,801730.SI,0.7323795901668442
2023-03-31,516310.SH,801780.SI,0.9995461063554868
2023-03-31,516320.SH,801730.SI,0.6052707806558724
2023-03-31,516350.SH,801080.SI,0.6487151289794758
2023-03-31,516360.SH,801730.SI,0.5133929419182255
2023-03-31,516500.SH,801150.SI,0.9204759232488295
2023-03-31,516510.SH,801750.SI,0.7839713405813049
2023-03-31,516530.SH,801170.SI,0.9429608412353767
2023-03-31,516570.SH,801030.SI,0.5939226792245279
2023-03-31,516580.SH,801730.SI,0.7114461630275263
2023-03-31,516610.SH,801150.SI,0.7754618918114424
2023-03-31,516620.SH,801760.SI,0.9617305068396336
2023-03-31,516630.SH,801750.SI,0.7832313685086986
2023-03-31,516640.SH,801080.SI,0.6491480670351095
2023-03-31,516650.SH,801050.SI,0.9344987542574755
2023-03-31,516670.SH,801010.SI,0.8849840498486015
2023-03-31,516700.SH,801750.SI,0.8915641657895716
2023-03-31,516710.SH,801730.SI,0.5134048916110554
2023-03-31,516730.SH,801790.SI,0.9999973848699529
2023-03-31,516750.SH,801710.SI,0.9507371959156151
2023-03-31,516760.SH,801010.SI,0.88599785854552
2023-03-31,516770.SH,801760.SI,0.9599905338101554
2023-03-31,516780.SH,801050.SI,0.5609291618246418
2023-03-31,516790.SH,801150.SI,0.777270909138366
2023-03-31,516810.SH,801010.SI,0.5215365990556151
2023-03-31,516820.SH,801150.SI,0.8590449954683689
2023-03-31,516850.SH,801730.SI,0.7089253230629213
2023-03-31,516860.SH,801750.SI,0.7588621699945381
2023-03-31,516880.SH,801730.SI,0.7329569261579723
2023-03-31,516890.SH,801730.SI,0.5146212643476775
2023-03-31,516900.SH,801120.SI,1.0
2023-03-31,516910.SH,801170.SI,0.9430048909511639
2023-03-31,516920.SH,801080.SI,0.6492921539439076
2023-03-31,516930.SH,801150.SI,0.9184600192786724
2023-03-31,516950.SH,801720.SI,0.7594810757183028
2023-03-31,516960.SH,801730.SI,0.7838751771281608
2023-03-31,516970.SH,801720.SI,0.9590875453056797
2023-03-31,516980.SH,801790.SI,1.0
2023-03-31,517110.SH,801150.SI,0.648687674883826
2023-03-31,517120.SH,801150.SI,0.6140862443380611
2023-03-31,517390.SH,801750.SI,0.5878521366392955
2023-03-31,517770.SH,801760.SI,0.5730624603939839
2023-03-31,517900.SH,801780.SI,0.5006027428747941
2023-03-31,560080.SH,801150.SI,1.0
2023-03-31,560660.SH,801750.SI,0.7762969411593208
2023-03-31,560880.SH,801110.SI,0.9017142340674817
2023-03-31,560900.SH,801150.SI,0.9282016415643728
2023-03-31,561100.SH,801080.SI,0.7007534973679262
2023-03-31,561120.SH,801110.SI,0.899944376590186
2023-03-31,561160.SH,801730.SI,0.7581216926276497
2023-03-31,561310.SH,801080.SI,0.6982468828193192
2023-03-31,561330.SH,801050.SI,1.0
2023-03-31,561510.SH,801150.SI,0.9968474261726743
2023-03-31,561560.SH,801160.SI,0.9900498018623669
2023-03-31,561600.SH,801080.SI,0.7118896289817068
2023-03-31,561700.SH,801160.SI,0.9916988248838517
2023-03-31,561800.SH,801050.SI,0.7790111460253552
2023-03-31,561910.SH,801730.SI,0.7589190087873707
2023-03-31,562350.SH,801160.SI,0.990415432634371
2023-03-31,562390.SH,801150.SI,0.9950472972969876
2023-03-31,562800.SH,801050.SI,0.7785018626760448
2023-03-31,562880.SH,801730.SI,0.7595034164366175
2023-03-31,562900.SH,801010.SI,0.6197053888992814
2023-03-31,562910.SH,801730.SI,0.6045042126613981
2023-03-31,562950.SH,801080.SI,0.701460935245704
2023-04-28,159608.SZ,801050.SI,0.7295447146363475
2023-04-28,159609.SZ,801730.SI,0.9232828676968893
2023-04-28,159611.SZ,801160.SI,1.0
2023-04-28,159613.SZ,801750.SI,0.91731618534328
2023-04-28,159616.SZ,801010.SI,0.5598544789532772
2023-04-28,159618.SZ,801730.SI,0.9258924653199186
2023-04-28,159619.SZ,801720.SI,0.7506056588819595
2023-04-28,159625.SZ,801160.SI,0.993019029905109
2023-04-28,159635.SZ,801720.SI,0.7523136036387629
2023-04-28,159638.SZ,801740.SI,0.7817867967040215
2023-04-28,159643.SZ,801150.SI,0.9935647793433088
2023-04-28,159645.SZ,801150.SI,0.9995317791038831
2023-04-28,159647.SZ,801150.SI,0.9974545217077007
2023-04-28,159652.SZ,801050.SI,0.9969039194389873
2023-04-28,159662.SZ,801170.SI,0.998819816389621
2023-04-28,159663.SZ,801890.SI,0.6072506291165967
2023-04-28,159665.SZ,801080.SI,0.66305657119169
2023-04-28,159667.SZ,801890.SI,0.6045092564932942
2023-04-28,159669.SZ,801160.SI,0.94974386521591
2023-04-28,159703.SZ,801730.SI,0.607890793949847
2023-04-28,159707.SZ,801180.SI,0.9946205867273905
2023-04-28,159713.SZ,801050.SI,0.6393064998678872
2023-04-28,159715.SZ,801050.SI,0.642968263958958
2023-04-28,159730.SZ,801110.SI,0.9078900642386808
2023-04-28,159731.SZ,801030.SI,0.5445913552840213
2023-04-28,159732.SZ,801080.SI,1.0
2023-04-28,159736.SZ,801120.SI,0.9995831233339721
2023-04-28,159738.SZ,801750.SI,0.5795619361496122
2023-04-28,159739.SZ,801750.SI,0.8554085325769407
2023-04-28,159745.SZ,801710.SI,0.9965170342773325
2023-04-28,159748.SZ,801150.SI,0.6105343487573515
2023-04-28,159752.SZ,801730.SI,0.8329762463962834
2023-04-28,159755.SZ,801730.SI,0.5521326926437878
2023-04-28,159757.SZ,801730.SI,0.5502811527565113
2023-04-28,159760.SZ,801150.SI,0.9940626363681494
2023-04-28,159761.SZ,801730.SI,0.6003636009898533
2023-04-28,159763.SZ,801730.SI,0.6050571574687638
2023-04-28,159767.SZ,801730.SI,0.5494276162888285
2023-04-28,159768.SZ,801180.SI,0.9994316545030344
2023-04-28,159775.SZ,801730.SI,0.5570327629152914
2023-04-28,159779.SZ,801080.SI,0.7313937294152305
2023-04-28,159786.SZ,801080.SI,0.8666645546727673
2023-04-28,159787.SZ,801710.SI,1.0
2023-04-28,159796.SZ,801730.SI,0.9130587129403964
2023-04-28,159797.SZ,801150.SI,0.8118712981641982
2023-04-28,159801.SZ,801080.SI,0.672827661330993
2023-04-28,159805.SZ,801760.SI,0.9311120019326646
2023-04-28,159813.SZ,801080.SI,0.6741215536827296
2023-04-28,159819.SZ,801750.SI,0.7600048613301681
2023-04-28,159825.SZ,801010.SI,0.8569071046448369
2023-04-28,159827.SZ,801010.SI,0.8641704596018951
2023-04-28,159828.SZ,801150.SI,0.8839773575293608
2023-04-28,159835.SZ,801150.SI,1.0
2023-04-28,159837.SZ,801150.SI,1.0
2023-04-28,159838.SZ,801150.SI,0.9485570942545022
2023-04-28,159839.SZ,801150.SI,0.8923086655854883
2023-04-28,159840.SZ,801730.SI,0.5506206541124343
2023-04-28,159841.SZ,801790.SI,0.9995351181440548
2023-04-28,159842.SZ,801790.SI,0.9972409484481632
2023-04-28,159843.SZ,801120.SI,0.9955917967709208
2023-04-28,159847.SZ,801150.SI,0.8914355341885488
2023-04-28,159848.SZ,801790.SI,0.9998667702323825
2023-04-28,159849.SZ,801150.SI,0.9996560356608281
2023-04-28,159851.SZ,801750.SI,0.7429263862313036
2023-04-28,159852.SZ,801750.SI,0.8536861999343099
2023-04-28,159855.SZ,801760.SI,0.9992306964407909
2023-04-28,159857.SZ,801730.SI,0.9246515361570856
2023-04-28,159858.SZ,801150.SI,0.9998468039900262
2023-04-28,159859.SZ,801150.SI,0.8917078029989541
2023-04-28,159861.SZ,801730.SI,0.749227123169149
2023-04-28,159862.SZ,801120.SI,0.999829123995339
2023-04-28,159863.SZ,801730.SI,0.922484057904135
2023-04-28,159864.SZ,801730.SI,0.9205802126860027
2023-04-28,159865.SZ,801010.SI,0.9045499993719025
2023-04-28,159867.SZ,801010.SI,0.9103837607842965
2023-04-28,159869.SZ,801760.SI,1.0
2023-04-28,159870.SZ,801030.SI,0.6990377965036891
2023-04-28,159871.SZ,801050.SI,1.0
2023-04-28,159872.SZ,801750.SI,0.584050557574051
2023-04-28,159873.SZ,801150.SI,0.8451040202725617
2023-04-28,159875.SZ,801730.SI,0.8190651507814387
2023-04-28,159876.SZ,801050.SI,1.0
2023-04-28,159877.SZ,801150.SI,0.8500180794254758
2023-04-28,159880.SZ,801050.SI,0.9483145222806975
2023-04-28,159881.SZ,801050.SI,0.9438483005129307
2023-04-28,159883.SZ,801150.SI,0.8167781958942131
2023-04-28,159886.SZ,801730.SI,0.8481981668627533
2023-04-28,159887.SZ,801780.SI,0.9965476294646813
2023-04-28,159890.SZ,801750.SI,0.8584368356144427
2023-04-28,159891.SZ,801150.SI,0.856731103985997
2023-04-28,159898.SZ,801150.SI,0.8117630222187796
2023-04-28,159899.SZ,801750.SI,0.854946967456245
2023-04-28,159929.SZ,801150.SI,0.9466127348047856
2023-04-28,159930.SZ,801950.SI,0.6963153301078333
2023-04-28,159931.SZ,801780.SI,0.5425067556679707
2023-04-28,159933.SZ,801780.SI,0.5384793478195994
2023-04-28,159938.SZ,801150.SI,0.9387468089058602
2023-04-28,159940.SZ,801780.SI,0.5423777169657392
2023-04-28,159992.SZ,801150.SI,0.9999264281427017
2023-04-28,159993.SZ,801790.SI,0.9989759664239359
2023-04-28,159994.SZ,801080.SI,0.6878193726954585
2023-04-28,159995.SZ,801080.SI,0.6746727634096422
2023-04-28,159996.SZ,801110.SI,0.9519643523636264
2023-04-28,159997.SZ,801080.SI,0.6496103303218854
2023-04-28,159998.SZ,801750.SI,0.8913629730843818
2023-04-28,510200.SH,801790.SI,0.9956199771388884
2023-04-28,510650.SH,801780.SI,0.5756634684324066
2023-04-28,510660.SH,801150.SI,1.0
2023-04-28,512000.SH,801790.SI,0.9997476454659332
2023-04-28,512010.SH,801150.SI,0.9393855641912768
2023-04-28,512070.SH,801790.SI,1.0
2023-04-28,512120.SH,801150.SI,1.0
2023-04-28,512170.SH,801150.SI,0.8890810883561241
2023-04-28,512290.SH,801150.SI,0.9992586673837611
2023-04-28,512400.SH,801050.SI,0.9993976590715816
2023-04-28,512560.SH,801740.SI,0.930606937818301
2023-04-28,512570.SH,801790.SI,1.0
2023-04-28,512580.SH,801730.SI,0.7468279586748763
2023-04-28,512640.SH,801780.SI,0.5410318203206808
2023-04-28,512660.SH,801740.SI,0.9366110779967208
2023-04-28,512670.SH,801740.SI,0.8624639911332255
2023-04-28,512680.SH,801740.SI,0.9304416574333108
2023-04-28,512690.SH,801120.SI,0.999809065224122
2023-04-28,512700.SH,801780.SI,0.9991750718922344
2023-04-28,512710.SH,801740.SI,0.9192879376274165
2023-04-28,512720.SH,801750.SI,0.8996729221610473
2023-04-28,512730.SH,801780.SI,0.996447735382927
2023-04-28,512760.SH,801080.SI,0.6637476601124321
2023-04-28,512800.SH,801780.SI,0.9994359507205357
2023-04-28,512810.SH,801740.SI,0.9241216673897674
2023-04-28,512820.SH,801780.SI,1.0
2023-04-28,512880.SH,801790.SI,0.9998706173952948
2023-04-28,512900.SH,801790.SI,0.9997783329330787
2023-04-28,512930.SH,801750.SI,0.7563974528834372
2023-04-28,512980.SH,801760.SI,0.9365889573306917
2023-04-28,515010.SH,801790.SI,1.0
2023-04-28,515020.SH,801780.SI,1.0
2023-04-28,515050.SH,801080.SI,0.6892344423764152
2023-04-28,515070.SH,801750.SI,0.7599511760534443
2023-04-28,515120.SH,801150.SI,1.0
2023-04-28,515170.SH,801120.SI,1.0
2023-04-28,515210.SH,801040.SI,0.901990057028685
2023-04-28,515220.SH,801950.SI,0.9991132708913955
2023-04-28,515230.SH,801750.SI,0.847682717970432
2023-04-28,515260.SH,801080.SI,0.709193807183196
2023-04-28,515290.SH,801780.SI,0.9996756257884044
2023-04-28,515320.SH,801080.SI,0.6529208280091184
2023-04-28,515400.SH,801750.SI,0.9984947818470702
2023-04-28,515560.SH,801790.SI,0.9998745279897644
2023-04-28,515710.SH,801120.SI,0.997680147470711
2023-04-28,515790.SH,801730.SI,0.9259085181268896
2023-04-28,515850.SH,801790.SI,0.9922456909311927
2023-04-28,515880.SH,801770.SI,0.6149277259998193
2023-04-28,515950.SH,801150.SI,0.9316524501037736
2023-04-28,515960.SH,801150.SI,0.903238717022999
2023-04-28,515980.SH,801750.SI,0.8314923217700162
2023-04-28,516000.SH,801750.SI,1.0
2023-04-28,516010.SH,801760.SI,0.9974256461118837
2023-04-28,516020.SH,801030.SI,0.698093148091724
2023-04-28,516060.SH,801150.SI,0.9977313471611954
2023-04-28,516080.SH,801150.SI,1.0
2023-04-28,516090.SH,801730.SI,0.8227181597235556
2023-04-28,516100.SH,801750.SI,0.74072804365768
2023-04-28,516120.SH,801030.SI,0.6970953361418131
2023-04-28,516150.SH,801050.SI,0.6411982963262051
2023-04-28,516160.SH,801730.SI,0.8223867797716621
2023-04-28,516180.SH,801730.SI,0.9257858702225263
2023-04-28,516190.SH,801760.SI,0.7841891707659723
2023-04-28,516200.SH,801790.SI,1.0
2023-04-28,516210.SH,801780.SI,1.0
2023-04-28,516220.SH,801030.SI,0.6671532060996953
2023-04-28,516270.SH,801730.SI,0.8330172616870044
2023-04-28,516290.SH,801730.SI,0.9227515912044156
2023-04-28,516310.SH,801780.SI,1.0
2023-04-28,516320.SH,801730.SI,0.842653117705704
2023-04-28,516350.SH,801080.SI,0.601020915898851
2023-04-28,516360.SH,801730.SI,0.6030127620973
2023-04-28,516500.SH,801150.SI,1.0
2023-04-28,516510.SH,801750.SI,0.8588014723787248
2023-04-28,516530.SH,801170.SI,0.9998233977144299
2023-04-28,516570.SH,801030.SI,0.5464296071850007
2023-04-28,516580.SH,801730.SI,0.8226408147785865
2023-04-28,516610.SH,801150.SI,0.8609839015379701
2023-04-28,516620.SH,801760.SI,1.0
2023-04-28,516630.SH,801750.SI,0.8588415373162644
2023-04-28,516640.SH,801080.SI,0.597729604317743
2023-04-28,516650.SH,801050.SI,1.0
2023-04-28,516670.SH,801010.SI,0.910669126884027
2023-04-28,516700.SH,801750.SI,1.0
2023-04-28,516710.SH,801730.SI,0.6083784722763537
2023-04-28,516730.SH,801790.SI,0.999998450956846
2023-04-28,516750.SH,801710.SI,1.0
2023-04-28,516760.SH,801010.SI,0.9123570593725455
2023-04-28,516770.SH,801760.SI,0.994282038617736
2023-04-28,516780.SH,801050.SI,0.6389835951770494
2023-04-28,516790.SH,801150.SI,0.8430580432355996
2023-04-28,516810.SH,801010.SI,0.8640035978254554
2023-04-28,516820.SH,801150.SI,0.903421315854644
2023-04-28,516850.SH,801730.SI,0.8226653115424467
2023-04-28,516860.SH,801750.SI,0.7455440612209864
2023-04-28,516880.SH,801730.SI,0.9255699794069311
2023-04-28,516890.SH,801730.SI,0.6062356421583303
2023-04-28,516900.SH,801120.SI,1.0
2023-04-28,516910.SH,801170.SI,0.9271124097136788
2023-04-28,516920.SH,801080.SI,0.5997223883727264
2023-04-28,516930.SH,801150.SI,0.9982430726891504
2023-04-28,516950.SH,801720.SI,0.7496982101928211
2023-04-28,516960.SH,801730.SI,0.8584326685611718
2023-04-28,516970.SH,801720.SI,1.0
2023-04-28,516980.SH,801790.SI,1.0
2023-04-28,517110.SH,801150.SI,0.6844079232240637
2023-04-28,517120.SH,801150.SI,0.6070737566775684
2023-04-28,517390.SH,801750.SI,0.6259790042767226
2023-04-28,517770.SH,801760.SI,0.5669661629498312
2023-04-28,517900.SH,801780.SI,0.6655420382261251
2023-04-28,560080.SH,801150.SI,1.0
2023-04-28,560660.SH,801750.SI,0.7685059730285991
2023-04-28,560880.SH,801110.SI,0.9528876574926853
2023-04-28,560900.SH,801150.SI,1.0
2023-04-28,560980.SH,801730.SI,1.0
2023-04-28,561100.SH,801080.SI,0.7291485858834212
2023-04-28,561120.SH,801110.SI,0.9533616383641759
2023-04-28,561160.SH,801730.SI,0.9124784643809865
2023-04-28,561310.SH,801080.SI,0.7234582393290114
2023-04-28,561320.SH,801170.SI,0.9993378589091753
2023-04-28,561330.SH,801050.SI,1.0
2023-04-28,561510.SH,801150.SI,0.994162154974524
2023-04-28,561560.SH,801160.SI,0.9946765884267205
2023-04-28,561600.SH,801080.SI,0.7931609789563174
2023-04-28,561700.SH,801160.SI,1.0
2023-04-28,561800.SH,801050.SI,0.7283903187923063
2023-04-28,561910.SH,801730.SI,0.9119885822694842
2023-04-28,562010.SH,801730.SI,0.6441474118374108
2023-04-28,562350.SH,801160.SI,0.9997575134877023
2023-04-28,562390.SH,801150.SI,0.9950254081865637
2023-04-28,562800.SH,801050.SI,0.7311357186129155
2023-04-28,562880.SH,801730.SI,0.9102790249478792
2023-04-28,562900.SH,801010.SI,0.9365903804846182
2023-04-28,562910.SH,801730.SI,0.8428956540907978
2023-04-28,562950.SH,801080.SI,0.7340691298915918
2023-05-31,159608.SZ,801050.SI,0.7295447146363475
2023-05-31,159609.SZ,801730.SI,0.9232828676968893
2023-05-31,159611.SZ,801160.SI,1.0
2023-05-31,159613.SZ,801750.SI,0.91731618534328
2023-05-31,159616.SZ,801010.SI,0.5598544789532772
2023-05-31,159618.SZ,801730.SI,0.9258924653199186
2023-05-31,159619.SZ,801720.SI,0.7506056588819595
2023-05-31,159625.SZ,801160.SI,0.993019029905109
2023-05-31,159635.SZ,801720.SI,0.7523136036387629
2023-05-31,159638.SZ,801740.SI,0.7817867967040215
2023-05-31,159643.SZ,801150.SI,0.9935647793433088
2023-05-31,159645.SZ,801150.SI,0.9995317791038831
2023-05-31,159647.SZ,801150.SI,0.9974545217077007
2023-05-31,159652.SZ,801050.SI,0.9969039194389873
2023-05-31,159662.SZ,801170.SI,0.998819816389621
2023-05-31,159663.SZ,801890.SI,0.6072506291165967
2023-05-31,159665.SZ,801080.SI,0.66305657119169
2023-05-31,159667.SZ,801890.SI,0.6045092564932942
2023-05-31,159669.SZ,801160.SI,0.94974386521591
2023-05-31,159703.SZ,801730.SI,0.607890793949847
2023-05-31,159707.SZ,801180.SI,0.9946205867273905
2023-05-31,159713.SZ,801050.SI,0.6393064998678872
2023-05-31,159715.SZ,801050.SI,0.642968263958958
2023-05-31,159730.SZ,801110.SI,0.9078900642386808
2023-05-31,159731.SZ,801030.SI,0.5445913552840213
2023-05-31,159732.SZ,801080.SI,1.0
2023-05-31,159736.SZ,801120.SI,0.9995831233339721
2023-05-31,159738.SZ,801750.SI,0.5795619361496122
2023-05-31,159739.SZ,801750.SI,0.8554085325769407
2023-05-31,159745.SZ,801710.SI,0.9965170342773325
2023-05-31,159748.SZ,801150.SI,0.6105343487573515
2023-05-31,159752.SZ,801730.SI,0.8329762463962834
2023-05-31,159755.SZ,801730.SI,0.5521326926437878
2023-05-31,159757.SZ,801730.SI,0.5502811527565113
2023-05-31,159760.SZ,801150.SI,0.9940626363681494
2023-05-31,159761.SZ,801730.SI,0.6003636009898533
2023-05-31,159763.SZ,801730.SI,0.6050571574687638
2023-05-31,159767.SZ,801730.SI,0.5494276162888285
2023-05-31,159768.SZ,801180.SI,0.9994316545030344
2023-05-31,159775.SZ,801730.SI,0.5570327629152914
2023-05-31,159779.SZ,801080.SI,0.7313937294152305
2023-05-31,159786.SZ,801080.SI,0.8666645546727673
2023-05-31,159787.SZ,801710.SI,1.0
2023-05-31,159796.SZ,801730.SI,0.9130587129403964
2023-05-31,159797.SZ,801150.SI,0.8118712981641982
2023-05-31,159801.SZ,801080.SI,0.672827661330993
2023-05-31,159805.SZ,801760.SI,0.9311120019326646
2023-05-31,159813.SZ,801080.SI,0.6741215536827296
2023-05-31,159819.SZ,801750.SI,0.7600048613301681
2023-05-31,159825.SZ,801010.SI,0.8569071046448369
2023-05-31,159827.SZ,801010.SI,0.8641704596018951
2023-05-31,159828.SZ,801150.SI,0.8839773575293608
2023-05-31,159835.SZ,801150.SI,1.0
2023-05-31,159837.SZ,801150.SI,1.0
2023-05-31,159838.SZ,801150.SI,0.9485570942545022
2023-05-31,159839.SZ,801150.SI,0.8923086655854883
2023-05-31,159840.SZ,801730.SI,0.5506206541124343
2023-05-31,159841.SZ,801790.SI,0.9995351181440548
2023-05-31,159842.SZ,801790.SI,0.9972409484481632
2023-05-31,159843.SZ,801120.SI,0.9955917967709208
2023-05-31,159847.SZ,801150.SI,0.8914355341885488
2023-05-31,159848.SZ,801790.SI,0.9998667702323825
2023-05-31,159849.SZ,801150.SI,0.9996560356608281
2023-05-31,159851.SZ,801750.SI,0.7429263862313036
2023-05-31,159852.SZ,801750.SI,0.8536861999343099
2023-05-31,159855.SZ,801760.SI,0.9992306964407909
2023-05-31,159857.SZ,801730.SI,0.9246515361570856
2023-05-31,159858.SZ,801150.SI,0.9998468039900262
2023-05-31,159859.SZ,801150.SI,0.8917078029989541
2023-05-31,159861.SZ,801730.SI,0.749227123169149
2023-05-31,159862.SZ,801120.SI,0.999829123995339
2023-05-31,159863.SZ,801730.SI,0.922484057904135
2023-05-31,159864.SZ,801730.SI,0.9205802126860027
2023-05-31,159865.SZ,801010.SI,0.9045499993719025
2023-05-31,159867.SZ,801010.SI,0.9103837607842965
2023-05-31,159869.SZ,801760.SI,1.0
2023-05-31,159870.SZ,801030.SI,0.6990377965036891
2023-05-31,159871.SZ,801050.SI,1.0
2023-05-31,159872.SZ,801750.SI,0.584050557574051
2023-05-31,159873.SZ,801150.SI,0.8451040202725617
2023-05-31,159875.SZ,801730.SI,0.8190651507814387
2023-05-31,159876.SZ,801050.SI,1.0
2023-05-31,159877.SZ,801150.SI,0.8500180794254758
2023-05-31,159880.SZ,801050.SI,0.9483145222806975
2023-05-31,159881.SZ,801050.SI,0.9438483005129307
2023-05-31,159883.SZ,801150.SI,0.8167781958942131
2023-05-31,159886.SZ,801730.SI,0.8481981668627533
2023-05-31,159887.SZ,801780.SI,0.9965476294646813
2023-05-31,159890.SZ,801750.SI,0.8584368356144427
2023-05-31,159891.SZ,801150.SI,0.856731103985997
2023-05-31,159898.SZ,801150.SI,0.8117630222187796
2023-05-31,159899.SZ,801750.SI,0.854946967456245
2023-05-31,159929.SZ,801150.SI,0.9466127348047856
2023-05-31,159930.SZ,801950.SI,0.6963153301078333
2023-05-31,159931.SZ,801780.SI,0.5425067556679707
2023-05-31,159933.SZ,801780.SI,0.5384793478195994
2023-05-31,159938.SZ,801150.SI,0.9387468089058602
2023-05-31,159940.SZ,801780.SI,0.5423777169657392
2023-05-31,159992.SZ,801150.SI,0.9999264281427017
2023-05-31,159993.SZ,801790.SI,0.9989759664239359
2023-05-31,159994.SZ,801080.SI,0.6878193726954585
2023-05-31,159995.SZ,801080.SI,0.6746727634096422
2023-05-31,159996.SZ,801110.SI,0.9519643523636264
2023-05-31,159997.SZ,801080.SI,0.6496103303218854
2023-05-31,159998.SZ,801750.SI,0.8913629730843818
2023-05-31,510200.SH,801790.SI,0.9956199771388884
2023-05-31,510650.SH,801780.SI,0.5756634684324066
2023-05-31,510660.SH,801150.SI,1.0
2023-05-31,512000.SH,801790.SI,0.9997476454659332
2023-05-31,512010.SH,801150.SI,0.9393855641912768
2023-05-31,512070.SH,801790.SI,1.0
2023-05-31,512120.SH,801150.SI,1.0
2023-05-31,512170.SH,801150.SI,0.8890810883561241
2023-05-31,512290.SH,801150.SI,0.9992586673837611
2023-05-31,512400.SH,801050.SI,0.9993976590715816
2023-05-31,512560.SH,801740.SI,0.930606937818301
2023-05-31,512570.SH,801790.SI,1.0
2023-05-31,512580.SH,801730.SI,0.7468279586748763
2023-05-31,512640.SH,801780.SI,0.5410318203206808
2023-05-31,512660.SH,801740.SI,0.9366110779967208
2023-05-31,512670.SH,801740.SI,0.8624639911332255
2023-05-31,512680.SH,801740.SI,0.9304416574333108
2023-05-31,512690.SH,801120.SI,0.999809065224122
2023-05-31,512700.SH,801780.SI,0.9991750718922344
2023-05-31,512710.SH,801740.SI,0.9192879376274165
2023-05-31,512720.SH,801750.SI,0.8996729221610473
2023-05-31,512730.SH,801780.SI,0.996447735382927
2023-05-31,512760.SH,801080.SI,0.6637476601124321
2023-05-31,512800.SH,801780.SI,0.9994359507205357
2023-05-31,512810.SH,801740.SI,0.9241216673897674
2023-05-31,512820.SH,801780.SI,1.0
2023-05-31,512880.SH,801790.SI,0.9998706173952948
2023-05-31,512900.SH,801790.SI,0.9997783329330787
2023-05-31,512930.SH,801750.SI,0.7563974528834372
2023-05-31,512980.SH,801760.SI,0.9365889573306917
2023-05-31,515010.SH,801790.SI,1.0
2023-05-31,515020.SH,801780.SI,1.0
2023-05-31,515050.SH,801080.SI,0.6892344423764152
2023-05-31,515070.SH,801750.SI,0.7599511760534443
2023-05-31,515120.SH,801150.SI,1.0
2023-05-31,515170.SH,801120.SI,1.0
2023-05-31,515210.SH,801040.SI,0.901990057028685
2023-05-31,515220.SH,801950.SI,0.9991132708913955
2023-05-31,515230.SH,801750.SI,0.847682717970432
2023-05-31,515260.SH,801080.SI,0.709193807183196
2023-05-31,515290.SH,801780.SI,0.9996756257884044
2023-05-31,515320.SH,801080.SI,0.6529208280091184
2023-05-31,515400.SH,801750.SI,0.9984947818470702
2023-05-31,515560.SH,801790.SI,0.9998745279897644
2023-05-31,515710.SH,801120.SI,0.997680147470711
2023-05-31,515790.SH,801730.SI,0.9259085181268896
2023-05-31,515850.SH,801790.SI,0.9922456909311927
2023-05-31,515880.SH,801770.SI,0.6149277259998193
2023-05-31,515950.SH,801150.SI,0.9316524501037736
2023-05-31,515960.SH,801150.SI,0.903238717022999
2023-05-31,515980.SH,801750.SI,0.8314923217700162
2023-05-31,516000.SH,801750.SI,1.0
2023-05-31,516010.SH,801760.SI,0.9974256461118837
2023-05-31,516020.SH,801030.SI,0.698093148091724
2023-05-31,516060.SH,801150.SI,0.9977313471611954
2023-05-31,516080.SH,801150.SI,1.0
2023-05-31,516090.SH,801730.SI,0.8227181597235556
2023-05-31,516100.SH,801750.SI,0.74072804365768
2023-05-31,516120.SH,801030.SI,0.6970953361418131
2023-05-31,516150.SH,801050.SI,0.6411982963262051
2023-05-31,516160.SH,801730.SI,0.8223867797716621
2023-05-31,516180.SH,801730.SI,0.9257858702225263
2023-05-31,516190.SH,801760.SI,0.7841891707659723
2023-05-31,516200.SH,801790.SI,1.0
2023-05-31,516210.SH,801780.SI,1.0
2023-05-31,516220.SH,801030.SI,0.6671532060996953
2023-05-31,516270.SH,801730.SI,0.8330172616870044
2023-05-31,516290.SH,801730.SI,0.9227515912044156
2023-05-31,516310.SH,801780.SI,1.0
2023-05-31,516320.SH,801730.SI,0.842653117705704
2023-05-31,516350.SH,801080.SI,0.601020915898851
2023-05-31,516360.SH,801730.SI,0.6030127620973
2023-05-31,516500.SH,801150.SI,1.0
2023-05-31,516510.SH,801750.SI,0.8588014723787248
2023-05-31,516530.SH,801170.SI,0.9998233977144299
2023-05-31,516570.SH,801030.SI,0.5464296071850007
2023-05-31,516580.SH,801730.SI,0.8226408147785865
2023-05-31,516610.SH,801150.SI,0.8609839015379701
2023-05-31,516620.SH,801760.SI,1.0
2023-05-31,516630.SH,801750.SI,0.8588415373162644
2023-05-31,516640.SH,801080.SI,0.597729604317743
2023-05-31,516650.SH,801050.SI,1.0
2023-05-31,516670.SH,801010.SI,0.910669126884027
2023-05-31,516700.SH,801750.SI,1.0
2023-05-31,516710.SH,801730.SI,0.6083784722763537
2023-05-31,516730.SH,801790.SI,0.999998450956846
2023-05-31,516750.SH,801710.SI,1.0
2023-05-31,516760.SH,801010.SI,0.9123570593725455
2023-05-31,516770.SH,801760.SI,0.994282038617736
2023-05-31,516780.SH,801050.SI,0.6389835951770494
2023-05-31,516790.SH,801150.SI,0.8430580432355996
2023-05-31,516810.SH,801010.SI,0.8640035978254554
2023-05-31,516820.SH,801150.SI,0.903421315854644
2023-05-31,516850.SH,801730.SI,0.8226653115424467
2023-05-31,516860.SH,801750.SI,0.7455440612209864
2023-05-31,516880.SH,801730.SI,0.9255699794069311
2023-05-31,516890.SH,801730.SI,0.6062356421583303
2023-05-31,516900.SH,801120.SI,1.0
2023-05-31,516910.SH,801170.SI,0.9271124097136788
2023-05-31,516920.SH,801080.SI,0.5997223883727264
2023-05-31,516930.SH,801150.SI,0.9982430726891504
2023-05-31,516950.SH,801720.SI,0.7496982101928211
2023-05-31,516960.SH,801730.SI,0.8584326685611718
2023-05-31,516970.SH,801720.SI,1.0
2023-05-31,516980.SH,801790.SI,1.0
2023-05-31,517110.SH,801150.SI,0.6844079232240637
2023-05-31,517120.SH,801150.SI,0.6070737566775684
2023-05-31,517390.SH,801750.SI,0.6259790042767226
2023-05-31,517770.SH,801760.SI,0.5669661629498312
2023-05-31,517900.SH,801780.SI,0.6655420382261251
2023-05-31,560080.SH,801150.SI,1.0
2023-05-31,560660.SH,801750.SI,0.7685059730285991
2023-05-31,560880.SH,801110.SI,0.9528876574926853
2023-05-31,560900.SH,801150.SI,1.0
2023-05-31,560980.SH,801730.SI,1.0
2023-05-31,561100.SH,801080.SI,0.7291485858834212
2023-05-31,561120.SH,801110.SI,0.9533616383641759
2023-05-31,561160.SH,801730.SI,0.9124784643809865
2023-05-31,561310.SH,801080.SI,0.7234582393290114
2023-05-31,561320.SH,801170.SI,0.9993378589091753
2023-05-31,561330.SH,801050.SI,1.0
2023-05-31,561510.SH,801150.SI,0.994162154974524
2023-05-31,561560.SH,801160.SI,0.9946765884267205
2023-05-31,561600.SH,801080.SI,0.7931609789563174
2023-05-31,561700.SH,801160.SI,1.0
2023-05-31,561800.SH,801050.SI,0.7283903187923063
2023-05-31,561910.SH,801730.SI,0.9119885822694842
2023-05-31,562010.SH,801730.SI,0.6441474118374108
2023-05-31,562350.SH,801160.SI,0.9997575134877023
2023-05-31,562390.SH,801150.SI,0.9950254081865637
2023-05-31,562800.SH,801050.SI,0.7311357186129155
2023-05-31,562880.SH,801730.SI,0.9102790249478792
2023-05-31,562900.SH,801010.SI,0.9365903804846182
2023-05-31,562910.SH,801730.SI,0.8428956540907978
2023-05-31,562950.SH,801080.SI,0.7340691298915918
2023-06-30,159608.SZ,801050.SI,0.7295447146363475
2023-06-30,159609.SZ,801730.SI,0.9232828676968893
2023-06-30,159611.SZ,801160.SI,1.0
2023-06-30,159613.SZ,801750.SI,0.91731618534328
2023-06-30,159616.SZ,801010.SI,0.5598544789532772
2023-06-30,159618.SZ,801730.SI,0.9258924653199186
2023-06-30,159619.SZ,801720.SI,0.7506056588819595
2023-06-30,159625.SZ,801160.SI,0.993019029905109
2023-06-30,159635.SZ,801720.SI,0.7523136036387629
2023-06-30,159638.SZ,801740.SI,0.7817867967040215
2023-06-30,159643.SZ,801150.SI,0.9935647793433088
2023-06-30,159645.SZ,801150.SI,0.9995317791038831
2023-06-30,159647.SZ,801150.SI,0.9974545217077007
2023-06-30,159652.SZ,801050.SI,0.9969039194389873
2023-06-30,159662.SZ,801170.SI,0.998819816389621
2023-06-30,159663.SZ,801890.SI,0.6072506291165967
2023-06-30,159665.SZ,801080.SI,0.66305657119169
2023-06-30,159667.SZ,801890.SI,0.6045092564932942
2023-06-30,159669.SZ,801160.SI,0.94974386521591
2023-06-30,159703.SZ,801730.SI,0.607890793949847
2023-06-30,159707.SZ,801180.SI,0.9946205867273905
2023-06-30,159713.SZ,801050.SI,0.6393064998678872
2023-06-30,159715.SZ,801050.SI,0.642968263958958
2023-06-30,159730.SZ,801110.SI,0.9078900642386808
2023-06-30,159731.SZ,801030.SI,0.5445913552840213
2023-06-30,159732.SZ,801080.SI,1.0
2023-06-30,159736.SZ,801120.SI,0.9995831233339721
2023-06-30,159738.SZ,801750.SI,0.5795619361496122
2023-06-30,159739.SZ,801750.SI,0.8554085325769407
2023-06-30,159745.SZ,801710.SI,0.9965170342773325
2023-06-30,159748.SZ,801150.SI,0.6105343487573515
2023-06-30,159752.SZ,801730.SI,0.8329762463962834
2023-06-30,159755.SZ,801730.SI,0.5521326926437878
2023-06-30,159757.SZ,801730.SI,0.5502811527565113
2023-06-30,159760.SZ,801150.SI,0.9940626363681494
2023-06-30,159761.SZ,801730.SI,0.6003636009898533
2023-06-30,159763.SZ,801730.SI,0.6050571574687638
2023-06-30,159767.SZ,801730.SI,0.5494276162888285
2023-06-30,159768.SZ,801180.SI,0.9994316545030344
2023-06-30,159775.SZ,801730.SI,0.5570327629152914
2023-06-30,159779.SZ,801080.SI,0.7313937294152305
2023-06-30,159786.SZ,801080.SI,0.8666645546727673
2023-06-30,159787.SZ,801710.SI,1.0
2023-06-30,159796.SZ,801730.SI,0.9130587129403964
2023-06-30,159797.SZ,801150.SI,0.8118712981641982
2023-06-30,159801.SZ,801080.SI,0.672827661330993
2023-06-30,159805.SZ,801760.SI,0.9311120019326646
2023-06-30,159813.SZ,801080.SI,0.6741215536827296
2023-06-30,159819.SZ,801750.SI,0.7600048613301681
2023-06-30,159825.SZ,801010.SI,0.8569071046448369
2023-06-30,159827.SZ,801010.SI,0.8641704596018951
2023-06-30,159828.SZ,801150.SI,0.8839773575293608
2023-06-30,159835.SZ,801150.SI,1.0
2023-06-30,159837.SZ,801150.SI,1.0
2023-06-30,159838.SZ,801150.SI,0.9485570942545022
2023-06-30,159839.SZ,801150.SI,0.8923086655854883
2023-06-30,159840.SZ,801730.SI,0.5506206541124343
2023-06-30,159841.SZ,801790.SI,0.9995351181440548
2023-06-30,159842.SZ,801790.SI,0.9972409484481632
2023-06-30,159843.SZ,801120.SI,0.9955917967709208
2023-06-30,159847.SZ,801150.SI,0.8914355341885488
2023-06-30,159848.SZ,801790.SI,0.9998667702323825
2023-06-30,159849.SZ,801150.SI,0.9996560356608281
2023-06-30,159851.SZ,801750.SI,0.7429263862313036
2023-06-30,159852.SZ,801750.SI,0.8536861999343099
2023-06-30,159855.SZ,801760.SI,0.9992306964407909
2023-06-30,159857.SZ,801730.SI,0.9246515361570856
2023-06-30,159858.SZ,801150.SI,0.9998468039900262
2023-06-30,159859.SZ,801150.SI,0.8917078029989541
2023-06-30,159861.SZ,801730.SI,0.749227123169149
2023-06-30,159862.SZ,801120.SI,0.999829123995339
2023-06-30,159863.SZ,801730.SI,0.922484057904135
2023-06-30,159864.SZ,801730.SI,0.9205802126860027
2023-06-30,159865.SZ,801010.SI,0.9045499993719025
2023-06-30,159867.SZ,801010.SI,0.9103837607842965
2023-06-30,159869.SZ,801760.SI,1.0
2023-06-30,159870.SZ,801030.SI,0.6990377965036891
2023-06-30,159871.SZ,801050.SI,1.0
2023-06-30,159872.SZ,801750.SI,0.584050557574051
2023-06-30,159873.SZ,801150.SI,0.8451040202725617
2023-06-30,159875.SZ,801730.SI,0.8190651507814387
2023-06-30,159876.SZ,801050.SI,1.0
2023-06-30,159877.SZ,801150.SI,0.8500180794254758
2023-06-30,159880.SZ,801050.SI,0.9483145222806975
2023-06-30,159881.SZ,801050.SI,0.9438483005129307
2023-06-30,159883.SZ,801150.SI,0.8167781958942131
2023-06-30,159886.SZ,801730.SI,0.8481981668627533
2023-06-30,159887.SZ,801780.SI,0.9965476294646813
2023-06-30,159890.SZ,801750.SI,0.8584368356144427
2023-06-30,159891.SZ,801150.SI,0.856731103985997
2023-06-30,159898.SZ,801150.SI,0.8117630222187796
2023-06-30,159899.SZ,801750.SI,0.854946967456245
2023-06-30,159929.SZ,801150.SI,0.9466127348047856
2023-06-30,159930.SZ,801950.SI,0.6963153301078333
2023-06-30,159931.SZ,801780.SI,0.5425067556679707
2023-06-30,159933.SZ,801780.SI,0.5384793478195994
2023-06-30,159938.SZ,801150.SI,0.9387468089058602
2023-06-30,159940.SZ,801780.SI,0.5423777169657392
2023-06-30,159992.SZ,801150.SI,0.9999264281427017
2023-06-30,159993.SZ,801790.SI,0.9989759664239359
2023-06-30,159994.SZ,801080.SI,0.6878193726954585
2023-06-30,159995.SZ,801080.SI,0.6746727634096422
2023-06-30,159996.SZ,801110.SI,0.9519643523636264
2023-06-30,159997.SZ,801080.SI,0.6496103303218854
2023-06-30,159998.SZ,801750.SI,0.8913629730843818
2023-06-30,510200.SH,801790.SI,0.9956199771388884
2023-06-30,510650.SH,801780.SI,0.5756634684324066
2023-06-30,510660.SH,801150.SI,1.0
2023-06-30,512000.SH,801790.SI,0.9997476454659332
2023-06-30,512010.SH,801150.SI,0.9393855641912768
2023-06-30,512070.SH,801790.SI,1.0
2023-06-30,512120.SH,801150.SI,1.0
2023-06-30,512170.SH,801150.SI,0.8890810883561241
2023-06-30,512290.SH,801150.SI,0.9992586673837611
2023-06-30,512400.SH,801050.SI,0.9993976590715816
2023-06-30,512560.SH,801740.SI,0.930606937818301
2023-06-30,512570.SH,801790.SI,1.0
2023-06-30,512580.SH,801730.SI,0.7468279586748763
2023-06-30,512640.SH,801780.SI,0.5410318203206808
2023-06-30,512660.SH,801740.SI,0.9366110779967208
2023-06-30,512670.SH,801740.SI,0.8624639911332255
2023-06-30,512680.SH,801740.SI,0.9304416574333108
2023-06-30,512690.SH,801120.SI,0.999809065224122
2023-06-30,512700.SH,801780.SI,0.9991750718922344
2023-06-30,512710.SH,801740.SI,0.9192879376274165
2023-06-30,512720.SH,801750.SI,0.8996729221610473
2023-06-30,512730.SH,801780.SI,0.996447735382927
2023-06-30,512760.SH,801080.SI,0.6637476601124321
2023-06-30,512800.SH,801780.SI,0.9994359507205357
2023-06-30,512810.SH,801740.SI,0.9241216673897674
2023-06-30,512820.SH,801780.SI,1.0
2023-06-30,512880.SH,801790.SI,0.9998706173952948
2023-06-30,512900.SH,801790.SI,0.9997783329330787
2023-06-30,512930.SH,801750.SI,0.7563974528834372
2023-06-30,512980.SH,801760.SI,0.9365889573306917
2023-06-30,515010.SH,801790.SI,1.0
2023-06-30,515020.SH,801780.SI,1.0
2023-06-30,515050.SH,801080.SI,0.6892344423764152
2023-06-30,515070.SH,801750.SI,0.7599511760534443
2023-06-30,515120.SH,801150.SI,1.0
2023-06-30,515170.SH,801120.SI,1.0
2023-06-30,515210.SH,801040.SI,0.901990057028685
2023-06-30,515220.SH,801950.SI,0.9991132708913955
2023-06-30,515230.SH,801750.SI,0.847682717970432
2023-06-30,515260.SH,801080.SI,0.709193807183196
2023-06-30,515290.SH,801780.SI,0.9996756257884044
2023-06-30,515320.SH,801080.SI,0.6529208280091184
2023-06-30,515400.SH,801750.SI,0.9984947818470702
2023-06-30,515560.SH,801790.SI,0.9998745279897644
2023-06-30,515710.SH,801120.SI,0.997680147470711
2023-06-30,515790.SH,801730.SI,0.9259085181268896
2023-06-30,515850.SH,801790.SI,0.9922456909311927
2023-06-30,515880.SH,801770.SI,0.6149277259998193
2023-06-30,515950.SH,801150.SI,0.9316524501037736
2023-06-30,515960.SH,801150.SI,0.903238717022999
2023-06-30,515980.SH,801750.SI,0.8314923217700162
2023-06-30,516000.SH,801750.SI,1.0
2023-06-30,516010.SH,801760.SI,0.9974256461118837
2023-06-30,516020.SH,801030.SI,0.698093148091724
2023-06-30,516060.SH,801150.SI,0.9977313471611954
2023-06-30,516080.SH,801150.SI,1.0
2023-06-30,516090.SH,801730.SI,0.8227181597235556
2023-06-30,516100.SH,801750.SI,0.74072804365768
2023-06-30,516120.SH,801030.SI,0.6970953361418131
2023-06-30,516150.SH,801050.SI,0.6411982963262051
2023-06-30,516160.SH,801730.SI,0.8223867797716621
2023-06-30,516180.SH,801730.SI,0.9257858702225263
2023-06-30,516190.SH,801760.SI,0.7841891707659723
2023-06-30,516200.SH,801790.SI,1.0
2023-06-30,516210.SH,801780.SI,1.0
2023-06-30,516220.SH,801030.SI,0.6671532060996953
2023-06-30,516270.SH,801730.SI,0.8330172616870044
2023-06-30,516290.SH,801730.SI,0.9227515912044156
2023-06-30,516310.SH,801780.SI,1.0
2023-06-30,516320.SH,801730.SI,0.842653117705704
2023-06-30,516350.SH,801080.SI,0.601020915898851
2023-06-30,516360.SH,801730.SI,0.6030127620973
2023-06-30,516500.SH,801150.SI,1.0
2023-06-30,516510.SH,801750.SI,0.8588014723787248
2023-06-30,516530.SH,801170.SI,0.9998233977144299
2023-06-30,516570.SH,801030.SI,0.5464296071850007
2023-06-30,516580.SH,801730.SI,0.8226408147785865
2023-06-30,516610.SH,801150.SI,0.8609839015379701
2023-06-30,516620.SH,801760.SI,1.0
2023-06-30,516630.SH,801750.SI,0.8588415373162644
2023-06-30,516640.SH,801080.SI,0.597729604317743
2023-06-30,516650.SH,801050.SI,1.0
2023-06-30,516670.SH,801010.SI,0.910669126884027
2023-06-30,516700.SH,801750.SI,1.0
2023-06-30,516710.SH,801730.SI,0.6083784722763537
2023-06-30,516730.SH,801790.SI,0.999998450956846
2023-06-30,516750.SH,801710.SI,1.0
2023-06-30,516760.SH,801010.SI,0.9123570593725455
2023-06-30,516770.SH,801760.SI,0.994282038617736
2023-06-30,516780.SH,801050.SI,0.6389835951770494
2023-06-30,516790.SH,801150.SI,0.8430580432355996
2023-06-30,516810.SH,801010.SI,0.8640035978254554
2023-06-30,516820.SH,801150.SI,0.903421315854644
2023-06-30,516850.SH,801730.SI,0.8226653115424467
2023-06-30,516860.SH,801750.SI,0.7455440612209864
2023-06-30,516880.SH,801730.SI,0.9255699794069311
2023-06-30,516890.SH,801730.SI,0.6062356421583303
2023-06-30,516900.SH,801120.SI,1.0
2023-06-30,516910.SH,801170.SI,0.9271124097136788
2023-06-30,516920.SH,801080.SI,0.5997223883727264
2023-06-30,516930.SH,801150.SI,0.9982430726891504
2023-06-30,516950.SH,801720.SI,0.7496982101928211
2023-06-30,516960.SH,801730.SI,0.8584326685611718
2023-06-30,516970.SH,801720.SI,1.0
2023-06-30,516980.SH,801790.SI,1.0
2023-06-30,517110.SH,801150.SI,0.6844079232240637
2023-06-30,517120.SH,801150.SI,0.6070737566775684
2023-06-30,517390.SH,801750.SI,0.6259790042767226
2023-06-30,517770.SH,801760.SI,0.5669661629498312
2023-06-30,517900.SH,801780.SI,0.6655420382261251
2023-06-30,560080.SH,801150.SI,1.0
2023-06-30,560660.SH,801750.SI,0.7685059730285991
2023-06-30,560880.SH,801110.SI,0.9528876574926853
2023-06-30,560900.SH,801150.SI,1.0
2023-06-30,560980.SH,801730.SI,1.0
2023-06-30,561100.SH,801080.SI,0.7291485858834212
2023-06-30,561120.SH,801110.SI,0.9533616383641759
2023-06-30,561160.SH,801730.SI,0.9124784643809865
2023-06-30,561310.SH,801080.SI,0.7234582393290114
2023-06-30,561320.SH,801170.SI,0.9993378589091753
2023-06-30,561330.SH,801050.SI,1.0
2023-06-30,561510.SH,801150.SI,0.994162154974524
2023-06-30,561560.SH,801160.SI,0.9946765884267205
2023-06-30,561600.SH,801080.SI,0.7931609789563174
2023-06-30,561700.SH,801160.SI,1.0
2023-06-30,561800.SH,801050.SI,0.7283903187923063
2023-06-30,561910.SH,801730.SI,0.9119885822694842
2023-06-30,562010.SH,801730.SI,0.6441474118374108
2023-06-30,562350.SH,801160.SI,0.9997575134877023
2023-06-30,562390.SH,801150.SI,0.9950254081865637
2023-06-30,562800.SH,801050.SI,0.7311357186129155
2023-06-30,562880.SH,801730.SI,0.9102790249478792
2023-06-30,562900.SH,801010.SI,0.9365903804846182
2023-06-30,562910.SH,801730.SI,0.8428956540907978
2023-06-30,562950.SH,801080.SI,0.7340691298915918
2023-07-31,159608.SZ,801050.SI,0.7295447146363475
2023-07-31,159609.SZ,801730.SI,0.9232828676968893
2023-07-31,159611.SZ,801160.SI,1.0
2023-07-31,159613.SZ,801750.SI,0.91731618534328
2023-07-31,159616.SZ,801010.SI,0.5598544789532772
2023-07-31,159618.SZ,801730.SI,0.9258924653199186
2023-07-31,159619.SZ,801720.SI,0.7506056588819595
2023-07-31,159625.SZ,801160.SI,0.993019029905109
2023-07-31,159635.SZ,801720.SI,0.7523136036387629
2023-07-31,159638.SZ,801740.SI,0.7817867967040215
2023-07-31,159643.SZ,801150.SI,0.9935647793433088
2023-07-31,159645.SZ,801150.SI,0.9995317791038831
2023-07-31,159647.SZ,801150.SI,0.9974545217077007
2023-07-31,159652.SZ,801050.SI,0.9969039194389873
2023-07-31,159662.SZ,801170.SI,0.998819816389621
2023-07-31,159663.SZ,801890.SI,0.6072506291165967
2023-07-31,159665.SZ,801080.SI,0.66305657119169
2023-07-31,159667.SZ,801890.SI,0.6045092564932942
2023-07-31,159669.SZ,801160.SI,0.94974386521591
2023-07-31,159703.SZ,801730.SI,0.607890793949847
2023-07-31,159707.SZ,801180.SI,0.9946205867273905
2023-07-31,159713.SZ,801050.SI,0.6393064998678872
2023-07-31,159715.SZ,801050.SI,0.642968263958958
2023-07-31,159730.SZ,801110.SI,0.9078900642386808
2023-07-31,159731.SZ,801030.SI,0.5445913552840213
2023-07-31,159732.SZ,801080.SI,1.0
2023-07-31,159736.SZ,801120.SI,0.9995831233339721
2023-07-31,159738.SZ,801750.SI,0.5795619361496122
2023-07-31,159739.SZ,801750.SI,0.8554085325769407
2023-07-31,159745.SZ,801710.SI,0.9965170342773325
2023-07-31,159748.SZ,801150.SI,0.6105343487573515
2023-07-31,159752.SZ,801730.SI,0.8329762463962834
2023-07-31,159755.SZ,801730.SI,0.5521326926437878
2023-07-31,159757.SZ,801730.SI,0.5502811527565113
2023-07-31,159760.SZ,801150.SI,0.9940626363681494
2023-07-31,159761.SZ,801730.SI,0.6003636009898533
2023-07-31,159763.SZ,801730.SI,0.6050571574687638
2023-07-31,159767.SZ,801730.SI,0.5494276162888285
2023-07-31,159768.SZ,801180.SI,0.9994316545030344
2023-07-31,159775.SZ,801730.SI,0.5570327629152914
2023-07-31,159779.SZ,801080.SI,0.7313937294152305
2023-07-31,159786.SZ,801080.SI,0.8666645546727673
2023-07-31,159787.SZ,801710.SI,1.0
2023-07-31,159796.SZ,801730.SI,0.9130587129403964
2023-07-31,159797.SZ,801150.SI,0.8118712981641982
2023-07-31,159801.SZ,801080.SI,0.672827661330993
2023-07-31,159805.SZ,801760.SI,0.9311120019326646
2023-07-31,159813.SZ,801080.SI,0.6741215536827296
2023-07-31,159819.SZ,801750.SI,0.7600048613301681
2023-07-31,159825.SZ,801010.SI,0.8569071046448369
2023-07-31,159827.SZ,801010.SI,0.8641704596018951
2023-07-31,159828.SZ,801150.SI,0.8839773575293608
2023-07-31,159835.SZ,801150.SI,1.0
2023-07-31,159837.SZ,801150.SI,1.0
2023-07-31,159838.SZ,801150.SI,0.9485570942545022
2023-07-31,159839.SZ,801150.SI,0.8923086655854883
2023-07-31,159840.SZ,801730.SI,0.5506206541124343
2023-07-31,159841.SZ,801790.SI,0.9995351181440548
2023-07-31,159842.SZ,801790.SI,0.9972409484481632
2023-07-31,159843.SZ,801120.SI,0.9955917967709208
2023-07-31,159847.SZ,801150.SI,0.8914355341885488
2023-07-31,159848.SZ,801790.SI,0.9998667702323825
2023-07-31,159849.SZ,801150.SI,0.9996560356608281
2023-07-31,159851.SZ,801750.SI,0.7429263862313036
2023-07-31,159852.SZ,801750.SI,0.8536861999343099
2023-07-31,159855.SZ,801760.SI,0.9992306964407909
2023-07-31,159857.SZ,801730.SI,0.9246515361570856
2023-07-31,159858.SZ,801150.SI,0.9998468039900262
2023-07-31,159859.SZ,801150.SI,0.8917078029989541
2023-07-31,159861.SZ,801730.SI,0.749227123169149
2023-07-31,159862.SZ,801120.SI,0.999829123995339
2023-07-31,159863.SZ,801730.SI,0.922484057904135
2023-07-31,159864.SZ,801730.SI,0.9205802126860027
2023-07-31,159865.SZ,801010.SI,0.9045499993719025
2023-07-31,159867.SZ,801010.SI,0.9103837607842965
2023-07-31,159869.SZ,801760.SI,1.0
2023-07-31,159870.SZ,801030.SI,0.6990377965036891
2023-07-31,159871.SZ,801050.SI,1.0
2023-07-31,159872.SZ,801750.SI,0.584050557574051
2023-07-31,159873.SZ,801150.SI,0.8451040202725617
2023-07-31,159875.SZ,801730.SI,0.8190651507814387
2023-07-31,159876.SZ,801050.SI,1.0
2023-07-31,159877.SZ,801150.SI,0.8500180794254758
2023-07-31,159880.SZ,801050.SI,0.9483145222806975
2023-07-31,159881.SZ,801050.SI,0.9438483005129307
2023-07-31,159883.SZ,801150.SI,0.8167781958942131
2023-07-31,159886.SZ,801730.SI,0.8481981668627533
2023-07-31,159887.SZ,801780.SI,0.9965476294646813
2023-07-31,159890.SZ,801750.SI,0.8584368356144427
2023-07-31,159891.SZ,801150.SI,0.856731103985997
2023-07-31,159898.SZ,801150.SI,0.8117630222187796
2023-07-31,159899.SZ,801750.SI,0.854946967456245
2023-07-31,159929.SZ,801150.SI,0.9466127348047856
2023-07-31,159930.SZ,801950.SI,0.6963153301078333
2023-07-31,159931.SZ,801780.SI,0.5425067556679707
2023-07-31,159933.SZ,801780.SI,0.5384793478195994
2023-07-31,159938.SZ,801150.SI,0.9387468089058602
2023-07-31,159940.SZ,801780.SI,0.5423777169657392
2023-07-31,159992.SZ,801150.SI,0.9999264281427017
2023-07-31,159993.SZ,801790.SI,0.9989759664239359
2023-07-31,159994.SZ,801080.SI,0.6878193726954585
2023-07-31,159995.SZ,801080.SI,0.6746727634096422
2023-07-31,159996.SZ,801110.SI,0.9519643523636264
2023-07-31,159997.SZ,801080.SI,0.6496103303218854
2023-07-31,159998.SZ,801750.SI,0.8913629730843818
2023-07-31,510200.SH,801790.SI,0.9956199771388884
2023-07-31,510650.SH,801780.SI,0.5756634684324066
2023-07-31,510660.SH,801150.SI,1.0
2023-07-31,512000.SH,801790.SI,0.9997476454659332
2023-07-31,512010.SH,801150.SI,0.9393855641912768
2023-07-31,512070.SH,801790.SI,1.0
2023-07-31,512120.SH,801150.SI,1.0
2023-07-31,512170.SH,801150.SI,0.8890810883561241
2023-07-31,512290.SH,801150.SI,0.9992586673837611
2023-07-31,512400.SH,801050.SI,0.9993976590715816
2023-07-31,512560.SH,801740.SI,0.930606937818301
2023-07-31,512570.SH,801790.SI,1.0
2023-07-31,512580.SH,801730.SI,0.7468279586748763
2023-07-31,512640.SH,801780.SI,0.5410318203206808
2023-07-31,512660.SH,801740.SI,0.9366110779967208
2023-07-31,512670.SH,801740.SI,0.8624639911332255
2023-07-31,512680.SH,801740.SI,0.9304416574333108
2023-07-31,512690.SH,801120.SI,0.999809065224122
2023-07-31,512700.SH,801780.SI,0.9991750718922344
2023-07-31,512710.SH,801740.SI,0.9192879376274165
2023-07-31,512720.SH,801750.SI,0.8996729221610473
2023-07-31,512730.SH,801780.SI,0.996447735382927
2023-07-31,512760.SH,801080.SI,0.6637476601124321
2023-07-31,512800.SH,801780.SI,0.9994359507205357
2023-07-31,512810.SH,801740.SI,0.9241216673897674
2023-07-31,512820.SH,801780.SI,1.0
2023-07-31,512880.SH,801790.SI,0.9998706173952948
2023-07-31,512900.SH,801790.SI,0.9997783329330787
2023-07-31,512930.SH,801750.SI,0.7563974528834372
2023-07-31,512980.SH,801760.SI,0.9365889573306917
2023-07-31,515010.SH,801790.SI,1.0
2023-07-31,515020.SH,801780.SI,1.0
2023-07-31,515050.SH,801080.SI,0.6892344423764152
2023-07-31,515070.SH,801750.SI,0.7599511760534443
2023-07-31,515120.SH,801150.SI,1.0
2023-07-31,515170.SH,801120.SI,1.0
2023-07-31,515210.SH,801040.SI,0.901990057028685
2023-07-31,515220.SH,801950.SI,0.9991132708913955
2023-07-31,515230.SH,801750.SI,0.847682717970432
2023-07-31,515260.SH,801080.SI,0.709193807183196
2023-07-31,515290.SH,801780.SI,0.9996756257884044
2023-07-31,515320.SH,801080.SI,0.6529208280091184
2023-07-31,515400.SH,801750.SI,0.9984947818470702
2023-07-31,515560.SH,801790.SI,0.9998745279897644
2023-07-31,515710.SH,801120.SI,0.997680147470711
2023-07-31,515790.SH,801730.SI,0.9259085181268896
2023-07-31,515850.SH,801790.SI,0.9922456909311927
2023-07-31,515880.SH,801770.SI,0.6149277259998193
2023-07-31,515950.SH,801150.SI,0.9316524501037736
2023-07-31,515960.SH,801150.SI,0.903238717022999
2023-07-31,515980.SH,801750.SI,0.8314923217700162
2023-07-31,516000.SH,801750.SI,1.0
2023-07-31,516010.SH,801760.SI,0.9974256461118837
2023-07-31,516020.SH,801030.SI,0.698093148091724
2023-07-31,516060.SH,801150.SI,0.9977313471611954
2023-07-31,516080.SH,801150.SI,1.0
2023-07-31,516090.SH,801730.SI,0.8227181597235556
2023-07-31,516100.SH,801750.SI,0.74072804365768
2023-07-31,516120.SH,801030.SI,0.6970953361418131
2023-07-31,516150.SH,801050.SI,0.6411982963262051
2023-07-31,516160.SH,801730.SI,0.8223867797716621
2023-07-31,516180.SH,801730.SI,0.9257858702225263
2023-07-31,516190.SH,801760.SI,0.7841891707659723
2023-07-31,516200.SH,801790.SI,1.0
2023-07-31,516210.SH,801780.SI,1.0
2023-07-31,516220.SH,801030.SI,0.6671532060996953
2023-07-31,516270.SH,801730.SI,0.8330172616870044
2023-07-31,516290.SH,801730.SI,0.9227515912044156
2023-07-31,516310.SH,801780.SI,1.0
2023-07-31,516320.SH,801730.SI,0.842653117705704
2023-07-31,516350.SH,801080.SI,0.601020915898851
2023-07-31,516360.SH,801730.SI,0.6030127620973
2023-07-31,516500.SH,801150.SI,1.0
2023-07-31,516510.SH,801750.SI,0.8588014723787248
2023-07-31,516530.SH,801170.SI,0.9998233977144299
2023-07-31,516570.SH,801030.SI,0.5464296071850007
2023-07-31,516580.SH,801730.SI,0.8226408147785865
2023-07-31,516610.SH,801150.SI,0.8609839015379701
2023-07-31,516620.SH,801760.SI,1.0
2023-07-31,516630.SH,801750.SI,0.8588415373162644
2023-07-31,516640.SH,801080.SI,0.597729604317743
2023-07-31,516650.SH,801050.SI,1.0
2023-07-31,516670.SH,801010.SI,0.910669126884027
2023-07-31,516700.SH,801750.SI,1.0
2023-07-31,516710.SH,801730.SI,0.6083784722763537
2023-07-31,516730.SH,801790.SI,0.999998450956846
2023-07-31,516750.SH,801710.SI,1.0
2023-07-31,516760.SH,801010.SI,0.9123570593725455
2023-07-31,516770.SH,801760.SI,0.994282038617736
2023-07-31,516780.SH,801050.SI,0.6389835951770494
2023-07-31,516790.SH,801150.SI,0.8430580432355996
2023-07-31,516810.SH,801010.SI,0.8640035978254554
2023-07-31,516820.SH,801150.SI,0.903421315854644
2023-07-31,516850.SH,801730.SI,0.8226653115424467
2023-07-31,516860.SH,801750.SI,0.7455440612209864
2023-07-31,516880.SH,801730.SI,0.9255699794069311
2023-07-31,516890.SH,801730.SI,0.6062356421583303
2023-07-31,516900.SH,801120.SI,1.0
2023-07-31,516910.SH,801170.SI,0.9271124097136788
2023-07-31,516920.SH,801080.SI,0.5997223883727264
2023-07-31,516930.SH,801150.SI,0.9982430726891504
2023-07-31,516950.SH,801720.SI,0.7496982101928211
2023-07-31,516960.SH,801730.SI,0.8584326685611718
2023-07-31,516970.SH,801720.SI,1.0
2023-07-31,516980.SH,801790.SI,1.0
2023-07-31,517110.SH,801150.SI,0.6844079232240637
2023-07-31,517120.SH,801150.SI,0.6070737566775684
2023-07-31,517390.SH,801750.SI,0.6259790042767226
2023-07-31,517770.SH,801760.SI,0.5669661629498312
2023-07-31,517900.SH,801780.SI,0.6655420382261251
2023-07-31,560080.SH,801150.SI,1.0
2023-07-31,560660.SH,801750.SI,0.7685059730285991
2023-07-31,560880.SH,801110.SI,0.9528876574926853
2023-07-31,560900.SH,801150.SI,1.0
2023-07-31,560980.SH,801730.SI,1.0
2023-07-31,561100.SH,801080.SI,0.7291485858834212
2023-07-31,561120.SH,801110.SI,0.9533616383641759
2023-07-31,561160.SH,801730.SI,0.9124784643809865
2023-07-31,561310.SH,801080.SI,0.7234582393290114
2023-07-31,561320.SH,801170.SI,0.9993378589091753
2023-07-31,561330.SH,801050.SI,1.0
2023-07-31,561510.SH,801150.SI,0.994162154974524
2023-07-31,561560.SH,801160.SI,0.9946765884267205
2023-07-31,561600.SH,801080.SI,0.7931609789563174
2023-07-31,561700.SH,801160.SI,1.0
2023-07-31,561800.SH,801050.SI,0.7283903187923063
2023-07-31,561910.SH,801730.SI,0.9119885822694842
2023-07-31,562010.SH,801730.SI,0.6441474118374108
2023-07-31,562350.SH,801160.SI,0.9997575134877023
2023-07-31,562390.SH,801150.SI,0.9950254081865637
2023-07-31,562800.SH,801050.SI,0.7311357186129155
2023-07-31,562880.SH,801730.SI,0.9102790249478792
2023-07-31,562900.SH,801010.SI,0.9365903804846182
2023-07-31,562910.SH,801730.SI,0.8428956540907978
2023-07-31,562950.SH,801080.SI,0.7340691298915918
2023-08-31,159608.SZ,801050.SI,0.7878774161210488
2023-08-31,159609.SZ,801730.SI,0.6968534889144165
2023-08-31,159611.SZ,801160.SI,0.9943111755034539
2023-08-31,159613.SZ,801750.SI,0.7984072477195888
2023-08-31,159616.SZ,801010.SI,0.5242668757086216
2023-08-31,159618.SZ,801730.SI,0.7017547051146026
2023-08-31,159619.SZ,801720.SI,0.727165827432325
2023-08-31,159622.SZ,801150.SI,0.6176808297779759
2023-08-31,159625.SZ,801160.SI,0.9433069014833766
2023-08-31,159635.SZ,801720.SI,0.7283156755261745
2023-08-31,159638.SZ,801740.SI,0.8193030488817649
2023-08-31,159643.SZ,801150.SI,0.9302921065043515
2023-08-31,159645.SZ,801150.SI,0.9373331195736159
2023-08-31,159647.SZ,801150.SI,0.9995244261248974
2023-08-31,159652.SZ,801050.SI,0.9461346368835104
2023-08-31,159657.SZ,801150.SI,0.9309812210838699
2023-08-31,159662.SZ,801170.SI,0.9885993622775497
2023-08-31,159663.SZ,801890.SI,0.6448167020617915
2023-08-31,159665.SZ,801080.SI,0.5808662479072292
2023-08-31,159667.SZ,801890.SI,0.649664431908037
2023-08-31,159669.SZ,801160.SI,0.9462918773199541
2023-08-31,159671.SZ,801050.SI,0.789053181666419
2023-08-31,159695.SZ,801770.SI,0.805079032023179
2023-08-31,159697.SZ,801960.SI,0.6996349824781322
2023-08-31,159707.SZ,801180.SI,0.9958253374218645
2023-08-31,159713.SZ,801050.SI,0.5506071762575884
2023-08-31,159715.SZ,801050.SI,0.5507527060407407
2023-08-31,159730.SZ,801110.SI,0.9151176560939226
2023-08-31,159731.SZ,801030.SI,0.6288431563393878
2023-08-31,159732.SZ,801080.SI,0.8284276738614839
2023-08-31,159736.SZ,801120.SI,0.9531294383582408
2023-08-31,159738.SZ,801750.SI,0.559016598510902
2023-08-31,159739.SZ,801750.SI,0.7190150879644901
2023-08-31,159745.SZ,801710.SI,0.9380910140491382
2023-08-31,159748.SZ,801150.SI,0.6181342538836588
2023-08-31,159752.SZ,801730.SI,0.662885142781352
2023-08-31,159755.SZ,801730.SI,0.5945563415487877
2023-08-31,159757.SZ,801730.SI,0.593044505701661
2023-08-31,159760.SZ,801150.SI,0.96311397736272
2023-08-31,159761.SZ,801730.SI,0.5066800660079616
2023-08-31,159767.SZ,801730.SI,0.5920927651166816
2023-08-31,159768.SZ,801180.SI,0.9986472872698968
2023-08-31,159775.SZ,801730.SI,0.5938097312234696
2023-08-31,159779.SZ,801080.SI,0.6992224407703577
2023-08-31,159786.SZ,801080.SI,0.6452103850162855
2023-08-31,159787.SZ,801710.SI,0.9393432213202692
2023-08-31,159796.SZ,801730.SI,0.737186087046448
2023-08-31,159797.SZ,801150.SI,0.7216751057706718
2023-08-31,159801.SZ,801080.SI,0.5817415183761403
2023-08-31,159805.SZ,801760.SI,0.9746388832880285
2023-08-31,159813.SZ,801080.SI,0.5818253789996
2023-08-31,159819.SZ,801750.SI,0.5598827268148695
2023-08-31,159825.SZ,801010.SI,0.783515811889387
2023-08-31,159827.SZ,801010.SI,0.7828036740157744
2023-08-31,159828.SZ,801150.SI,0.799922919161639
2023-08-31,159835.SZ,801150.SI,0.919438256462103
2023-08-31,159837.SZ,801150.SI,0.8912982179927418
2023-08-31,159838.SZ,801150.SI,0.9541292202840108
2023-08-31,159839.SZ,801150.SI,0.8276109402218983
2023-08-31,159840.SZ,801730.SI,0.5932958405006042
2023-08-31,159841.SZ,801790.SI,0.9993576427672505
2023-08-31,159842.SZ,801790.SI,0.999103571325638
2023-08-31,159843.SZ,801120.SI,0.9691517495645384
2023-08-31,159847.SZ,801150.SI,0.8005759901142985
2023-08-31,159848.SZ,801790.SI,1.0
2023-08-31,159849.SZ,801150.SI,0.8952245447696949
2023-08-31,159851.SZ,801750.SI,0.7939786174220425
2023-08-31,159852.SZ,801750.SI,0.8301363462038226
2023-08-31,159855.SZ,801760.SI,0.9603802551709084
2023-08-31,159857.SZ,801730.SI,0.7006441382947214
2023-08-31,159858.SZ,801150.SI,0.9180822720589464
2023-08-31,159859.SZ,801150.SI,0.8286047527229802
2023-08-31,159861.SZ,801730.SI,0.7039082787579424
2023-08-31,159862.SZ,801120.SI,0.9733642306494439
2023-08-31,159863.SZ,801730.SI,0.6990618668406022
2023-08-31,159864.SZ,801730.SI,0.7020267467867853
2023-08-31,159865.SZ,801010.SI,0.880927271998365
2023-08-31,159867.SZ,801010.SI,0.8824912273305663
2023-08-31,159869.SZ,801760.SI,0.9608315380082595
2023-08-31,159870.SZ,801030.SI,0.667714513680781
2023-08-31,159871.SZ,801050.SI,0.9396079015166466
2023-08-31,159873.SZ,801150.SI,0.7595163719031716
2023-08-31,159875.SZ,801730.SI,0.6733115194660225
2023-08-31,159876.SZ,801050.SI,0.9400302951540835
2023-08-31,159877.SZ,801150.SI,0.7693881265581574
2023-08-31,159880.SZ,801050.SI,0.9756820196605929
2023-08-31,159881.SZ,801050.SI,0.9361418911752508
2023-08-31,159883.SZ,801150.SI,0.7209196889419571
2023-08-31,159886.SZ,801730.SI,0.7027211717771715
2023-08-31,159887.SZ,801780.SI,0.9992079732561885
2023-08-31,159890.SZ,801750.SI,0.7297302228527647
2023-08-31,159891.SZ,801150.SI,0.780528319185661
2023-08-31,159898.SZ,801150.SI,0.7141625661310719
2023-08-31,159899.SZ,801750.SI,0.8525421130558236
2023-08-31,159929.SZ,801150.SI,0.9469895053130635
2023-08-31,159930.SZ,801950.SI,0.5983023156634005
2023-08-31,159933.SZ,801780.SI,0.5025291713548892
2023-08-31,159938.SZ,801150.SI,0.9170362570349605
2023-08-31,159992.SZ,801150.SI,0.920096392447418
2023-08-31,159993.SZ,801790.SI,0.9995065289876575
2023-08-31,159995.SZ,801080.SI,0.5822923139404963
2023-08-31,159996.SZ,801110.SI,0.8926277378797911
2023-08-31,159997.SZ,801080.SI,0.5930978807540043
2023-08-31,159998.SZ,801750.SI,0.8448859027505301
2023-08-31,510200.SH,801790.SI,0.9923932662774871
2023-08-31,510650.SH,801780.SI,0.569554340155989
2023-08-31,510660.SH,801150.SI,0.8705963357528425
2023-08-31,512000.SH,801790.SI,0.9998841886824318
2023-08-31,512010.SH,801150.SI,0.9624606604456574
2023-08-31,512070.SH,801790.SI,0.9996313294812996
2023-08-31,512120.SH,801150.SI,0.9677401801138951
2023-08-31,512170.SH,801150.SI,0.8032608970244257
2023-08-31,512290.SH,801150.SI,0.932451344277664
2023-08-31,512400.SH,801050.SI,0.9701236679987121
2023-08-31,512560.SH,801740.SI,0.7792211349531956
2023-08-31,512570.SH,801790.SI,0.9989064157415171
2023-08-31,512580.SH,801730.SI,0.6527213177153093
2023-08-31,512660.SH,801740.SI,0.7816879874550687
2023-08-31,512670.SH,801740.SI,0.8660860158007444
2023-08-31,512680.SH,801740.SI,0.7815716706398225
2023-08-31,512690.SH,801120.SI,0.9972676136886158
2023-08-31,512700.SH,801780.SI,0.9997792044210925
2023-08-31,512710.SH,801740.SI,0.9303922472719652
2023-08-31,512720.SH,801750.SI,0.8468327217325731
2023-08-31,512730.SH,801780.SI,0.9991763429446486
2023-08-31,512760.SH,801080.SI,0.5539249381991683
2023-08-31,512800.SH,801780.SI,0.999654105078822
2023-08-31,512810.SH,801740.SI,0.7795200297465293
2023-08-31,512820.SH,801780.SI,1.0
2023-08-31,512880.SH,801790.SI,0.9999538139016165
2023-08-31,512900.SH,801790.SI,0.9997332785418659
2023-08-31,512930.SH,801750.SI,0.5598002376596257
2023-08-31,512980.SH,801760.SI,0.9774632950278379
2023-08-31,515010.SH,801790.SI,0.9960296936775711
2023-08-31,515020.SH,801780.SI,0.9931856462194002
2023-08-31,515070.SH,801750.SI,0.5587205505661537
2023-08-31,515120.SH,801150.SI,0.9191775316923692
2023-08-31,515170.SH,801120.SI,0.9724341829424111
2023-08-31,515210.SH,801040.SI,0.9265597339062911
2023-08-31,515220.SH,801950.SI,0.9996592966970349
2023-08-31,515230.SH,801750.SI,0.8499165020958981
2023-08-31,515260.SH,801080.SI,0.6202784662102256
2023-08-31,515290.SH,801780.SI,0.999449697745654
2023-08-31,515320.SH,801080.SI,0.624999240248281
2023-08-31,515400.SH,801750.SI,0.8942294431565253
2023-08-31,515560.SH,801790.SI,0.9999629596475389
2023-08-31,515710.SH,801120.SI,0.9709852110737062
2023-08-31,515790.SH,801730.SI,0.7013320881816913
2023-08-31,515850.SH,801790.SI,0.9950166072687056
2023-08-31,515880.SH,801770.SI,0.6473925776502446
2023-08-31,515950.SH,801150.SI,0.9526090046940462
2023-08-31,515960.SH,801150.SI,0.8897880867383607
2023-08-31,515980.SH,801750.SI,0.5507498281994944
2023-08-31,516000.SH,801750.SI,0.8950050801665398
2023-08-31,516010.SH,801760.SI,0.959907148934159
2023-08-31,516020.SH,801030.SI,0.6667566451137555
2023-08-31,516060.SH,801150.SI,0.9197334061409843
2023-08-31,516080.SH,801150.SI,0.9165693322941364
2023-08-31,516090.SH,801730.SI,0.6734780889602215
2023-08-31,516100.SH,801750.SI,0.7936837261321115
2023-08-31,516120.SH,801030.SI,0.6646041802555506
2023-08-31,516150.SH,801050.SI,0.5528929532259744
2023-08-31,516160.SH,801730.SI,0.6750081957229528
2023-08-31,516180.SH,801730.SI,0.699388985979029
2023-08-31,516190.SH,801760.SI,0.8603728385483985
2023-08-31,516200.SH,801790.SI,1.0
2023-08-31,516210.SH,801780.SI,1.0
2023-08-31,516220.SH,801030.SI,0.6727543890773818
2023-08-31,516270.SH,801730.SI,0.6627013875809832
2023-08-31,516290.SH,801730.SI,0.7012319440934838
2023-08-31,516310.SH,801780.SI,0.9981452655204145
2023-08-31,516320.SH,801730.SI,0.5745322220900231
2023-08-31,516350.SH,801080.SI,0.5471808026824403
2023-08-31,516500.SH,801150.SI,0.8892821477224504
2023-08-31,516510.SH,801750.SI,0.7185775856770159
2023-08-31,516530.SH,801170.SI,0.9395232578481596
2023-08-31,516570.SH,801030.SI,0.6283972617559386
2023-08-31,516580.SH,801730.SI,0.6746434592385369
2023-08-31,516610.SH,801150.SI,0.7699329078791448
2023-08-31,516620.SH,801760.SI,0.960511855498845
2023-08-31,516630.SH,801750.SI,0.7193019646484968
2023-08-31,516640.SH,801080.SI,0.5469283490888365
2023-08-31,516650.SH,801050.SI,0.9461048025334067
2023-08-31,516670.SH,801010.SI,0.8831301222319734
2023-08-31,516700.SH,801750.SI,0.8918293746360811
2023-08-31,516730.SH,801790.SI,0.9999985264096334
2023-08-31,516750.SH,801710.SI,0.9387109882929449
2023-08-31,516760.SH,801010.SI,0.8840065728588534
2023-08-31,516770.SH,801760.SI,0.9631547942350348
2023-08-31,516780.SH,801050.SI,0.5518022857753623
2023-08-31,516790.SH,801150.SI,0.7694298718127506
2023-08-31,516810.SH,801010.SI,0.7799885336025594
2023-08-31,516820.SH,801150.SI,0.8018639675913898
2023-08-31,516850.SH,801730.SI,0.6749291618471238
2023-08-31,516860.SH,801750.SI,0.7935843357339625
2023-08-31,516880.SH,801730.SI,0.7012272302623339
2023-08-31,516900.SH,801120.SI,1.0
2023-08-31,516910.SH,801170.SI,0.9387360288902484
2023-08-31,516920.SH,801080.SI,0.548240249570953
2023-08-31,516930.SH,801150.SI,0.8925912349097446
2023-08-31,516950.SH,801720.SI,0.7284902578060904
2023-08-31,516960.SH,801730.SI,0.7090143146166289
2023-08-31,516970.SH,801720.SI,0.9521383616719116
2023-08-31,516980.SH,801790.SI,1.0
2023-08-31,517110.SH,801150.SI,0.6363814693950982
2023-08-31,517120.SH,801150.SI,0.6216373996236112
2023-08-31,517390.SH,801750.SI,0.5619298555726248
2023-08-31,517770.SH,801760.SI,0.628119866618513
2023-08-31,517900.SH,801780.SI,0.6171076244602306
2023-08-31,560080.SH,801150.SI,1.0
2023-08-31,560090.SH,801790.SI,1.0
2023-08-31,560580.SH,801160.SI,0.9943144399085497
2023-08-31,560660.SH,801750.SI,0.6714835368689155
2023-08-31,560860.SH,801050.SI,0.9305017596039162
2023-08-31,560880.SH,801110.SI,0.8934732142501464
2023-08-31,560900.SH,801150.SI,0.9192859757224084
2023-08-31,560980.SH,801730.SI,0.7786947623391569
2023-08-31,561100.SH,801080.SI,0.6979122701573471
2023-08-31,561120.SH,801110.SI,0.8914128976566131
2023-08-31,561160.SH,801730.SI,0.7364096496594953
2023-08-31,561170.SH,801160.SI,0.9933258941298733
2023-08-31,561310.SH,801080.SI,0.7006119301892951
2023-08-31,561320.SH,801170.SI,0.9995863759043053
2023-08-31,561330.SH,801050.SI,0.9981384208386272
2023-08-31,561510.SH,801150.SI,0.9982042496415267
2023-08-31,561560.SH,801160.SI,0.9929419320161859
2023-08-31,561600.SH,801080.SI,0.7012767402477346
2023-08-31,561700.SH,801160.SI,0.9944707746903704
2023-08-31,561800.SH,801050.SI,0.7880878682209738
2023-08-31,561910.SH,801730.SI,0.7357657688998912
2023-08-31,561920.SH,801150.SI,0.7629297725095724
2023-08-31,562010.SH,801730.SI,0.621086754017773
2023-08-31,562350.SH,801160.SI,0.9957582760122221
2023-08-31,562390.SH,801150.SI,1.0
2023-08-31,562550.SH,801160.SI,0.9933138129292628
2023-08-31,562800.SH,801050.SI,0.7887405442692477
2023-08-31,562860.SH,801150.SI,0.7617652684158666
2023-08-31,562880.SH,801730.SI,0.7350742406063374
2023-08-31,562900.SH,801010.SI,0.9384562476682927
2023-08-31,562910.SH,801730.SI,0.5745815067360842
2023-08-31,562950.SH,801080.SI,0.7012732271926844
2023-08-31,562960.SH,801160.SI,0.9933223115127746
2023-09-28,159608.SZ,801050.SI,0.7878774161210488
2023-09-28,159609.SZ,801730.SI,0.6968534889144165
2023-09-28,159611.SZ,801160.SI,0.9943111755034539
2023-09-28,159613.SZ,801750.SI,0.7984072477195888
2023-09-28,159616.SZ,801010.SI,0.5242668757086216
2023-09-28,159618.SZ,801730.SI,0.7017547051146026
2023-09-28,159619.SZ,801720.SI,0.727165827432325
2023-09-28,159622.SZ,801150.SI,0.6176808297779759
2023-09-28,159625.SZ,801160.SI,0.9433069014833766
2023-09-28,159635.SZ,801720.SI,0.7283156755261745
2023-09-28,159638.SZ,801740.SI,0.8193030488817649
2023-09-28,159643.SZ,801150.SI,0.9302921065043515
2023-09-28,159645.SZ,801150.SI,0.9373331195736159
2023-09-28,159647.SZ,801150.SI,0.9995244261248974
2023-09-28,159652.SZ,801050.SI,0.9461346368835104
2023-09-28,159657.SZ,801150.SI,0.9309812210838699
2023-09-28,159662.SZ,801170.SI,0.9885993622775497
2023-09-28,159663.SZ,801890.SI,0.6448167020617915
2023-09-28,159665.SZ,801080.SI,0.5808662479072292
2023-09-28,159667.SZ,801890.SI,0.649664431908037
2023-09-28,159669.SZ,801160.SI,0.9462918773199541
2023-09-28,159671.SZ,801050.SI,0.789053181666419
2023-09-28,159695.SZ,801770.SI,0.805079032023179
2023-09-28,159697.SZ,801960.SI,0.6996349824781322
2023-09-28,159707.SZ,801180.SI,0.9958253374218645
2023-09-28,159713.SZ,801050.SI,0.5506071762575884
2023-09-28,159715.SZ,801050.SI,0.5507527060407407
2023-09-28,159730.SZ,801110.SI,0.9151176560939226
2023-09-28,159731.SZ,801030.SI,0.6288431563393878
2023-09-28,159732.SZ,801080.SI,0.8284276738614839
2023-09-28,159736.SZ,801120.SI,0.9531294383582408
2023-09-28,159738.SZ,801750.SI,0.559016598510902
2023-09-28,159739.SZ,801750.SI,0.7190150879644901
2023-09-28,159745.SZ,801710.SI,0.9380910140491382
2023-09-28,159748.SZ,801150.SI,0.6181342538836588
2023-09-28,159752.SZ,801730.SI,0.662885142781352
2023-09-28,159755.SZ,801730.SI,0.5945563415487877
2023-09-28,159757.SZ,801730.SI,0.593044505701661
2023-09-28,159760.SZ,801150.SI,0.96311397736272
2023-09-28,159761.SZ,801730.SI,0.5066800660079616
2023-09-28,159767.SZ,801730.SI,0.5920927651166816
2023-09-28,159768.SZ,801180.SI,0.9986472872698968
2023-09-28,159775.SZ,801730.SI,0.5938097312234696
2023-09-28,159779.SZ,801080.SI,0.6992224407703577
2023-09-28,159786.SZ,801080.SI,0.6452103850162855
2023-09-28,159787.SZ,801710.SI,0.9393432213202692
2023-09-28,159796.SZ,801730.SI,0.737186087046448
2023-09-28,159797.SZ,801150.SI,0.7216751057706718
2023-09-28,159801.SZ,801080.SI,0.5817415183761403
2023-09-28,159805.SZ,801760.SI,0.9746388832880285
2023-09-28,159813.SZ,801080.SI,0.5818253789996
2023-09-28,159819.SZ,801750.SI,0.5598827268148695
2023-09-28,159825.SZ,801010.SI,0.783515811889387
2023-09-28,159827.SZ,801010.SI,0.7828036740157744
2023-09-28,159828.SZ,801150.SI,0.799922919161639
2023-09-28,159835.SZ,801150.SI,0.919438256462103
2023-09-28,159837.SZ,801150.SI,0.8912982179927418
2023-09-28,159838.SZ,801150.SI,0.9541292202840108
2023-09-28,159839.SZ,801150.SI,0.8276109402218983
2023-09-28,159840.SZ,801730.SI,0.5932958405006042
2023-09-28,159841.SZ,801790.SI,0.9993576427672505
2023-09-28,159842.SZ,801790.SI,0.999103571325638
2023-09-28,159843.SZ,801120.SI,0.9691517495645384
2023-09-28,159847.SZ,801150.SI,0.8005759901142985
2023-09-28,159848.SZ,801790.SI,1.0
2023-09-28,159849.SZ,801150.SI,0.8952245447696949
2023-09-28,159851.SZ,801750.SI,0.7939786174220425
2023-09-28,159852.SZ,801750.SI,0.8301363462038226
2023-09-28,159855.SZ,801760.SI,0.9603802551709084
2023-09-28,159857.SZ,801730.SI,0.7006441382947214
2023-09-28,159858.SZ,801150.SI,0.9180822720589464
2023-09-28,159859.SZ,801150.SI,0.8286047527229802
2023-09-28,159861.SZ,801730.SI,0.7039082787579424
2023-09-28,159862.SZ,801120.SI,0.9733642306494439
2023-09-28,159863.SZ,801730.SI,0.6990618668406022
2023-09-28,159864.SZ,801730.SI,0.7020267467867853
2023-09-28,159865.SZ,801010.SI,0.880927271998365
2023-09-28,159867.SZ,801010.SI,0.8824912273305663
2023-09-28,159869.SZ,801760.SI,0.9608315380082595
2023-09-28,159870.SZ,801030.SI,0.667714513680781
2023-09-28,159871.SZ,801050.SI,0.9396079015166466
2023-09-28,159873.SZ,801150.SI,0.7595163719031716
2023-09-28,159875.SZ,801730.SI,0.6733115194660225
2023-09-28,159876.SZ,801050.SI,0.9400302951540835
2023-09-28,159877.SZ,801150.SI,0.7693881265581574
2023-09-28,159880.SZ,801050.SI,0.9756820196605929
2023-09-28,159881.SZ,801050.SI,0.9361418911752508
2023-09-28,159883.SZ,801150.SI,0.7209196889419571
2023-09-28,159886.SZ,801730.SI,0.7027211717771715
2023-09-28,159887.SZ,801780.SI,0.9992079732561885
2023-09-28,159890.SZ,801750.SI,0.7297302228527647
2023-09-28,159891.SZ,801150.SI,0.780528319185661
2023-09-28,159898.SZ,801150.SI,0.7141625661310719
2023-09-28,159899.SZ,801750.SI,0.8525421130558236
2023-09-28,159929.SZ,801150.SI,0.9469895053130635
2023-09-28,159930.SZ,801950.SI,0.5983023156634005
2023-09-28,159933.SZ,801780.SI,0.5025291713548892
2023-09-28,159938.SZ,801150.SI,0.9170362570349605
2023-09-28,159992.SZ,801150.SI,0.920096392447418
2023-09-28,159993.SZ,801790.SI,0.9995065289876575
2023-09-28,159995.SZ,801080.SI,0.5822923139404963
2023-09-28,159996.SZ,801110.SI,0.8926277378797911
2023-09-28,159997.SZ,801080.SI,0.5930978807540043
2023-09-28,159998.SZ,801750.SI,0.8448859027505301
2023-09-28,510200.SH,801790.SI,0.9923932662774871
2023-09-28,510650.SH,801780.SI,0.569554340155989
2023-09-28,510660.SH,801150.SI,0.8705963357528425
2023-09-28,512000.SH,801790.SI,0.9998841886824318
2023-09-28,512010.SH,801150.SI,0.9624606604456574
2023-09-28,512070.SH,801790.SI,0.9996313294812996
2023-09-28,512120.SH,801150.SI,0.9677401801138951
2023-09-28,512170.SH,801150.SI,0.8032608970244257
2023-09-28,512290.SH,801150.SI,0.932451344277664
2023-09-28,512400.SH,801050.SI,0.9701236679987121
2023-09-28,512560.SH,801740.SI,0.7792211349531956
2023-09-28,512570.SH,801790.SI,0.9989064157415171
2023-09-28,512580.SH,801730.SI,0.6527213177153093
2023-09-28,512660.SH,801740.SI,0.7816879874550687
2023-09-28,512670.SH,801740.SI,0.8660860158007444
2023-09-28,512680.SH,801740.SI,0.7815716706398225
2023-09-28,512690.SH,801120.SI,0.9972676136886158
2023-09-28,512700.SH,801780.SI,0.9997792044210925
2023-09-28,512710.SH,801740.SI,0.9303922472719652
2023-09-28,512720.SH,801750.SI,0.8468327217325731
2023-09-28,512730.SH,801780.SI,0.9991763429446486
2023-09-28,512760.SH,801080.SI,0.5539249381991683
2023-09-28,512800.SH,801780.SI,0.999654105078822
2023-09-28,512810.SH,801740.SI,0.7795200297465293
2023-09-28,512820.SH,801780.SI,1.0
2023-09-28,512880.SH,801790.SI,0.9999538139016165
2023-09-28,512900.SH,801790.SI,0.9997332785418659
2023-09-28,512930.SH,801750.SI,0.5598002376596257
2023-09-28,512980.SH,801760.SI,0.9774632950278379
2023-09-28,515010.SH,801790.SI,0.9960296936775711
2023-09-28,515020.SH,801780.SI,0.9931856462194002
2023-09-28,515070.SH,801750.SI,0.5587205505661537
2023-09-28,515120.SH,801150.SI,0.9191775316923692
2023-09-28,515170.SH,801120.SI,0.9724341829424111
2023-09-28,515210.SH,801040.SI,0.9265597339062911
2023-09-28,515220.SH,801950.SI,0.9996592966970349
2023-09-28,515230.SH,801750.SI,0.8499165020958981
2023-09-28,515260.SH,801080.SI,0.6202784662102256
2023-09-28,515290.SH,801780.SI,0.999449697745654
2023-09-28,515320.SH,801080.SI,0.624999240248281
2023-09-28,515400.SH,801750.SI,0.8942294431565253
2023-09-28,515560.SH,801790.SI,0.9999629596475389
2023-09-28,515710.SH,801120.SI,0.9709852110737062
2023-09-28,515790.SH,801730.SI,0.7013320881816913
2023-09-28,515850.SH,801790.SI,0.9950166072687056
2023-09-28,515880.SH,801770.SI,0.6473925776502446
2023-09-28,515950.SH,801150.SI,0.9526090046940462
2023-09-28,515960.SH,801150.SI,0.8897880867383607
2023-09-28,515980.SH,801750.SI,0.5507498281994944
2023-09-28,516000.SH,801750.SI,0.8950050801665398
2023-09-28,516010.SH,801760.SI,0.959907148934159
2023-09-28,516020.SH,801030.SI,0.6667566451137555
2023-09-28,516060.SH,801150.SI,0.9197334061409843
2023-09-28,516080.SH,801150.SI,0.9165693322941364
2023-09-28,516090.SH,801730.SI,0.6734780889602215
2023-09-28,516100.SH,801750.SI,0.7936837261321115
2023-09-28,516120.SH,801030.SI,0.6646041802555506
2023-09-28,516150.SH,801050.SI,0.5528929532259744
2023-09-28,516160.SH,801730.SI,0.6750081957229528
2023-09-28,516180.SH,801730.SI,0.699388985979029
2023-09-28,516190.SH,801760.SI,0.8603728385483985
2023-09-28,516200.SH,801790.SI,1.0
2023-09-28,516210.SH,801780.SI,1.0
2023-09-28,516220.SH,801030.SI,0.6727543890773818
2023-09-28,516270.SH,801730.SI,0.6627013875809832
2023-09-28,516290.SH,801730.SI,0.7012319440934838
2023-09-28,516310.SH,801780.SI,0.9981452655204145
2023-09-28,516320.SH,801730.SI,0.5745322220900231
2023-09-28,516350.SH,801080.SI,0.5471808026824403
2023-09-28,516500.SH,801150.SI,0.8892821477224504
2023-09-28,516510.SH,801750.SI,0.7185775856770159
2023-09-28,516530.SH,801170.SI,0.9395232578481596
2023-09-28,516570.SH,801030.SI,0.6283972617559386
2023-09-28,516580.SH,801730.SI,0.6746434592385369
2023-09-28,516610.SH,801150.SI,0.7699329078791448
2023-09-28,516620.SH,801760.SI,0.960511855498845
2023-09-28,516630.SH,801750.SI,0.7193019646484968
2023-09-28,516640.SH,801080.SI,0.5469283490888365
2023-09-28,516650.SH,801050.SI,0.9461048025334067
2023-09-28,516670.SH,801010.SI,0.8831301222319734
2023-09-28,516700.SH,801750.SI,0.8918293746360811
2023-09-28,516730.SH,801790.SI,0.9999985264096334
2023-09-28,516750.SH,801710.SI,0.9387109882929449
2023-09-28,516760.SH,801010.SI,0.8840065728588534
2023-09-28,516770.SH,801760.SI,0.9631547942350348
2023-09-28,516780.SH,801050.SI,0.5518022857753623
2023-09-28,516790.SH,801150.SI,0.7694298718127506
2023-09-28,516810.SH,801010.SI,0.7799885336025594
2023-09-28,516820.SH,801150.SI,0.8018639675913898
2023-09-28,516850.SH,801730.SI,0.6749291618471238
2023-09-28,516860.SH,801750.SI,0.7935843357339625
2023-09-28,516880.SH,801730.SI,0.7012272302623339
2023-09-28,516900.SH,801120.SI,1.0
2023-09-28,516910.SH,801170.SI,0.9387360288902484
2023-09-28,516920.SH,801080.SI,0.548240249570953
2023-09-28,516930.SH,801150.SI,0.8925912349097446
2023-09-28,516950.SH,801720.SI,0.7284902578060904
2023-09-28,516960.SH,801730.SI,0.7090143146166289
2023-09-28,516970.SH,801720.SI,0.9521383616719116
2023-09-28,516980.SH,801790.SI,1.0
2023-09-28,517110.SH,801150.SI,0.6363814693950982
2023-09-28,517120.SH,801150.SI,0.6216373996236112
2023-09-28,517390.SH,801750.SI,0.5619298555726248
2023-09-28,517770.SH,801760.SI,0.628119866618513
2023-09-28,517900.SH,801780.SI,0.6171076244602306
2023-09-28,560080.SH,801150.SI,1.0
2023-09-28,560090.SH,801790.SI,1.0
2023-09-28,560580.SH,801160.SI,0.9943144399085497
2023-09-28,560660.SH,801750.SI,0.6714835368689155
2023-09-28,560860.SH,801050.SI,0.9305017596039162
2023-09-28,560880.SH,801110.SI,0.8934732142501464
2023-09-28,560900.SH,801150.SI,0.9192859757224084
2023-09-28,560980.SH,801730.SI,0.7786947623391569
2023-09-28,561100.SH,801080.SI,0.6979122701573471
2023-09-28,561120.SH,801110.SI,0.8914128976566131
2023-09-28,561160.SH,801730.SI,0.7364096496594953
2023-09-28,561170.SH,801160.SI,0.9933258941298733
2023-09-28,561310.SH,801080.SI,0.7006119301892951
2023-09-28,561320.SH,801170.SI,0.9995863759043053
2023-09-28,561330.SH,801050.SI,0.9981384208386272
2023-09-28,561510.SH,801150.SI,0.9982042496415267
2023-09-28,561560.SH,801160.SI,0.9929419320161859
2023-09-28,561600.SH,801080.SI,0.7012767402477346
2023-09-28,561700.SH,801160.SI,0.9944707746903704
2023-09-28,561800.SH,801050.SI,0.7880878682209738
2023-09-28,561910.SH,801730.SI,0.7357657688998912
2023-09-28,561920.SH,801150.SI,0.7629297725095724
2023-09-28,562010.SH,801730.SI,0.621086754017773
2023-09-28,562350.SH,801160.SI,0.9957582760122221
2023-09-28,562390.SH,801150.SI,1.0
2023-09-28,562550.SH,801160.SI,0.9933138129292628
2023-09-28,562800.SH,801050.SI,0.7887405442692477
2023-09-28,562860.SH,801150.SI,0.7617652684158666
2023-09-28,562880.SH,801730.SI,0.7350742406063374
2023-09-28,562900.SH,801010.SI,0.9384562476682927
2023-09-28,562910.SH,801730.SI,0.5745815067360842
2023-09-28,562950.SH,801080.SI,0.7012732271926844
2023-09-28,562960.SH,801160.SI,0.9933223115127746
2023-10-31,159507.SZ,801770.SI,0.8681800979144128
2023-10-31,159508.SZ,801150.SI,0.9187839299962357
2023-10-31,159511.SZ,801770.SI,0.7147371280069083
2023-10-31,159512.SZ,801880.SI,1.0
2023-10-31,159516.SZ,801080.SI,0.8178996003089061
2023-10-31,159608.SZ,801050.SI,0.6909077801692388
2023-10-31,159609.SZ,801730.SI,0.9058353181554193
2023-10-31,159611.SZ,801160.SI,1.0
2023-10-31,159613.SZ,801750.SI,0.8671284704151895
2023-10-31,159616.SZ,801010.SI,0.5577577292721247
2023-10-31,159618.SZ,801730.SI,0.9053658194446974
2023-10-31,159619.SZ,801720.SI,0.7442534795039855
2023-10-31,159622.SZ,801150.SI,0.5386117453007987
2023-10-31,159625.SZ,801160.SI,0.9959814121026377
2023-10-31,159635.SZ,801720.SI,0.744644964185229
2023-10-31,159638.SZ,801740.SI,0.9958064346625827
2023-10-31,159643.SZ,801150.SI,0.9991307022109944
2023-10-31,159645.SZ,801150.SI,1.0
2023-10-31,159647.SZ,801150.SI,0.9995883921419937
2023-10-31,159652.SZ,801050.SI,0.9995624914195447
2023-10-31,159657.SZ,801150.SI,0.9979953855870979
2023-10-31,159662.SZ,801170.SI,0.9993738228531196
2023-10-31,159663.SZ,801890.SI,0.6621581390202892
2023-10-31,159665.SZ,801080.SI,0.9978472100634161
2023-10-31,159667.SZ,801890.SI,0.6623709871498435
2023-10-31,159669.SZ,801160.SI,1.0
2023-10-31,159671.SZ,801050.SI,0.6912254003266586
2023-10-31,159690.SZ,801050.SI,1.0
2023-10-31,159692.SZ,801790.SI,0.9982312801911842
2023-10-31,159695.SZ,801770.SI,0.8675770261122463
2023-10-31,159697.SZ,801960.SI,0.9462355295768182
2023-10-31,159703.SZ,801730.SI,0.5468794656796174
2023-10-31,159707.SZ,801180.SI,0.9981155727148233
2023-10-31,159713.SZ,801050.SI,0.6358170519580696
2023-10-31,159715.SZ,801050.SI,0.6351650521545694
2023-10-31,159730.SZ,801110.SI,0.9208297328145705
2023-10-31,159731.SZ,801030.SI,0.546086437594803
2023-10-31,159732.SZ,801080.SI,1.0
2023-10-31,159736.SZ,801120.SI,0.9997672628922657
2023-10-31,159738.SZ,801750.SI,0.6076515290258877
2023-10-31,159739.SZ,801750.SI,0.8084062905652578
2023-10-31,159745.SZ,801710.SI,0.9978401744875343
2023-10-31,159748.SZ,801150.SI,0.539637515072418
2023-10-31,159752.SZ,801730.SI,0.814717203518539
2023-10-31,159755.SZ,801730.SI,0.5188246693492969
2023-10-31,159757.SZ,801730.SI,0.5149273542843863
2023-10-31,159760.SZ,801150.SI,0.9992633276377708
2023-10-31,159761.SZ,801730.SI,0.5454225586885735
2023-10-31,159763.SZ,801730.SI,0.548423612682488
2023-10-31,159767.SZ,801730.SI,0.5147060411136251
2023-10-31,159768.SZ,801180.SI,0.9980993429406848
2023-10-31,159775.SZ,801730.SI,0.5186341564373541
2023-10-31,159779.SZ,801080.SI,0.9300089809881206
2023-10-31,159786.SZ,801080.SI,0.8466201382187312
2023-10-31,159787.SZ,801710.SI,1.0
2023-10-31,159796.SZ,801730.SI,0.8726153487620952
2023-10-31,159797.SZ,801150.SI,0.8453809143125294
2023-10-31,159801.SZ,801080.SI,1.0
2023-10-31,159805.SZ,801760.SI,0.9982118386746571
2023-10-31,159811.SZ,801770.SI,0.5153372106269796
2023-10-31,159813.SZ,801080.SI,0.9998658862814997
2023-10-31,159819.SZ,801750.SI,0.721763306197389
2023-10-31,159825.SZ,801010.SI,0.844371630455758
2023-10-31,159827.SZ,801010.SI,0.8437378676079549
2023-10-31,159828.SZ,801150.SI,0.9041873609212251
2023-10-31,159835.SZ,801150.SI,1.0
2023-10-31,159837.SZ,801150.SI,1.0
2023-10-31,159838.SZ,801150.SI,0.9479460153546145
2023-10-31,159839.SZ,801150.SI,0.9184968971242569
2023-10-31,159840.SZ,801730.SI,0.5187108982446178
2023-10-31,159841.SZ,801790.SI,0.9996617715406486
2023-10-31,159842.SZ,801790.SI,0.9964691497468539
2023-10-31,159843.SZ,801120.SI,0.9988263373934363
2023-10-31,159847.SZ,801150.SI,0.9132963118368409
2023-10-31,159848.SZ,801790.SI,1.0
2023-10-31,159849.SZ,801150.SI,0.9997815516680293
2023-10-31,159851.SZ,801750.SI,0.7304918679953731
2023-10-31,159852.SZ,801750.SI,0.997109357720297
2023-10-31,159855.SZ,801760.SI,1.0
2023-10-31,159857.SZ,801730.SI,0.9049777144200003
2023-10-31,159858.SZ,801150.SI,0.9996538396819838
2023-10-31,159859.SZ,801150.SI,0.917030027953083
2023-10-31,159861.SZ,801730.SI,0.6992914851426763
2023-10-31,159862.SZ,801120.SI,1.0
2023-10-31,159863.SZ,801730.SI,0.9048797275852355
2023-10-31,159864.SZ,801730.SI,0.9045843972170707
2023-10-31,159865.SZ,801010.SI,0.89589235313616
2023-10-31,159867.SZ,801010.SI,0.8990278236482898
2023-10-31,159869.SZ,801760.SI,1.0
2023-10-31,159870.SZ,801030.SI,0.6916989930138772
2023-10-31,159871.SZ,801050.SI,1.0
2023-10-31,159873.SZ,801150.SI,0.8690437599710455
2023-10-31,159875.SZ,801730.SI,0.8009221240739028
2023-10-31,159876.SZ,801050.SI,1.0
2023-10-31,159877.SZ,801150.SI,0.869741728362602
2023-10-31,159880.SZ,801050.SI,1.0
2023-10-31,159881.SZ,801050.SI,0.9990551685216895
2023-10-31,159883.SZ,801150.SI,0.8455943973772355
2023-10-31,159886.SZ,801730.SI,0.7642342707549046
2023-10-31,159887.SZ,801780.SI,0.9995472832040997
2023-10-31,159890.SZ,801750.SI,0.8767352257238253
2023-10-31,159891.SZ,801150.SI,0.8635236327725024
2023-10-31,159898.SZ,801150.SI,0.8449355905908953
2023-10-31,159899.SZ,801750.SI,0.998217961526682
2023-10-31,159929.SZ,801150.SI,0.9531231135289817
2023-10-31,159930.SZ,801950.SI,0.6024350852632447
2023-10-31,159931.SZ,801780.SI,0.5829869038072552
2023-10-31,159933.SZ,801780.SI,0.583081899385748
2023-10-31,159938.SZ,801150.SI,0.9529119257332633
2023-10-31,159939.SZ,801080.SI,0.6811956395407621
2023-10-31,159940.SZ,801780.SI,0.5831081333258266
2023-10-31,159992.SZ,801150.SI,0.9998729299736697
2023-10-31,159993.SZ,801790.SI,0.9997114258065749
2023-10-31,159994.SZ,801080.SI,0.5345906464748748
2023-10-31,159995.SZ,801080.SI,1.0
2023-10-31,159996.SZ,801110.SI,0.9426943721354168
2023-10-31,159997.SZ,801080.SI,0.8348745930197617
2023-10-31,159998.SZ,801750.SI,0.9993873067503812
2023-10-31,510200.SH,801790.SI,0.9944146820430317
2023-10-31,510650.SH,801780.SI,0.5693178767148277
2023-10-31,510660.SH,801150.SI,1.0
2023-10-31,512000.SH,801790.SI,0.999942817293938
2023-10-31,512010.SH,801150.SI,0.9530033357003881
2023-10-31,512070.SH,801790.SI,1.0
2023-10-31,512120.SH,801150.SI,1.0
2023-10-31,512170.SH,801150.SI,0.915193285641014
2023-10-31,512290.SH,801150.SI,0.9992119652471765
2023-10-31,512400.SH,801050.SI,0.9996819978403372
2023-10-31,512560.SH,801740.SI,1.0
2023-10-31,512570.SH,801790.SI,1.0
2023-10-31,512580.SH,801730.SI,0.6946356528225124
2023-10-31,512640.SH,801780.SI,0.5821279910451901
2023-10-31,512660.SH,801740.SI,0.9989256547824924
2023-10-31,512670.SH,801740.SI,0.9995791704180202
2023-10-31,512680.SH,801740.SI,1.0
2023-10-31,512690.SH,801120.SI,0.9999758108603297
2023-10-31,512700.SH,801780.SI,0.9998504809716036
2023-10-31,512710.SH,801740.SI,0.9998956878399465
2023-10-31,512720.SH,801750.SI,0.9972405376126464
2023-10-31,512730.SH,801780.SI,0.9993640580840581
2023-10-31,512760.SH,801080.SI,0.9999664546304032
2023-10-31,512800.SH,801780.SI,0.9992801459674012
2023-10-31,512810.SH,801740.SI,0.9982859199881755
2023-10-31,512820.SH,801780.SI,1.0
2023-10-31,512880.SH,801790.SI,0.9998337831903255
2023-10-31,512900.SH,801790.SI,0.9997291508146816
2023-10-31,512930.SH,801750.SI,0.7210897534134428
2023-10-31,512980.SH,801760.SI,1.0
2023-10-31,515010.SH,801790.SI,1.0
2023-10-31,515020.SH,801780.SI,1.0
2023-10-31,515050.SH,801080.SI,0.534824286310466
2023-10-31,515070.SH,801750.SI,0.7208024512115576
2023-10-31,515120.SH,801150.SI,1.0
2023-10-31,515170.SH,801120.SI,1.0
2023-10-31,515210.SH,801040.SI,0.9991306156823199
2023-10-31,515220.SH,801950.SI,0.9996144316462048
2023-10-31,515230.SH,801750.SI,0.9995034257615732
2023-10-31,515260.SH,801080.SI,0.8352931247370973
2023-10-31,515290.SH,801780.SI,0.9997849919301379
2023-10-31,515320.SH,801080.SI,0.8356275776542096
2023-10-31,515400.SH,801750.SI,0.9996683495790541
2023-10-31,515560.SH,801790.SI,1.0
2023-10-31,515710.SH,801120.SI,0.9976674979081696
2023-10-31,515790.SH,801730.SI,0.9052545972086036
2023-10-31,515850.SH,801790.SI,0.9993949289662797
2023-10-31,515880.SH,801770.SI,0.6202610377262384
2023-10-31,515950.SH,801150.SI,0.9465770292019958
2023-10-31,515960.SH,801150.SI,0.9275434482389493
2023-10-31,515980.SH,801750.SI,0.6989144715563929
2023-10-31,516000.SH,801750.SI,1.0
2023-10-31,516010.SH,801760.SI,0.9976361763225334
2023-10-31,516020.SH,801030.SI,0.6906941226078963
2023-10-31,516060.SH,801150.SI,0.9986230782304887
2023-10-31,516080.SH,801150.SI,1.0
2023-10-31,516090.SH,801730.SI,0.8036573964115448
2023-10-31,516100.SH,801750.SI,0.7297706733830216
2023-10-31,516120.SH,801030.SI,0.6885769553966471
2023-10-31,516150.SH,801050.SI,0.6333699171760397
2023-10-31,516160.SH,801730.SI,0.803441596158015
2023-10-31,516180.SH,801730.SI,0.9060430320483199
2023-10-31,516190.SH,801760.SI,0.7168823409064888
2023-10-31,516200.SH,801790.SI,1.0
2023-10-31,516210.SH,801780.SI,1.0
2023-10-31,516220.SH,801030.SI,0.694005245899301
2023-10-31,516270.SH,801730.SI,0.8147243667974289
2023-10-31,516290.SH,801730.SI,0.9050323823726396
2023-10-31,516310.SH,801780.SI,1.0
2023-10-31,516320.SH,801730.SI,0.7623394921099169
2023-10-31,516350.SH,801080.SI,1.0
2023-10-31,516360.SH,801730.SI,0.5431866931303355
2023-10-31,516500.SH,801150.SI,1.0
2023-10-31,516510.SH,801750.SI,0.8091835988391806
2023-10-31,516530.SH,801170.SI,1.0
2023-10-31,516550.SH,801010.SI,0.5035747118625972
2023-10-31,516570.SH,801030.SI,0.5464583647565484
2023-10-31,516580.SH,801730.SI,0.8027644469118116
2023-10-31,516610.SH,801150.SI,0.8706536219909837
2023-10-31,516620.SH,801760.SI,1.0
2023-10-31,516630.SH,801750.SI,0.8090812240487958
2023-10-31,516640.SH,801080.SI,0.9996796851600285
2023-10-31,516650.SH,801050.SI,1.0
2023-10-31,516670.SH,801010.SI,0.8958822735712788
2023-10-31,516700.SH,801750.SI,1.0
2023-10-31,516710.SH,801730.SI,0.546845967132521
2023-10-31,516730.SH,801790.SI,1.0
2023-10-31,516750.SH,801710.SI,0.9998961319098264
2023-10-31,516760.SH,801010.SI,0.899569619890526
2023-10-31,516770.SH,801760.SI,0.998377861925863
2023-10-31,516780.SH,801050.SI,0.6342652999108246
2023-10-31,516790.SH,801150.SI,0.8666905758401646
2023-10-31,516800.SH,801080.SI,0.5612568581427808
2023-10-31,516810.SH,801010.SI,0.8443948090062511
2023-10-31,516820.SH,801150.SI,0.8984898852650773
2023-10-31,516850.SH,801730.SI,0.8035921952806346
2023-10-31,516860.SH,801750.SI,0.729713769916253
2023-10-31,516880.SH,801730.SI,0.9046395847319411
2023-10-31,516890.SH,801730.SI,0.5459457864396707
2023-10-31,516900.SH,801120.SI,1.0
2023-10-31,516910.SH,801170.SI,0.9994740939729209
2023-10-31,516920.SH,801080.SI,0.9998657472888146
2023-10-31,516930.SH,801150.SI,1.0
2023-10-31,516950.SH,801720.SI,0.7439874596267434
2023-10-31,516960.SH,801730.SI,0.76489387319334
2023-10-31,516970.SH,801720.SI,1.0
2023-10-31,516980.SH,801790.SI,1.0
2023-10-31,517110.SH,801150.SI,0.5868791155926544
2023-10-31,517120.SH,801150.SI,0.5406232033320709
2023-10-31,517390.SH,801750.SI,0.6003231302941575
2023-10-31,560080.SH,801150.SI,0.9999613779089628
2023-10-31,560090.SH,801790.SI,1.0
2023-10-31,560580.SH,801160.SI,0.9999627190729243
2023-10-31,560660.SH,801750.SI,0.7665944702616395
2023-10-31,560860.SH,801050.SI,0.9999536955891233
2023-10-31,560880.SH,801110.SI,0.9428817927763327
2023-10-31,560900.SH,801150.SI,1.0
2023-10-31,560980.SH,801730.SI,1.0
2023-10-31,561100.SH,801080.SI,0.9339205974656327
2023-10-31,561120.SH,801110.SI,0.9421366078430026
2023-10-31,561160.SH,801730.SI,0.8721776780022158
2023-10-31,561170.SH,801160.SI,0.9993143195485046
2023-10-31,561310.SH,801080.SI,0.9301793481390652
2023-10-31,561320.SH,801170.SI,0.9991637269410488
2023-10-31,561330.SH,801050.SI,1.0
2023-10-31,561510.SH,801150.SI,0.9985021461668427
2023-10-31,561560.SH,801160.SI,0.9946416815449541
2023-10-31,561600.SH,801080.SI,0.932429057266533
2023-10-31,561700.SH,801160.SI,1.0
2023-10-31,561800.SH,801050.SI,0.6900738755629846
2023-10-31,561910.SH,801730.SI,0.8709622778096869
2023-10-31,561920.SH,801150.SI,0.9993420220550788
2023-10-31,562010.SH,801730.SI,0.6062213246588646
2023-10-31,562030.SH,801750.SI,0.8523721474488738
2023-10-31,562350.SH,801160.SI,1.0
2023-10-31,562390.SH,801150.SI,1.0
2023-10-31,562550.SH,801160.SI,1.0
2023-10-31,562800.SH,801050.SI,0.6888584703846127
2023-10-31,562860.SH,801150.SI,0.9961062878360544
2023-10-31,562880.SH,801730.SI,0.871998141989603
2023-10-31,562900.SH,801010.SI,0.9274084872331898
2023-10-31,562910.SH,801730.SI,0.7623889965594722
2023-10-31,562920.SH,801750.SI,0.8685612981118543
2023-10-31,562930.SH,801750.SI,1.0
2023-10-31,562950.SH,801080.SI,0.932443420414892
2023-10-31,562960.SH,801160.SI,1.0
2023-10-31,563010.SH,801770.SI,0.844438367840499
2023-10-31,588200.SH,801080.SI,0.9415851234298377
2023-10-31,588290.SH,801080.SI,0.9416118448745684
2023-11-30,159507.SZ,801770.SI,0.8681800979144128
2023-11-30,159508.SZ,801150.SI,0.9187839299962357
2023-11-30,159511.SZ,801770.SI,0.7147371280069083
2023-11-30,159512.SZ,801880.SI,1.0
2023-11-30,159516.SZ,801080.SI,0.8178996003089061
2023-11-30,159608.SZ,801050.SI,0.6909077801692388
2023-11-30,159609.SZ,801730.SI,0.9058353181554193
2023-11-30,159611.SZ,801160.SI,1.0
2023-11-30,159613.SZ,801750.SI,0.8671284704151895
2023-11-30,159616.SZ,801010.SI,0.5577577292721247
2023-11-30,159618.SZ,801730.SI,0.9053658194446974
2023-11-30,159619.SZ,801720.SI,0.7442534795039855
2023-11-30,159622.SZ,801150.SI,0.5386117453007987
2023-11-30,159625.SZ,801160.SI,0.9959814121026377
2023-11-30,159635.SZ,801720.SI,0.744644964185229
2023-11-30,159638.SZ,801740.SI,0.9958064346625827
2023-11-30,159643.SZ,801150.SI,0.9991307022109944
2023-11-30,159645.SZ,801150.SI,1.0
2023-11-30,159647.SZ,801150.SI,0.9995883921419937
2023-11-30,159652.SZ,801050.SI,0.9995624914195447
2023-11-30,159657.SZ,801150.SI,0.9979953855870979
2023-11-30,159662.SZ,801170.SI,0.9993738228531196
2023-11-30,159663.SZ,801890.SI,0.6621581390202892
2023-11-30,159665.SZ,801080.SI,0.9978472100634161
2023-11-30,159667.SZ,801890.SI,0.6623709871498435
2023-11-30,159669.SZ,801160.SI,1.0
2023-11-30,159671.SZ,801050.SI,0.6912254003266586
2023-11-30,159690.SZ,801050.SI,1.0
2023-11-30,159692.SZ,801790.SI,0.9982312801911842
2023-11-30,159695.SZ,801770.SI,0.8675770261122463
2023-11-30,159697.SZ,801960.SI,0.9462355295768182
2023-11-30,159703.SZ,801730.SI,0.5468794656796174
2023-11-30,159707.SZ,801180.SI,0.9981155727148233
2023-11-30,159713.SZ,801050.SI,0.6358170519580696
2023-11-30,159715.SZ,801050.SI,0.6351650521545694
2023-11-30,159730.SZ,801110.SI,0.9208297328145705
2023-11-30,159731.SZ,801030.SI,0.546086437594803
2023-11-30,159732.SZ,801080.SI,1.0
2023-11-30,159736.SZ,801120.SI,0.9997672628922657
2023-11-30,159738.SZ,801750.SI,0.6076515290258877
2023-11-30,159739.SZ,801750.SI,0.8084062905652578
2023-11-30,159745.SZ,801710.SI,0.9978401744875343
2023-11-30,159748.SZ,801150.SI,0.539637515072418
2023-11-30,159752.SZ,801730.SI,0.814717203518539
2023-11-30,159755.SZ,801730.SI,0.5188246693492969
2023-11-30,159757.SZ,801730.SI,0.5149273542843863
2023-11-30,159760.SZ,801150.SI,0.9992633276377708
2023-11-30,159761.SZ,801730.SI,0.5454225586885735
2023-11-30,159763.SZ,801730.SI,0.548423612682488
2023-11-30,159767.SZ,801730.SI,0.5147060411136251
2023-11-30,159768.SZ,801180.SI,0.9980993429406848
2023-11-30,159775.SZ,801730.SI,0.5186341564373541
2023-11-30,159779.SZ,801080.SI,0.9300089809881206
2023-11-30,159786.SZ,801080.SI,0.8466201382187312
2023-11-30,159787.SZ,801710.SI,1.0
2023-11-30,159796.SZ,801730.SI,0.8726153487620952
2023-11-30,159797.SZ,801150.SI,0.8453809143125294
2023-11-30,159801.SZ,801080.SI,1.0
2023-11-30,159805.SZ,801760.SI,0.9982118386746571
2023-11-30,159811.SZ,801770.SI,0.5153372106269796
2023-11-30,159813.SZ,801080.SI,0.9998658862814997
2023-11-30,159819.SZ,801750.SI,0.721763306197389
2023-11-30,159825.SZ,801010.SI,0.844371630455758
2023-11-30,159827.SZ,801010.SI,0.8437378676079549
2023-11-30,159828.SZ,801150.SI,0.9041873609212251
2023-11-30,159835.SZ,801150.SI,1.0
2023-11-30,159837.SZ,801150.SI,1.0
2023-11-30,159838.SZ,801150.SI,0.9479460153546145
2023-11-30,159839.SZ,801150.SI,0.9184968971242569
2023-11-30,159840.SZ,801730.SI,0.5187108982446178
2023-11-30,159841.SZ,801790.SI,0.9996617715406486
2023-11-30,159842.SZ,801790.SI,0.9964691497468539
2023-11-30,159843.SZ,801120.SI,0.9988263373934363
2023-11-30,159847.SZ,801150.SI,0.9132963118368409
2023-11-30,159848.SZ,801790.SI,1.0
2023-11-30,159849.SZ,801150.SI,0.9997815516680293
2023-11-30,159851.SZ,801750.SI,0.7304918679953731
2023-11-30,159852.SZ,801750.SI,0.997109357720297
2023-11-30,159855.SZ,801760.SI,1.0
2023-11-30,159857.SZ,801730.SI,0.9049777144200003
2023-11-30,159858.SZ,801150.SI,0.9996538396819838
2023-11-30,159859.SZ,801150.SI,0.917030027953083
2023-11-30,159861.SZ,801730.SI,0.6992914851426763
2023-11-30,159862.SZ,801120.SI,1.0
2023-11-30,159863.SZ,801730.SI,0.9048797275852355
2023-11-30,159864.SZ,801730.SI,0.9045843972170707
2023-11-30,159865.SZ,801010.SI,0.89589235313616
2023-11-30,159867.SZ,801010.SI,0.8990278236482898
2023-11-30,159869.SZ,801760.SI,1.0
2023-11-30,159870.SZ,801030.SI,0.6916989930138772
2023-11-30,159871.SZ,801050.SI,1.0
2023-11-30,159873.SZ,801150.SI,0.8690437599710455
2023-11-30,159875.SZ,801730.SI,0.8009221240739028
2023-11-30,159876.SZ,801050.SI,1.0
2023-11-30,159877.SZ,801150.SI,0.869741728362602
2023-11-30,159880.SZ,801050.SI,1.0
2023-11-30,159881.SZ,801050.SI,0.9990551685216895
2023-11-30,159883.SZ,801150.SI,0.8455943973772355
2023-11-30,159886.SZ,801730.SI,0.7642342707549046
2023-11-30,159887.SZ,801780.SI,0.9995472832040997
2023-11-30,159890.SZ,801750.SI,0.8767352257238253
2023-11-30,159891.SZ,801150.SI,0.8635236327725024
2023-11-30,159898.SZ,801150.SI,0.8449355905908953
2023-11-30,159899.SZ,801750.SI,0.998217961526682
2023-11-30,159929.SZ,801150.SI,0.9531231135289817
2023-11-30,159930.SZ,801950.SI,0.6024350852632447
2023-11-30,159931.SZ,801780.SI,0.5829869038072552
2023-11-30,159933.SZ,801780.SI,0.583081899385748
2023-11-30,159938.SZ,801150.SI,0.9529119257332633
2023-11-30,159939.SZ,801080.SI,0.6811956395407621
2023-11-30,159940.SZ,801780.SI,0.5831081333258266
2023-11-30,159992.SZ,801150.SI,0.9998729299736697
2023-11-30,159993.SZ,801790.SI,0.9997114258065749
2023-11-30,159994.SZ,801080.SI,0.5345906464748748
2023-11-30,159995.SZ,801080.SI,1.0
2023-11-30,159996.SZ,801110.SI,0.9426943721354168
2023-11-30,159997.SZ,801080.SI,0.8348745930197617
2023-11-30,159998.SZ,801750.SI,0.9993873067503812
2023-11-30,510200.SH,801790.SI,0.9944146820430317
2023-11-30,510650.SH,801780.SI,0.5693178767148277
2023-11-30,510660.SH,801150.SI,1.0
2023-11-30,512000.SH,801790.SI,0.999942817293938
2023-11-30,512010.SH,801150.SI,0.9530033357003881
2023-11-30,512070.SH,801790.SI,1.0
2023-11-30,512120.SH,801150.SI,1.0
2023-11-30,512170.SH,801150.SI,0.915193285641014
2023-11-30,512290.SH,801150.SI,0.9992119652471765
2023-11-30,512400.SH,801050.SI,0.9996819978403372
2023-11-30,512560.SH,801740.SI,1.0
2023-11-30,512570.SH,801790.SI,1.0
2023-11-30,512580.SH,801730.SI,0.6946356528225124
2023-11-30,512640.SH,801780.SI,0.5821279910451901
2023-11-30,512660.SH,801740.SI,0.9989256547824924
2023-11-30,512670.SH,801740.SI,0.9995791704180202
2023-11-30,512680.SH,801740.SI,1.0
2023-11-30,512690.SH,801120.SI,0.9999758108603297
2023-11-30,512700.SH,801780.SI,0.9998504809716036
2023-11-30,512710.SH,801740.SI,0.9998956878399465
2023-11-30,512720.SH,801750.SI,0.9972405376126464
2023-11-30,512730.SH,801780.SI,0.9993640580840581
2023-11-30,512760.SH,801080.SI,0.9999664546304032
2023-11-30,512800.SH,801780.SI,0.9992801459674012
2023-11-30,512810.SH,801740.SI,0.9982859199881755
2023-11-30,512820.SH,801780.SI,1.0
2023-11-30,512880.SH,801790.SI,0.9998337831903255
2023-11-30,512900.SH,801790.SI,0.9997291508146816
2023-11-30,512930.SH,801750.SI,0.7210897534134428
2023-11-30,512980.SH,801760.SI,1.0
2023-11-30,515010.SH,801790.SI,1.0
2023-11-30,515020.SH,801780.SI,1.0
2023-11-30,515050.SH,801080.SI,0.534824286310466
2023-11-30,515070.SH,801750.SI,0.7208024512115576
2023-11-30,515120.SH,801150.SI,1.0
2023-11-30,515170.SH,801120.SI,1.0
2023-11-30,515210.SH,801040.SI,0.9991306156823199
2023-11-30,515220.SH,801950.SI,0.9996144316462048
2023-11-30,515230.SH,801750.SI,0.9995034257615732
2023-11-30,515260.SH,801080.SI,0.8352931247370973
2023-11-30,515290.SH,801780.SI,0.9997849919301379
2023-11-30,515320.SH,801080.SI,0.8356275776542096
2023-11-30,515400.SH,801750.SI,0.9996683495790541
2023-11-30,515560.SH,801790.SI,1.0
2023-11-30,515710.SH,801120.SI,0.9976674979081696
2023-11-30,515790.SH,801730.SI,0.9052545972086036
2023-11-30,515850.SH,801790.SI,0.9993949289662797
2023-11-30,515880.SH,801770.SI,0.6202610377262384
2023-11-30,515950.SH,801150.SI,0.9465770292019958
2023-11-30,515960.SH,801150.SI,0.9275434482389493
2023-11-30,515980.SH,801750.SI,0.6989144715563929
2023-11-30,516000.SH,801750.SI,1.0
2023-11-30,516010.SH,801760.SI,0.9976361763225334
2023-11-30,516020.SH,801030.SI,0.6906941226078963
2023-11-30,516060.SH,801150.SI,0.9986230782304887
2023-11-30,516080.SH,801150.SI,1.0
2023-11-30,516090.SH,801730.SI,0.8036573964115448
2023-11-30,516100.SH,801750.SI,0.7297706733830216
2023-11-30,516120.SH,801030.SI,0.6885769553966471
2023-11-30,516150.SH,801050.SI,0.6333699171760397
2023-11-30,516160.SH,801730.SI,0.803441596158015
2023-11-30,516180.SH,801730.SI,0.9060430320483199
2023-11-30,516190.SH,801760.SI,0.7168823409064888
2023-11-30,516200.SH,801790.SI,1.0
2023-11-30,516210.SH,801780.SI,1.0
2023-11-30,516220.SH,801030.SI,0.694005245899301
2023-11-30,516270.SH,801730.SI,0.8147243667974289
2023-11-30,516290.SH,801730.SI,0.9050323823726396
2023-11-30,516310.SH,801780.SI,1.0
2023-11-30,516320.SH,801730.SI,0.7623394921099169
2023-11-30,516350.SH,801080.SI,1.0
2023-11-30,516360.SH,801730.SI,0.5431866931303355
2023-11-30,516500.SH,801150.SI,1.0
2023-11-30,516510.SH,801750.SI,0.8091835988391806
2023-11-30,516530.SH,801170.SI,1.0
2023-11-30,516550.SH,801010.SI,0.5035747118625972
2023-11-30,516570.SH,801030.SI,0.5464583647565484
2023-11-30,516580.SH,801730.SI,0.8027644469118116
2023-11-30,516610.SH,801150.SI,0.8706536219909837
2023-11-30,516620.SH,801760.SI,1.0
2023-11-30,516630.SH,801750.SI,0.8090812240487958
2023-11-30,516640.SH,801080.SI,0.9996796851600285
2023-11-30,516650.SH,801050.SI,1.0
2023-11-30,516670.SH,801010.SI,0.8958822735712788
2023-11-30,516700.SH,801750.SI,1.0
2023-11-30,516710.SH,801730.SI,0.546845967132521
2023-11-30,516730.SH,801790.SI,1.0
2023-11-30,516750.SH,801710.SI,0.9998961319098264
2023-11-30,516760.SH,801010.SI,0.899569619890526
2023-11-30,516770.SH,801760.SI,0.998377861925863
2023-11-30,516780.SH,801050.SI,0.6342652999108246
2023-11-30,516790.SH,801150.SI,0.8666905758401646
2023-11-30,516800.SH,801080.SI,0.5612568581427808
2023-11-30,516810.SH,801010.SI,0.8443948090062511
2023-11-30,516820.SH,801150.SI,0.8984898852650773
2023-11-30,516850.SH,801730.SI,0.8035921952806346
2023-11-30,516860.SH,801750.SI,0.729713769916253
2023-11-30,516880.SH,801730.SI,0.9046395847319411
2023-11-30,516890.SH,801730.SI,0.5459457864396707
2023-11-30,516900.SH,801120.SI,1.0
2023-11-30,516910.SH,801170.SI,0.9994740939729209
2023-11-30,516920.SH,801080.SI,0.9998657472888146
2023-11-30,516930.SH,801150.SI,1.0
2023-11-30,516950.SH,801720.SI,0.7439874596267434
2023-11-30,516960.SH,801730.SI,0.76489387319334
2023-11-30,516970.SH,801720.SI,1.0
2023-11-30,516980.SH,801790.SI,1.0
2023-11-30,517110.SH,801150.SI,0.5868791155926544
2023-11-30,517120.SH,801150.SI,0.5406232033320709
2023-11-30,517390.SH,801750.SI,0.6003231302941575
2023-11-30,560080.SH,801150.SI,0.9999613779089628
2023-11-30,560090.SH,801790.SI,1.0
2023-11-30,560580.SH,801160.SI,0.9999627190729243
2023-11-30,560660.SH,801750.SI,0.7665944702616395
2023-11-30,560860.SH,801050.SI,0.9999536955891233
2023-11-30,560880.SH,801110.SI,0.9428817927763327
2023-11-30,560900.SH,801150.SI,1.0
2023-11-30,560980.SH,801730.SI,1.0
2023-11-30,561100.SH,801080.SI,0.9339205974656327
2023-11-30,561120.SH,801110.SI,0.9421366078430026
2023-11-30,561160.SH,801730.SI,0.8721776780022158
2023-11-30,561170.SH,801160.SI,0.9993143195485046
2023-11-30,561310.SH,801080.SI,0.9301793481390652
2023-11-30,561320.SH,801170.SI,0.9991637269410488
2023-11-30,561330.SH,801050.SI,1.0
2023-11-30,561510.SH,801150.SI,0.9985021461668427
2023-11-30,561560.SH,801160.SI,0.9946416815449541
2023-11-30,561600.SH,801080.SI,0.932429057266533
2023-11-30,561700.SH,801160.SI,1.0
2023-11-30,561800.SH,801050.SI,0.6900738755629846
2023-11-30,561910.SH,801730.SI,0.8709622778096869
2023-11-30,561920.SH,801150.SI,0.9993420220550788
2023-11-30,562010.SH,801730.SI,0.6062213246588646
2023-11-30,562030.SH,801750.SI,0.8523721474488738
2023-11-30,562350.SH,801160.SI,1.0
2023-11-30,562390.SH,801150.SI,1.0
2023-11-30,562550.SH,801160.SI,1.0
2023-11-30,562800.SH,801050.SI,0.6888584703846127
2023-11-30,562860.SH,801150.SI,0.9961062878360544
2023-11-30,562880.SH,801730.SI,0.871998141989603
2023-11-30,562900.SH,801010.SI,0.9274084872331898
2023-11-30,562910.SH,801730.SI,0.7623889965594722
2023-11-30,562920.SH,801750.SI,0.8685612981118543
2023-11-30,562930.SH,801750.SI,1.0
2023-11-30,562950.SH,801080.SI,0.932443420414892
2023-11-30,562960.SH,801160.SI,1.0
2023-11-30,563010.SH,801770.SI,0.844438367840499
2023-11-30,588200.SH,801080.SI,0.9415851234298377
2023-11-30,588290.SH,801080.SI,0.9416118448745684
2023-12-29,159507.SZ,801770.SI,0.8681800979144128
2023-12-29,159508.SZ,801150.SI,0.9187839299962357
2023-12-29,159511.SZ,801770.SI,0.7147371280069083
2023-12-29,159512.SZ,801880.SI,1.0
2023-12-29,159516.SZ,801080.SI,0.8178996003089061
2023-12-29,159608.SZ,801050.SI,0.6909077801692388
2023-12-29,159609.SZ,801730.SI,0.9058353181554193
2023-12-29,159611.SZ,801160.SI,1.0
2023-12-29,159613.SZ,801750.SI,0.8671284704151895
2023-12-29,159616.SZ,801010.SI,0.5577577292721247
2023-12-29,159618.SZ,801730.SI,0.9053658194446974
2023-12-29,159619.SZ,801720.SI,0.7442534795039855
2023-12-29,159622.SZ,801150.SI,0.5386117453007987
2023-12-29,159625.SZ,801160.SI,0.9959814121026377
2023-12-29,159635.SZ,801720.SI,0.744644964185229
2023-12-29,159638.SZ,801740.SI,0.9958064346625827
2023-12-29,159643.SZ,801150.SI,0.9991307022109944
2023-12-29,159645.SZ,801150.SI,1.0
2023-12-29,159647.SZ,801150.SI,0.9995883921419937
2023-12-29,159652.SZ,801050.SI,0.9995624914195447
2023-12-29,159657.SZ,801150.SI,0.9979953855870979
2023-12-29,159662.SZ,801170.SI,0.9993738228531196
2023-12-29,159663.SZ,801890.SI,0.6621581390202892
2023-12-29,159665.SZ,801080.SI,0.9978472100634161
2023-12-29,159667.SZ,801890.SI,0.6623709871498435
2023-12-29,159669.SZ,801160.SI,1.0
2023-12-29,159671.SZ,801050.SI,0.6912254003266586
2023-12-29,159690.SZ,801050.SI,1.0
2023-12-29,159692.SZ,801790.SI,0.9982312801911842
2023-12-29,159695.SZ,801770.SI,0.8675770261122463
2023-12-29,159697.SZ,801960.SI,0.9462355295768182
2023-12-29,159703.SZ,801730.SI,0.5468794656796174
2023-12-29,159707.SZ,801180.SI,0.9981155727148233
2023-12-29,159713.SZ,801050.SI,0.6358170519580696
2023-12-29,159715.SZ,801050.SI,0.6351650521545694
2023-12-29,159730.SZ,801110.SI,0.9208297328145705
2023-12-29,159731.SZ,801030.SI,0.546086437594803
2023-12-29,159732.SZ,801080.SI,1.0
2023-12-29,159736.SZ,801120.SI,0.9997672628922657
2023-12-29,159738.SZ,801750.SI,0.6076515290258877
2023-12-29,159739.SZ,801750.SI,0.8084062905652578
2023-12-29,159745.SZ,801710.SI,0.9978401744875343
2023-12-29,159748.SZ,801150.SI,0.539637515072418
2023-12-29,159752.SZ,801730.SI,0.814717203518539
2023-12-29,159755.SZ,801730.SI,0.5188246693492969
2023-12-29,159757.SZ,801730.SI,0.5149273542843863
2023-12-29,159760.SZ,801150.SI,0.9992633276377708
2023-12-29,159761.SZ,801730.SI,0.5454225586885735
2023-12-29,159763.SZ,801730.SI,0.548423612682488
2023-12-29,159767.SZ,801730.SI,0.5147060411136251
2023-12-29,159768.SZ,801180.SI,0.9980993429406848
2023-12-29,159775.SZ,801730.SI,0.5186341564373541
2023-12-29,159779.SZ,801080.SI,0.9300089809881206
2023-12-29,159786.SZ,801080.SI,0.8466201382187312
2023-12-29,159787.SZ,801710.SI,1.0
2023-12-29,159796.SZ,801730.SI,0.8726153487620952
2023-12-29,159797.SZ,801150.SI,0.8453809143125294
2023-12-29,159801.SZ,801080.SI,1.0
2023-12-29,159805.SZ,801760.SI,0.9982118386746571
2023-12-29,159811.SZ,801770.SI,0.5153372106269796
2023-12-29,159813.SZ,801080.SI,0.9998658862814997
2023-12-29,159819.SZ,801750.SI,0.721763306197389
2023-12-29,159825.SZ,801010.SI,0.844371630455758
2023-12-29,159827.SZ,801010.SI,0.8437378676079549
2023-12-29,159828.SZ,801150.SI,0.9041873609212251
2023-12-29,159835.SZ,801150.SI,1.0
2023-12-29,159837.SZ,801150.SI,1.0
2023-12-29,159838.SZ,801150.SI,0.9479460153546145
2023-12-29,159839.SZ,801150.SI,0.9184968971242569
2023-12-29,159840.SZ,801730.SI,0.5187108982446178
2023-12-29,159841.SZ,801790.SI,0.9996617715406486
2023-12-29,159842.SZ,801790.SI,0.9964691497468539
2023-12-29,159843.SZ,801120.SI,0.9988263373934363
2023-12-29,159847.SZ,801150.SI,0.9132963118368409
2023-12-29,159848.SZ,801790.SI,1.0
2023-12-29,159849.SZ,801150.SI,0.9997815516680293
2023-12-29,159851.SZ,801750.SI,0.7304918679953731
2023-12-29,159852.SZ,801750.SI,0.997109357720297
2023-12-29,159855.SZ,801760.SI,1.0
2023-12-29,159857.SZ,801730.SI,0.9049777144200003
2023-12-29,159858.SZ,801150.SI,0.9996538396819838
2023-12-29,159859.SZ,801150.SI,0.917030027953083
2023-12-29,159861.SZ,801730.SI,0.6992914851426763
2023-12-29,159862.SZ,801120.SI,1.0
2023-12-29,159863.SZ,801730.SI,0.9048797275852355
2023-12-29,159864.SZ,801730.SI,0.9045843972170707
2023-12-29,159865.SZ,801010.SI,0.89589235313616
2023-12-29,159867.SZ,801010.SI,0.8990278236482898
2023-12-29,159869.SZ,801760.SI,1.0
2023-12-29,159870.SZ,801030.SI,0.6916989930138772
2023-12-29,159871.SZ,801050.SI,1.0
2023-12-29,159873.SZ,801150.SI,0.8690437599710455
2023-12-29,159875.SZ,801730.SI,0.8009221240739028
2023-12-29,159876.SZ,801050.SI,1.0
2023-12-29,159877.SZ,801150.SI,0.869741728362602
2023-12-29,159880.SZ,801050.SI,1.0
2023-12-29,159881.SZ,801050.SI,0.9990551685216895
2023-12-29,159883.SZ,801150.SI,0.8455943973772355
2023-12-29,159886.SZ,801730.SI,0.7642342707549046
2023-12-29,159887.SZ,801780.SI,0.9995472832040997
2023-12-29,159890.SZ,801750.SI,0.8767352257238253
2023-12-29,159891.SZ,801150.SI,0.8635236327725024
2023-12-29,159898.SZ,801150.SI,0.8449355905908953
2023-12-29,159899.SZ,801750.SI,0.998217961526682
2023-12-29,159929.SZ,801150.SI,0.9531231135289817
2023-12-29,159930.SZ,801950.SI,0.6024350852632447
2023-12-29,159931.SZ,801780.SI,0.5829869038072552
2023-12-29,159933.SZ,801780.SI,0.583081899385748
2023-12-29,159938.SZ,801150.SI,0.9529119257332633
2023-12-29,159939.SZ,801080.SI,0.6811956395407621
2023-12-29,159940.SZ,801780.SI,0.5831081333258266
2023-12-29,159992.SZ,801150.SI,0.9998729299736697
2023-12-29,159993.SZ,801790.SI,0.9997114258065749
2023-12-29,159994.SZ,801080.SI,0.5345906464748748
2023-12-29,159995.SZ,801080.SI,1.0
2023-12-29,159996.SZ,801110.SI,0.9426943721354168
2023-12-29,159997.SZ,801080.SI,0.8348745930197617
2023-12-29,159998.SZ,801750.SI,0.9993873067503812
2023-12-29,510200.SH,801790.SI,0.9944146820430317
2023-12-29,510650.SH,801780.SI,0.5693178767148277
2023-12-29,510660.SH,801150.SI,1.0
2023-12-29,512000.SH,801790.SI,0.999942817293938
2023-12-29,512010.SH,801150.SI,0.9530033357003881
2023-12-29,512070.SH,801790.SI,1.0
2023-12-29,512120.SH,801150.SI,1.0
2023-12-29,512170.SH,801150.SI,0.915193285641014
2023-12-29,512290.SH,801150.SI,0.9992119652471765
2023-12-29,512400.SH,801050.SI,0.9996819978403372
2023-12-29,512560.SH,801740.SI,1.0
2023-12-29,512570.SH,801790.SI,1.0
2023-12-29,512580.SH,801730.SI,0.6946356528225124
2023-12-29,512640.SH,801780.SI,0.5821279910451901
2023-12-29,512660.SH,801740.SI,0.9989256547824924
2023-12-29,512670.SH,801740.SI,0.9995791704180202
2023-12-29,512680.SH,801740.SI,1.0
2023-12-29,512690.SH,801120.SI,0.9999758108603297
2023-12-29,512700.SH,801780.SI,0.9998504809716036
2023-12-29,512710.SH,801740.SI,0.9998956878399465
2023-12-29,512720.SH,801750.SI,0.9972405376126464
2023-12-29,512730.SH,801780.SI,0.9993640580840581
2023-12-29,512760.SH,801080.SI,0.9999664546304032
2023-12-29,512800.SH,801780.SI,0.9992801459674012
2023-12-29,512810.SH,801740.SI,0.9982859199881755
2023-12-29,512820.SH,801780.SI,1.0
2023-12-29,512880.SH,801790.SI,0.9998337831903255
2023-12-29,512900.SH,801790.SI,0.9997291508146816
2023-12-29,512930.SH,801750.SI,0.7210897534134428
2023-12-29,512980.SH,801760.SI,1.0
2023-12-29,515010.SH,801790.SI,1.0
2023-12-29,515020.SH,801780.SI,1.0
2023-12-29,515050.SH,801080.SI,0.534824286310466
2023-12-29,515070.SH,801750.SI,0.7208024512115576
2023-12-29,515120.SH,801150.SI,1.0
2023-12-29,515170.SH,801120.SI,1.0
2023-12-29,515210.SH,801040.SI,0.9991306156823199
2023-12-29,515220.SH,801950.SI,0.9996144316462048
2023-12-29,515230.SH,801750.SI,0.9995034257615732
2023-12-29,515260.SH,801080.SI,0.8352931247370973
2023-12-29,515290.SH,801780.SI,0.9997849919301379
2023-12-29,515320.SH,801080.SI,0.8356275776542096
2023-12-29,515400.SH,801750.SI,0.9996683495790541
2023-12-29,515560.SH,801790.SI,1.0
2023-12-29,515710.SH,801120.SI,0.9976674979081696
2023-12-29,515790.SH,801730.SI,0.9052545972086036
2023-12-29,515850.SH,801790.SI,0.9993949289662797
2023-12-29,515880.SH,801770.SI,0.6202610377262384
2023-12-29,515950.SH,801150.SI,0.9465770292019958
2023-12-29,515960.SH,801150.SI,0.9275434482389493
2023-12-29,515980.SH,801750.SI,0.6989144715563929
2023-12-29,516000.SH,801750.SI,1.0
2023-12-29,516010.SH,801760.SI,0.9976361763225334
2023-12-29,516020.SH,801030.SI,0.6906941226078963
2023-12-29,516060.SH,801150.SI,0.9986230782304887
2023-12-29,516080.SH,801150.SI,1.0
2023-12-29,516090.SH,801730.SI,0.8036573964115448
2023-12-29,516100.SH,801750.SI,0.7297706733830216
2023-12-29,516120.SH,801030.SI,0.6885769553966471
2023-12-29,516150.SH,801050.SI,0.6333699171760397
2023-12-29,516160.SH,801730.SI,0.803441596158015
2023-12-29,516180.SH,801730.SI,0.9060430320483199
2023-12-29,516190.SH,801760.SI,0.7168823409064888
2023-12-29,516200.SH,801790.SI,1.0
2023-12-29,516210.SH,801780.SI,1.0
2023-12-29,516220.SH,801030.SI,0.694005245899301
2023-12-29,516270.SH,801730.SI,0.8147243667974289
2023-12-29,516290.SH,801730.SI,0.9050323823726396
2023-12-29,516310.SH,801780.SI,1.0
2023-12-29,516320.SH,801730.SI,0.7623394921099169
2023-12-29,516350.SH,801080.SI,1.0
2023-12-29,516360.SH,801730.SI,0.5431866931303355
2023-12-29,516500.SH,801150.SI,1.0
2023-12-29,516510.SH,801750.SI,0.8091835988391806
2023-12-29,516530.SH,801170.SI,1.0
2023-12-29,516550.SH,801010.SI,0.5035747118625972
2023-12-29,516570.SH,801030.SI,0.5464583647565484
2023-12-29,516580.SH,801730.SI,0.8027644469118116
2023-12-29,516610.SH,801150.SI,0.8706536219909837
2023-12-29,516620.SH,801760.SI,1.0
2023-12-29,516630.SH,801750.SI,0.8090812240487958
2023-12-29,516640.SH,801080.SI,0.9996796851600285
2023-12-29,516650.SH,801050.SI,1.0
2023-12-29,516670.SH,801010.SI,0.8958822735712788
2023-12-29,516700.SH,801750.SI,1.0
2023-12-29,516710.SH,801730.SI,0.546845967132521
2023-12-29,516730.SH,801790.SI,1.0
2023-12-29,516750.SH,801710.SI,0.9998961319098264
2023-12-29,516760.SH,801010.SI,0.899569619890526
2023-12-29,516770.SH,801760.SI,0.998377861925863
2023-12-29,516780.SH,801050.SI,0.6342652999108246
2023-12-29,516790.SH,801150.SI,0.8666905758401646
2023-12-29,516800.SH,801080.SI,0.5612568581427808
2023-12-29,516810.SH,801010.SI,0.8443948090062511
2023-12-29,516820.SH,801150.SI,0.8984898852650773
2023-12-29,516850.SH,801730.SI,0.8035921952806346
2023-12-29,516860.SH,801750.SI,0.729713769916253
2023-12-29,516880.SH,801730.SI,0.9046395847319411
2023-12-29,516890.SH,801730.SI,0.5459457864396707
2023-12-29,516900.SH,801120.SI,1.0
2023-12-29,516910.SH,801170.SI,0.9994740939729209
2023-12-29,516920.SH,801080.SI,0.9998657472888146
2023-12-29,516930.SH,801150.SI,1.0
2023-12-29,516950.SH,801720.SI,0.7439874596267434
2023-12-29,516960.SH,801730.SI,0.76489387319334
2023-12-29,516970.SH,801720.SI,1.0
2023-12-29,516980.SH,801790.SI,1.0
2023-12-29,517110.SH,801150.SI,0.5868791155926544
2023-12-29,517120.SH,801150.SI,0.5406232033320709
2023-12-29,517390.SH,801750.SI,0.6003231302941575
2023-12-29,560080.SH,801150.SI,0.9999613779089628
2023-12-29,560090.SH,801790.SI,1.0
2023-12-29,560580.SH,801160.SI,0.9999627190729243
2023-12-29,560660.SH,801750.SI,0.7665944702616395
2023-12-29,560860.SH,801050.SI,0.9999536955891233
2023-12-29,560880.SH,801110.SI,0.9428817927763327
2023-12-29,560900.SH,801150.SI,1.0
2023-12-29,560980.SH,801730.SI,1.0
2023-12-29,561100.SH,801080.SI,0.9339205974656327
2023-12-29,561120.SH,801110.SI,0.9421366078430026
2023-12-29,561160.SH,801730.SI,0.8721776780022158
2023-12-29,561170.SH,801160.SI,0.9993143195485046
2023-12-29,561310.SH,801080.SI,0.9301793481390652
2023-12-29,561320.SH,801170.SI,0.9991637269410488
2023-12-29,561330.SH,801050.SI,1.0
2023-12-29,561510.SH,801150.SI,0.9985021461668427
2023-12-29,561560.SH,801160.SI,0.9946416815449541
2023-12-29,561600.SH,801080.SI,0.932429057266533
2023-12-29,561700.SH,801160.SI,1.0
2023-12-29,561800.SH,801050.SI,0.6900738755629846
2023-12-29,561910.SH,801730.SI,0.8709622778096869
2023-12-29,561920.SH,801150.SI,0.9993420220550788
2023-12-29,562010.SH,801730.SI,0.6062213246588646
2023-12-29,562030.SH,801750.SI,0.8523721474488738
2023-12-29,562350.SH,801160.SI,1.0
2023-12-29,562390.SH,801150.SI,1.0
2023-12-29,562550.SH,801160.SI,1.0
2023-12-29,562800.SH,801050.SI,0.6888584703846127
2023-12-29,562860.SH,801150.SI,0.9961062878360544
2023-12-29,562880.SH,801730.SI,0.871998141989603
2023-12-29,562900.SH,801010.SI,0.9274084872331898
2023-12-29,562910.SH,801730.SI,0.7623889965594722
2023-12-29,562920.SH,801750.SI,0.8685612981118543
2023-12-29,562930.SH,801750.SI,1.0
2023-12-29,562950.SH,801080.SI,0.932443420414892
2023-12-29,562960.SH,801160.SI,1.0
2023-12-29,563010.SH,801770.SI,0.844438367840499
2023-12-29,588200.SH,801080.SI,0.9415851234298377
2023-12-29,588290.SH,801080.SI,0.9416118448745684
2024-01-31,159507.SZ,801770.SI,0.8681800979144128
2024-01-31,159508.SZ,801150.SI,0.9187839299962357
2024-01-31,159511.SZ,801770.SI,0.7147371280069083
2024-01-31,159512.SZ,801880.SI,1.0
2024-01-31,159516.SZ,801080.SI,0.8178996003089061
2024-01-31,159608.SZ,801050.SI,0.6909077801692388
2024-01-31,159609.SZ,801730.SI,0.9058353181554193
2024-01-31,159611.SZ,801160.SI,1.0
2024-01-31,159613.SZ,801750.SI,0.8671284704151895
2024-01-31,159616.SZ,801010.SI,0.5577577292721247
2024-01-31,159618.SZ,801730.SI,0.9053658194446974
2024-01-31,159619.SZ,801720.SI,0.7442534795039855
2024-01-31,159622.SZ,801150.SI,0.5386117453007987
2024-01-31,159625.SZ,801160.SI,0.9959814121026377
2024-01-31,159635.SZ,801720.SI,0.744644964185229
2024-01-31,159638.SZ,801740.SI,0.9958064346625827
2024-01-31,159643.SZ,801150.SI,0.9991307022109944
2024-01-31,159645.SZ,801150.SI,1.0
2024-01-31,159647.SZ,801150.SI,0.9995883921419937
2024-01-31,159652.SZ,801050.SI,0.9995624914195447
2024-01-31,159657.SZ,801150.SI,0.9979953855870979
2024-01-31,159662.SZ,801170.SI,0.9993738228531196
2024-01-31,159663.SZ,801890.SI,0.6621581390202892
2024-01-31,159665.SZ,801080.SI,0.9978472100634161
2024-01-31,159667.SZ,801890.SI,0.6623709871498435
2024-01-31,159669.SZ,801160.SI,1.0
2024-01-31,159671.SZ,801050.SI,0.6912254003266586
2024-01-31,159690.SZ,801050.SI,1.0
2024-01-31,159692.SZ,801790.SI,0.9982312801911842
2024-01-31,159695.SZ,801770.SI,0.8675770261122463
2024-01-31,159697.SZ,801960.SI,0.9462355295768182
2024-01-31,159703.SZ,801730.SI,0.5468794656796174
2024-01-31,159707.SZ,801180.SI,0.9981155727148233
2024-01-31,159713.SZ,801050.SI,0.6358170519580696
2024-01-31,159715.SZ,801050.SI,0.6351650521545694
2024-01-31,159730.SZ,801110.SI,0.9208297328145705
2024-01-31,159731.SZ,801030.SI,0.546086437594803
2024-01-31,159732.SZ,801080.SI,1.0
2024-01-31,159736.SZ,801120.SI,0.9997672628922657
2024-01-31,159738.SZ,801750.SI,0.6076515290258877
2024-01-31,159739.SZ,801750.SI,0.8084062905652578
2024-01-31,159745.SZ,801710.SI,0.9978401744875343
2024-01-31,159748.SZ,801150.SI,0.539637515072418
2024-01-31,159752.SZ,801730.SI,0.814717203518539
2024-01-31,159755.SZ,801730.SI,0.5188246693492969
2024-01-31,159757.SZ,801730.SI,0.5149273542843863
2024-01-31,159760.SZ,801150.SI,0.9992633276377708
2024-01-31,159761.SZ,801730.SI,0.5454225586885735
2024-01-31,159763.SZ,801730.SI,0.548423612682488
2024-01-31,159767.SZ,801730.SI,0.5147060411136251
2024-01-31,159768.SZ,801180.SI,0.9980993429406848
2024-01-31,159775.SZ,801730.SI,0.5186341564373541
2024-01-31,159779.SZ,801080.SI,0.9300089809881206
2024-01-31,159786.SZ,801080.SI,0.8466201382187312
2024-01-31,159787.SZ,801710.SI,1.0
2024-01-31,159796.SZ,801730.SI,0.8726153487620952
2024-01-31,159797.SZ,801150.SI,0.8453809143125294
2024-01-31,159801.SZ,801080.SI,1.0
2024-01-31,159805.SZ,801760.SI,0.9982118386746571
2024-01-31,159811.SZ,801770.SI,0.5153372106269796
2024-01-31,159813.SZ,801080.SI,0.9998658862814997
2024-01-31,159819.SZ,801750.SI,0.721763306197389
2024-01-31,159825.SZ,801010.SI,0.844371630455758
2024-01-31,159827.SZ,801010.SI,0.8437378676079549
2024-01-31,159828.SZ,801150.SI,0.9041873609212251
2024-01-31,159835.SZ,801150.SI,1.0
2024-01-31,159837.SZ,801150.SI,1.0
2024-01-31,159838.SZ,801150.SI,0.9479460153546145
2024-01-31,159839.SZ,801150.SI,0.9184968971242569
2024-01-31,159840.SZ,801730.SI,0.5187108982446178
2024-01-31,159841.SZ,801790.SI,0.9996617715406486
2024-01-31,159842.SZ,801790.SI,0.9964691497468539
2024-01-31,159843.SZ,801120.SI,0.9988263373934363
2024-01-31,159847.SZ,801150.SI,0.9132963118368409
2024-01-31,159848.SZ,801790.SI,1.0
2024-01-31,159849.SZ,801150.SI,0.9997815516680293
2024-01-31,159851.SZ,801750.SI,0.7304918679953731
2024-01-31,159852.SZ,801750.SI,0.997109357720297
2024-01-31,159855.SZ,801760.SI,1.0
2024-01-31,159857.SZ,801730.SI,0.9049777144200003
2024-01-31,159858.SZ,801150.SI,0.9996538396819838
2024-01-31,159859.SZ,801150.SI,0.917030027953083
2024-01-31,159861.SZ,801730.SI,0.6992914851426763
2024-01-31,159862.SZ,801120.SI,1.0
2024-01-31,159863.SZ,801730.SI,0.9048797275852355
2024-01-31,159864.SZ,801730.SI,0.9045843972170707
2024-01-31,159865.SZ,801010.SI,0.89589235313616
2024-01-31,159867.SZ,801010.SI,0.8990278236482898
2024-01-31,159869.SZ,801760.SI,1.0
2024-01-31,159870.SZ,801030.SI,0.6916989930138772
2024-01-31,159871.SZ,801050.SI,1.0
2024-01-31,159873.SZ,801150.SI,0.8690437599710455
2024-01-31,159875.SZ,801730.SI,0.8009221240739028
2024-01-31,159876.SZ,801050.SI,1.0
2024-01-31,159877.SZ,801150.SI,0.869741728362602
2024-01-31,159880.SZ,801050.SI,1.0
2024-01-31,159881.SZ,801050.SI,0.9990551685216895
2024-01-31,159883.SZ,801150.SI,0.8455943973772355
2024-01-31,159886.SZ,801730.SI,0.7642342707549046
2024-01-31,159887.SZ,801780.SI,0.9995472832040997
2024-01-31,159890.SZ,801750.SI,0.8767352257238253
2024-01-31,159891.SZ,801150.SI,0.8635236327725024
2024-01-31,159898.SZ,801150.SI,0.8449355905908953
2024-01-31,159899.SZ,801750.SI,0.998217961526682
2024-01-31,159929.SZ,801150.SI,0.9531231135289817
2024-01-31,159930.SZ,801950.SI,0.6024350852632447
2024-01-31,159931.SZ,801780.SI,0.5829869038072552
2024-01-31,159933.SZ,801780.SI,0.583081899385748
2024-01-31,159938.SZ,801150.SI,0.9529119257332633
2024-01-31,159939.SZ,801080.SI,0.6811956395407621
2024-01-31,159940.SZ,801780.SI,0.5831081333258266
2024-01-31,159992.SZ,801150.SI,0.9998729299736697
2024-01-31,159993.SZ,801790.SI,0.9997114258065749
2024-01-31,159994.SZ,801080.SI,0.5345906464748748
2024-01-31,159995.SZ,801080.SI,1.0
2024-01-31,159996.SZ,801110.SI,0.9426943721354168
2024-01-31,159997.SZ,801080.SI,0.8348745930197617
2024-01-31,159998.SZ,801750.SI,0.9993873067503812
2024-01-31,510200.SH,801790.SI,0.9944146820430317
2024-01-31,510650.SH,801780.SI,0.5693178767148277
2024-01-31,510660.SH,801150.SI,1.0
2024-01-31,512000.SH,801790.SI,0.999942817293938
2024-01-31,512010.SH,801150.SI,0.9530033357003881
2024-01-31,512070.SH,801790.SI,1.0
2024-01-31,512120.SH,801150.SI,1.0
2024-01-31,512170.SH,801150.SI,0.915193285641014
2024-01-31,512290.SH,801150.SI,0.9992119652471765
2024-01-31,512400.SH,801050.SI,0.9996819978403372
2024-01-31,512560.SH,801740.SI,1.0
2024-01-31,512570.SH,801790.SI,1.0
2024-01-31,512580.SH,801730.SI,0.6946356528225124
2024-01-31,512640.SH,801780.SI,0.5821279910451901
2024-01-31,512660.SH,801740.SI,0.9989256547824924
2024-01-31,512670.SH,801740.SI,0.9995791704180202
2024-01-31,512680.SH,801740.SI,1.0
2024-01-31,512690.SH,801120.SI,0.9999758108603297
2024-01-31,512700.SH,801780.SI,0.9998504809716036
2024-01-31,512710.SH,801740.SI,0.9998956878399465
2024-01-31,512720.SH,801750.SI,0.9972405376126464
2024-01-31,512730.SH,801780.SI,0.9993640580840581
2024-01-31,512760.SH,801080.SI,0.9999664546304032
2024-01-31,512800.SH,801780.SI,0.9992801459674012
2024-01-31,512810.SH,801740.SI,0.9982859199881755
2024-01-31,512820.SH,801780.SI,1.0
2024-01-31,512880.SH,801790.SI,0.9998337831903255
2024-01-31,512900.SH,801790.SI,0.9997291508146816
2024-01-31,512930.SH,801750.SI,0.7210897534134428
2024-01-31,512980.SH,801760.SI,1.0
2024-01-31,515010.SH,801790.SI,1.0
2024-01-31,515020.SH,801780.SI,1.0
2024-01-31,515050.SH,801080.SI,0.534824286310466
2024-01-31,515070.SH,801750.SI,0.7208024512115576
2024-01-31,515120.SH,801150.SI,1.0
2024-01-31,515170.SH,801120.SI,1.0
2024-01-31,515210.SH,801040.SI,0.9991306156823199
2024-01-31,515220.SH,801950.SI,0.9996144316462048
2024-01-31,515230.SH,801750.SI,0.9995034257615732
2024-01-31,515260.SH,801080.SI,0.8352931247370973
2024-01-31,515290.SH,801780.SI,0.9997849919301379
2024-01-31,515320.SH,801080.SI,0.8356275776542096
2024-01-31,515400.SH,801750.SI,0.9996683495790541
2024-01-31,515560.SH,801790.SI,1.0
2024-01-31,515710.SH,801120.SI,0.9976674979081696
2024-01-31,515790.SH,801730.SI,0.9052545972086036
2024-01-31,515850.SH,801790.SI,0.9993949289662797
2024-01-31,515880.SH,801770.SI,0.6202610377262384
2024-01-31,515950.SH,801150.SI,0.9465770292019958
2024-01-31,515960.SH,801150.SI,0.9275434482389493
2024-01-31,515980.SH,801750.SI,0.6989144715563929
2024-01-31,516000.SH,801750.SI,1.0
2024-01-31,516010.SH,801760.SI,0.9976361763225334
2024-01-31,516020.SH,801030.SI,0.6906941226078963
2024-01-31,516060.SH,801150.SI,0.9986230782304887
2024-01-31,516080.SH,801150.SI,1.0
2024-01-31,516090.SH,801730.SI,0.8036573964115448
2024-01-31,516100.SH,801750.SI,0.7297706733830216
2024-01-31,516120.SH,801030.SI,0.6885769553966471
2024-01-31,516150.SH,801050.SI,0.6333699171760397
2024-01-31,516160.SH,801730.SI,0.803441596158015
2024-01-31,516180.SH,801730.SI,0.9060430320483199
2024-01-31,516190.SH,801760.SI,0.7168823409064888
2024-01-31,516200.SH,801790.SI,1.0
2024-01-31,516210.SH,801780.SI,1.0
2024-01-31,516220.SH,801030.SI,0.694005245899301
2024-01-31,516270.SH,801730.SI,0.8147243667974289
2024-01-31,516290.SH,801730.SI,0.9050323823726396
2024-01-31,516310.SH,801780.SI,1.0
2024-01-31,516320.SH,801730.SI,0.7623394921099169
2024-01-31,516350.SH,801080.SI,1.0
2024-01-31,516360.SH,801730.SI,0.5431866931303355
2024-01-31,516500.SH,801150.SI,1.0
2024-01-31,516510.SH,801750.SI,0.8091835988391806
2024-01-31,516530.SH,801170.SI,1.0
2024-01-31,516550.SH,801010.SI,0.5035747118625972
2024-01-31,516570.SH,801030.SI,0.5464583647565484
2024-01-31,516580.SH,801730.SI,0.8027644469118116
2024-01-31,516610.SH,801150.SI,0.8706536219909837
2024-01-31,516620.SH,801760.SI,1.0
2024-01-31,516630.SH,801750.SI,0.8090812240487958
2024-01-31,516640.SH,801080.SI,0.9996796851600285
2024-01-31,516650.SH,801050.SI,1.0
2024-01-31,516670.SH,801010.SI,0.8958822735712788
2024-01-31,516700.SH,801750.SI,1.0
2024-01-31,516710.SH,801730.SI,0.546845967132521
2024-01-31,516730.SH,801790.SI,1.0
2024-01-31,516750.SH,801710.SI,0.9998961319098264
2024-01-31,516760.SH,801010.SI,0.899569619890526
2024-01-31,516770.SH,801760.SI,0.998377861925863
2024-01-31,516780.SH,801050.SI,0.6342652999108246
2024-01-31,516790.SH,801150.SI,0.8666905758401646
2024-01-31,516800.SH,801080.SI,0.5612568581427808
2024-01-31,516810.SH,801010.SI,0.8443948090062511
2024-01-31,516820.SH,801150.SI,0.8984898852650773
2024-01-31,516850.SH,801730.SI,0.8035921952806346
2024-01-31,516860.SH,801750.SI,0.729713769916253
2024-01-31,516880.SH,801730.SI,0.9046395847319411
2024-01-31,516890.SH,801730.SI,0.5459457864396707
2024-01-31,516900.SH,801120.SI,1.0
2024-01-31,516910.SH,801170.SI,0.9994740939729209
2024-01-31,516920.SH,801080.SI,0.9998657472888146
2024-01-31,516930.SH,801150.SI,1.0
2024-01-31,516950.SH,801720.SI,0.7439874596267434
2024-01-31,516960.SH,801730.SI,0.76489387319334
2024-01-31,516970.SH,801720.SI,1.0
2024-01-31,516980.SH,801790.SI,1.0
2024-01-31,517110.SH,801150.SI,0.5868791155926544
2024-01-31,517120.SH,801150.SI,0.5406232033320709
2024-01-31,517390.SH,801750.SI,0.6003231302941575
2024-01-31,560080.SH,801150.SI,0.9999613779089628
2024-01-31,560090.SH,801790.SI,1.0
2024-01-31,560580.SH,801160.SI,0.9999627190729243
2024-01-31,560660.SH,801750.SI,0.7665944702616395
2024-01-31,560860.SH,801050.SI,0.9999536955891233
2024-01-31,560880.SH,801110.SI,0.9428817927763327
2024-01-31,560900.SH,801150.SI,1.0
2024-01-31,560980.SH,801730.SI,1.0
2024-01-31,561100.SH,801080.SI,0.9339205974656327
2024-01-31,561120.SH,801110.SI,0.9421366078430026
2024-01-31,561160.SH,801730.SI,0.8721776780022158
2024-01-31,561170.SH,801160.SI,0.9993143195485046
2024-01-31,561310.SH,801080.SI,0.9301793481390652
2024-01-31,561320.SH,801170.SI,0.9991637269410488
2024-01-31,561330.SH,801050.SI,1.0
2024-01-31,561510.SH,801150.SI,0.9985021461668427
2024-01-31,561560.SH,801160.SI,0.9946416815449541
2024-01-31,561600.SH,801080.SI,0.932429057266533
2024-01-31,561700.SH,801160.SI,1.0
2024-01-31,561800.SH,801050.SI,0.6900738755629846
2024-01-31,561910.SH,801730.SI,0.8709622778096869
2024-01-31,561920.SH,801150.SI,0.9993420220550788
2024-01-31,562010.SH,801730.SI,0.6062213246588646
2024-01-31,562030.SH,801750.SI,0.8523721474488738
2024-01-31,562350.SH,801160.SI,1.0
2024-01-31,562390.SH,801150.SI,1.0
2024-01-31,562550.SH,801160.SI,1.0
2024-01-31,562800.SH,801050.SI,0.6888584703846127
2024-01-31,562860.SH,801150.SI,0.9961062878360544
2024-01-31,562880.SH,801730.SI,0.871998141989603
2024-01-31,562900.SH,801010.SI,0.9274084872331898
2024-01-31,562910.SH,801730.SI,0.7623889965594722
2024-01-31,562920.SH,801750.SI,0.8685612981118543
2024-01-31,562930.SH,801750.SI,1.0
2024-01-31,562950.SH,801080.SI,0.932443420414892
2024-01-31,562960.SH,801160.SI,1.0
2024-01-31,563010.SH,801770.SI,0.844438367840499
2024-01-31,588200.SH,801080.SI,0.9415851234298377
2024-01-31,588290.SH,801080.SI,0.9416118448745684
2024-02-29,159507.SZ,801770.SI,0.8681800979144128
2024-02-29,159508.SZ,801150.SI,0.9187839299962357
2024-02-29,159511.SZ,801770.SI,0.7147371280069083
2024-02-29,159512.SZ,801880.SI,1.0
2024-02-29,159516.SZ,801080.SI,0.8178996003089061
2024-02-29,159608.SZ,801050.SI,0.6909077801692388
2024-02-29,159609.SZ,801730.SI,0.9058353181554193
2024-02-29,159611.SZ,801160.SI,1.0
2024-02-29,159613.SZ,801750.SI,0.8671284704151895
2024-02-29,159616.SZ,801010.SI,0.5577577292721247
2024-02-29,159618.SZ,801730.SI,0.9053658194446974
2024-02-29,159619.SZ,801720.SI,0.7442534795039855
2024-02-29,159622.SZ,801150.SI,0.5386117453007987
2024-02-29,159625.SZ,801160.SI,0.9959814121026377
2024-02-29,159635.SZ,801720.SI,0.744644964185229
2024-02-29,159638.SZ,801740.SI,0.9958064346625827
2024-02-29,159643.SZ,801150.SI,0.9991307022109944
2024-02-29,159645.SZ,801150.SI,1.0
2024-02-29,159647.SZ,801150.SI,0.9995883921419937
2024-02-29,159652.SZ,801050.SI,0.9995624914195447
2024-02-29,159657.SZ,801150.SI,0.9979953855870979
2024-02-29,159662.SZ,801170.SI,0.9993738228531196
2024-02-29,159663.SZ,801890.SI,0.6621581390202892
2024-02-29,159665.SZ,801080.SI,0.9978472100634161
2024-02-29,159667.SZ,801890.SI,0.6623709871498435
2024-02-29,159669.SZ,801160.SI,1.0
2024-02-29,159671.SZ,801050.SI,0.6912254003266586
2024-02-29,159690.SZ,801050.SI,1.0
2024-02-29,159692.SZ,801790.SI,0.9982312801911842
2024-02-29,159695.SZ,801770.SI,0.8675770261122463
2024-02-29,159697.SZ,801960.SI,0.9462355295768182
2024-02-29,159703.SZ,801730.SI,0.5468794656796174
2024-02-29,159707.SZ,801180.SI,0.9981155727148233
2024-02-29,159713.SZ,801050.SI,0.6358170519580696
2024-02-29,159715.SZ,801050.SI,0.6351650521545694
2024-02-29,159730.SZ,801110.SI,0.9208297328145705
2024-02-29,159731.SZ,801030.SI,0.546086437594803
2024-02-29,159732.SZ,801080.SI,1.0
2024-02-29,159736.SZ,801120.SI,0.9997672628922657
2024-02-29,159738.SZ,801750.SI,0.6076515290258877
2024-02-29,159739.SZ,801750.SI,0.8084062905652578
2024-02-29,159745.SZ,801710.SI,0.9978401744875343
2024-02-29,159748.SZ,801150.SI,0.539637515072418
2024-02-29,159752.SZ,801730.SI,0.814717203518539
2024-02-29,159755.SZ,801730.SI,0.5188246693492969
2024-02-29,159757.SZ,801730.SI,0.5149273542843863
2024-02-29,159760.SZ,801150.SI,0.9992633276377708
2024-02-29,159761.SZ,801730.SI,0.5454225586885735
2024-02-29,159763.SZ,801730.SI,0.548423612682488
2024-02-29,159767.SZ,801730.SI,0.5147060411136251
2024-02-29,159768.SZ,801180.SI,0.9980993429406848
2024-02-29,159775.SZ,801730.SI,0.5186341564373541
2024-02-29,159779.SZ,801080.SI,0.9300089809881206
2024-02-29,159786.SZ,801080.SI,0.8466201382187312
2024-02-29,159787.SZ,801710.SI,1.0
2024-02-29,159796.SZ,801730.SI,0.8726153487620952
2024-02-29,159797.SZ,801150.SI,0.8453809143125294
2024-02-29,159801.SZ,801080.SI,1.0
2024-02-29,159805.SZ,801760.SI,0.9982118386746571
2024-02-29,159811.SZ,801770.SI,0.5153372106269796
2024-02-29,159813.SZ,801080.SI,0.9998658862814997
2024-02-29,159819.SZ,801750.SI,0.721763306197389
2024-02-29,159825.SZ,801010.SI,0.844371630455758
2024-02-29,159827.SZ,801010.SI,0.8437378676079549
2024-02-29,159828.SZ,801150.SI,0.9041873609212251
2024-02-29,159835.SZ,801150.SI,1.0
2024-02-29,159837.SZ,801150.SI,1.0
2024-02-29,159838.SZ,801150.SI,0.9479460153546145
2024-02-29,159839.SZ,801150.SI,0.9184968971242569
2024-02-29,159840.SZ,801730.SI,0.5187108982446178
2024-02-29,159841.SZ,801790.SI,0.9996617715406486
2024-02-29,159842.SZ,801790.SI,0.9964691497468539
2024-02-29,159843.SZ,801120.SI,0.9988263373934363
2024-02-29,159847.SZ,801150.SI,0.9132963118368409
2024-02-29,159848.SZ,801790.SI,1.0
2024-02-29,159849.SZ,801150.SI,0.9997815516680293
2024-02-29,159851.SZ,801750.SI,0.7304918679953731
2024-02-29,159852.SZ,801750.SI,0.997109357720297
2024-02-29,159855.SZ,801760.SI,1.0
2024-02-29,159857.SZ,801730.SI,0.9049777144200003
2024-02-29,159858.SZ,801150.SI,0.9996538396819838
2024-02-29,159859.SZ,801150.SI,0.917030027953083
2024-02-29,159861.SZ,801730.SI,0.6992914851426763
2024-02-29,159862.SZ,801120.SI,1.0
2024-02-29,159863.SZ,801730.SI,0.9048797275852355
2024-02-29,159864.SZ,801730.SI,0.9045843972170707
2024-02-29,159865.SZ,801010.SI,0.89589235313616
2024-02-29,159867.SZ,801010.SI,0.8990278236482898
2024-02-29,159869.SZ,801760.SI,1.0
2024-02-29,159870.SZ,801030.SI,0.6916989930138772
2024-02-29,159871.SZ,801050.SI,1.0
2024-02-29,159873.SZ,801150.SI,0.8690437599710455
2024-02-29,159875.SZ,801730.SI,0.8009221240739028
2024-02-29,159876.SZ,801050.SI,1.0
2024-02-29,159877.SZ,801150.SI,0.869741728362602
2024-02-29,159880.SZ,801050.SI,1.0
2024-02-29,159881.SZ,801050.SI,0.9990551685216895
2024-02-29,159883.SZ,801150.SI,0.8455943973772355
2024-02-29,159886.SZ,801730.SI,0.7642342707549046
2024-02-29,159887.SZ,801780.SI,0.9995472832040997
2024-02-29,159890.SZ,801750.SI,0.8767352257238253
2024-02-29,159891.SZ,801150.SI,0.8635236327725024
2024-02-29,159898.SZ,801150.SI,0.8449355905908953
2024-02-29,159899.SZ,801750.SI,0.998217961526682
2024-02-29,159929.SZ,801150.SI,0.9531231135289817
2024-02-29,159930.SZ,801950.SI,0.6024350852632447
2024-02-29,159931.SZ,801780.SI,0.5829869038072552
2024-02-29,159933.SZ,801780.SI,0.583081899385748
2024-02-29,159938.SZ,801150.SI,0.9529119257332633
2024-02-29,159939.SZ,801080.SI,0.6811956395407621
2024-02-29,159940.SZ,801780.SI,0.5831081333258266
2024-02-29,159992.SZ,801150.SI,0.9998729299736697
2024-02-29,159993.SZ,801790.SI,0.9997114258065749
2024-02-29,159994.SZ,801080.SI,0.5345906464748748
2024-02-29,159995.SZ,801080.SI,1.0
2024-02-29,159996.SZ,801110.SI,0.9426943721354168
2024-02-29,159997.SZ,801080.SI,0.8348745930197617
2024-02-29,159998.SZ,801750.SI,0.9993873067503812
2024-02-29,510200.SH,801790.SI,0.9944146820430317
2024-02-29,510650.SH,801780.SI,0.5693178767148277
2024-02-29,510660.SH,801150.SI,1.0
2024-02-29,512000.SH,801790.SI,0.999942817293938
2024-02-29,512010.SH,801150.SI,0.9530033357003881
2024-02-29,512070.SH,801790.SI,1.0
2024-02-29,512120.SH,801150.SI,1.0
2024-02-29,512170.SH,801150.SI,0.915193285641014
2024-02-29,512290.SH,801150.SI,0.9992119652471765
2024-02-29,512400.SH,801050.SI,0.9996819978403372
2024-02-29,512560.SH,801740.SI,1.0
2024-02-29,512570.SH,801790.SI,1.0
2024-02-29,512580.SH,801730.SI,0.6946356528225124
2024-02-29,512640.SH,801780.SI,0.5821279910451901
2024-02-29,512660.SH,801740.SI,0.9989256547824924
2024-02-29,512670.SH,801740.SI,0.9995791704180202
2024-02-29,512680.SH,801740.SI,1.0
2024-02-29,512690.SH,801120.SI,0.9999758108603297
2024-02-29,512700.SH,801780.SI,0.9998504809716036
2024-02-29,512710.SH,801740.SI,0.9998956878399465
2024-02-29,512720.SH,801750.SI,0.9972405376126464
2024-02-29,512730.SH,801780.SI,0.9993640580840581
2024-02-29,512760.SH,801080.SI,0.9999664546304032
2024-02-29,512800.SH,801780.SI,0.9992801459674012
2024-02-29,512810.SH,801740.SI,0.9982859199881755
2024-02-29,512820.SH,801780.SI,1.0
2024-02-29,512880.SH,801790.SI,0.9998337831903255
2024-02-29,512900.SH,801790.SI,0.9997291508146816
2024-02-29,512930.SH,801750.SI,0.7210897534134428
2024-02-29,512980.SH,801760.SI,1.0
2024-02-29,515010.SH,801790.SI,1.0
2024-02-29,515020.SH,801780.SI,1.0
2024-02-29,515050.SH,801080.SI,0.534824286310466
2024-02-29,515070.SH,801750.SI,0.7208024512115576
2024-02-29,515120.SH,801150.SI,1.0
2024-02-29,515170.SH,801120.SI,1.0
2024-02-29,515210.SH,801040.SI,0.9991306156823199
2024-02-29,515220.SH,801950.SI,0.9996144316462048
2024-02-29,515230.SH,801750.SI,0.9995034257615732
2024-02-29,515260.SH,801080.SI,0.8352931247370973
2024-02-29,515290.SH,801780.SI,0.9997849919301379
2024-02-29,515320.SH,801080.SI,0.8356275776542096
2024-02-29,515400.SH,801750.SI,0.9996683495790541
2024-02-29,515560.SH,801790.SI,1.0
2024-02-29,515710.SH,801120.SI,0.9976674979081696
2024-02-29,515790.SH,801730.SI,0.9052545972086036
2024-02-29,515850.SH,801790.SI,0.9993949289662797
2024-02-29,515880.SH,801770.SI,0.6202610377262384
2024-02-29,515950.SH,801150.SI,0.9465770292019958
2024-02-29,515960.SH,801150.SI,0.9275434482389493
2024-02-29,515980.SH,801750.SI,0.6989144715563929
2024-02-29,516000.SH,801750.SI,1.0
2024-02-29,516010.SH,801760.SI,0.9976361763225334
2024-02-29,516020.SH,801030.SI,0.6906941226078963
2024-02-29,516060.SH,801150.SI,0.9986230782304887
2024-02-29,516080.SH,801150.SI,1.0
2024-02-29,516090.SH,801730.SI,0.8036573964115448
2024-02-29,516100.SH,801750.SI,0.7297706733830216
2024-02-29,516120.SH,801030.SI,0.6885769553966471
2024-02-29,516150.SH,801050.SI,0.6333699171760397
2024-02-29,516160.SH,801730.SI,0.803441596158015
2024-02-29,516180.SH,801730.SI,0.9060430320483199
2024-02-29,516190.SH,801760.SI,0.7168823409064888
2024-02-29,516200.SH,801790.SI,1.0
2024-02-29,516210.SH,801780.SI,1.0
2024-02-29,516220.SH,801030.SI,0.694005245899301
2024-02-29,516270.SH,801730.SI,0.8147243667974289
2024-02-29,516290.SH,801730.SI,0.9050323823726396
2024-02-29,516310.SH,801780.SI,1.0
2024-02-29,516320.SH,801730.SI,0.7623394921099169
2024-02-29,516350.SH,801080.SI,1.0
2024-02-29,516360.SH,801730.SI,0.5431866931303355
2024-02-29,516500.SH,801150.SI,1.0
2024-02-29,516510.SH,801750.SI,0.8091835988391806
2024-02-29,516530.SH,801170.SI,1.0
2024-02-29,516550.SH,801010.SI,0.5035747118625972
2024-02-29,516570.SH,801030.SI,0.5464583647565484
2024-02-29,516580.SH,801730.SI,0.8027644469118116
2024-02-29,516610.SH,801150.SI,0.8706536219909837
2024-02-29,516620.SH,801760.SI,1.0
2024-02-29,516630.SH,801750.SI,0.8090812240487958
2024-02-29,516640.SH,801080.SI,0.9996796851600285
2024-02-29,516650.SH,801050.SI,1.0
2024-02-29,516670.SH,801010.SI,0.8958822735712788
2024-02-29,516700.SH,801750.SI,1.0
2024-02-29,516710.SH,801730.SI,0.546845967132521
2024-02-29,516730.SH,801790.SI,1.0
2024-02-29,516750.SH,801710.SI,0.9998961319098264
2024-02-29,516760.SH,801010.SI,0.899569619890526
2024-02-29,516770.SH,801760.SI,0.998377861925863
2024-02-29,516780.SH,801050.SI,0.6342652999108246
2024-02-29,516790.SH,801150.SI,0.8666905758401646
2024-02-29,516800.SH,801080.SI,0.5612568581427808
2024-02-29,516810.SH,801010.SI,0.8443948090062511
2024-02-29,516820.SH,801150.SI,0.8984898852650773
2024-02-29,516850.SH,801730.SI,0.8035921952806346
2024-02-29,516860.SH,801750.SI,0.729713769916253
2024-02-29,516880.SH,801730.SI,0.9046395847319411
2024-02-29,516890.SH,801730.SI,0.5459457864396707
2024-02-29,516900.SH,801120.SI,1.0
2024-02-29,516910.SH,801170.SI,0.9994740939729209
2024-02-29,516920.SH,801080.SI,0.9998657472888146
2024-02-29,516930.SH,801150.SI,1.0
2024-02-29,516950.SH,801720.SI,0.7439874596267434
2024-02-29,516960.SH,801730.SI,0.76489387319334
2024-02-29,516970.SH,801720.SI,1.0
2024-02-29,516980.SH,801790.SI,1.0
2024-02-29,517110.SH,801150.SI,0.5868791155926544
2024-02-29,517120.SH,801150.SI,0.5406232033320709
2024-02-29,517390.SH,801750.SI,0.6003231302941575
2024-02-29,560080.SH,801150.SI,0.9999613779089628
2024-02-29,560090.SH,801790.SI,1.0
2024-02-29,560580.SH,801160.SI,0.9999627190729243
2024-02-29,560660.SH,801750.SI,0.7665944702616395
2024-02-29,560860.SH,801050.SI,0.9999536955891233
2024-02-29,560880.SH,801110.SI,0.9428817927763327
2024-02-29,560900.SH,801150.SI,1.0
2024-02-29,560980.SH,801730.SI,1.0
2024-02-29,561100.SH,801080.SI,0.9339205974656327
2024-02-29,561120.SH,801110.SI,0.9421366078430026
2024-02-29,561160.SH,801730.SI,0.8721776780022158
2024-02-29,561170.SH,801160.SI,0.9993143195485046
2024-02-29,561310.SH,801080.SI,0.9301793481390652
2024-02-29,561320.SH,801170.SI,0.9991637269410488
2024-02-29,561330.SH,801050.SI,1.0
2024-02-29,561510.SH,801150.SI,0.9985021461668427
2024-02-29,561560.SH,801160.SI,0.9946416815449541
2024-02-29,561600.SH,801080.SI,0.932429057266533
2024-02-29,561700.SH,801160.SI,1.0
2024-02-29,561800.SH,801050.SI,0.6900738755629846
2024-02-29,561910.SH,801730.SI,0.8709622778096869
2024-02-29,561920.SH,801150.SI,0.9993420220550788
2024-02-29,562010.SH,801730.SI,0.6062213246588646
2024-02-29,562030.SH,801750.SI,0.8523721474488738
2024-02-29,562350.SH,801160.SI,1.0
2024-02-29,562390.SH,801150.SI,1.0
2024-02-29,562550.SH,801160.SI,1.0
2024-02-29,562800.SH,801050.SI,0.6888584703846127
2024-02-29,562860.SH,801150.SI,0.9961062878360544
2024-02-29,562880.SH,801730.SI,0.871998141989603
2024-02-29,562900.SH,801010.SI,0.9274084872331898
2024-02-29,562910.SH,801730.SI,0.7623889965594722
2024-02-29,562920.SH,801750.SI,0.8685612981118543
2024-02-29,562930.SH,801750.SI,1.0
2024-02-29,562950.SH,801080.SI,0.932443420414892
2024-02-29,562960.SH,801160.SI,1.0
2024-02-29,563010.SH,801770.SI,0.844438367840499
2024-02-29,588200.SH,801080.SI,0.9415851234298377
2024-02-29,588290.SH,801080.SI,0.9416118448745684
2024-03-29,159507.SZ,801770.SI,0.8094136436978774
2024-03-29,159508.SZ,801150.SI,0.9309057173516255
2024-03-29,159511.SZ,801770.SI,0.7147371280069083
2024-03-29,159512.SZ,801880.SI,0.9868760036803695
2024-03-29,159516.SZ,801080.SI,0.843277341186166
2024-03-29,159537.SZ,801750.SI,0.524567621364736
2024-03-29,159539.SZ,801750.SI,0.5250265589960648
2024-03-29,159540.SZ,801750.SI,0.5240307433583333
2024-03-29,159546.SZ,801080.SI,0.9349528645083758
2024-03-29,159608.SZ,801050.SI,0.7456783646224674
2024-03-29,159609.SZ,801730.SI,0.9058353181554193
2024-03-29,159611.SZ,801160.SI,0.9945098204696656
2024-03-29,159613.SZ,801750.SI,0.8482003685022037
2024-03-29,159616.SZ,801010.SI,0.5237898875060453
2024-03-29,159618.SZ,801730.SI,0.820008098445988
2024-03-29,159619.SZ,801720.SI,0.709342343399801
2024-03-29,159622.SZ,801150.SI,0.5386117453007987
2024-03-29,159625.SZ,801160.SI,0.9486299064036927
2024-03-29,159635.SZ,801720.SI,0.7101534971765615
2024-03-29,159638.SZ,801740.SI,0.8829199609465995
2024-03-29,159643.SZ,801150.SI,0.9859520498745314
2024-03-29,159645.SZ,801150.SI,1.0
2024-03-29,159647.SZ,801150.SI,1.0
2024-03-29,159652.SZ,801050.SI,0.9544537597445755
2024-03-29,159657.SZ,801150.SI,0.983833401572596
2024-03-29,159662.SZ,801170.SI,0.9993738228531196
2024-03-29,159663.SZ,801890.SI,0.7402053624429759
2024-03-29,159665.SZ,801080.SI,0.9399708099009917
2024-03-29,159667.SZ,801890.SI,0.7404539700333707
2024-03-29,159669.SZ,801160.SI,0.953542072048493
2024-03-29,159671.SZ,801050.SI,0.7470490125773913
2024-03-29,159690.SZ,801050.SI,0.998749326588671
2024-03-29,159692.SZ,801790.SI,0.9982312801911842
2024-03-29,159695.SZ,801770.SI,0.8072199214219372
2024-03-29,159697.SZ,801960.SI,0.6832664451499588
2024-03-29,159707.SZ,801180.SI,0.9956229979221334
2024-03-29,159713.SZ,801050.SI,0.6358170519580696
2024-03-29,159715.SZ,801050.SI,0.5574870275949345
2024-03-29,159730.SZ,801110.SI,0.9104311601656259
2024-03-29,159731.SZ,801030.SI,0.5911502647885218
2024-03-29,159732.SZ,801080.SI,0.9125387326479331
2024-03-29,159736.SZ,801120.SI,0.948356496785562
2024-03-29,159738.SZ,801750.SI,0.6076515290258877
2024-03-29,159739.SZ,801750.SI,0.8328347712496331
2024-03-29,159745.SZ,801710.SI,0.916794195329119
2024-03-29,159748.SZ,801150.SI,0.539637515072418
2024-03-29,159752.SZ,801730.SI,0.7442018994163103
2024-03-29,159755.SZ,801730.SI,0.6323152036326939
2024-03-29,159757.SZ,801730.SI,0.6307144223429417
2024-03-29,159760.SZ,801150.SI,0.9806272886308921
2024-03-29,159767.SZ,801730.SI,0.629006706579242
2024-03-29,159768.SZ,801180.SI,0.9957018552547361
2024-03-29,159770.SZ,801890.SI,0.5717007953835496
2024-03-29,159775.SZ,801730.SI,0.6321849436221803
2024-03-29,159779.SZ,801080.SI,0.8851009352570925
2024-03-29,159786.SZ,801080.SI,0.6964616418901692
2024-03-29,159787.SZ,801710.SI,0.9201791098631178
2024-03-29,159796.SZ,801730.SI,0.8771480142335895
2024-03-29,159797.SZ,801150.SI,0.9545111337408103
2024-03-29,159801.SZ,801080.SI,0.9412984134846603
2024-03-29,159805.SZ,801760.SI,0.9417919588306869
2024-03-29,159806.SZ,801730.SI,0.5017089729655673
2024-03-29,159813.SZ,801080.SI,0.9410212569943134
2024-03-29,159819.SZ,801750.SI,0.6004679502269242
2024-03-29,159824.SZ,801730.SI,0.5017748213940918
2024-03-29,159825.SZ,801010.SI,0.844371630455758
2024-03-29,159827.SZ,801010.SI,0.7746190549634563
2024-03-29,159828.SZ,801150.SI,0.9383641369430938
2024-03-29,159835.SZ,801150.SI,1.0
2024-03-29,159837.SZ,801150.SI,0.9992438923408907
2024-03-29,159838.SZ,801150.SI,0.9764062354907834
2024-03-29,159839.SZ,801150.SI,0.9357184208537617
2024-03-29,159840.SZ,801730.SI,0.6314960765426832
2024-03-29,159841.SZ,801790.SI,0.9996727013351403
2024-03-29,159842.SZ,801790.SI,0.9993015906915544
2024-03-29,159843.SZ,801120.SI,0.961901001138041
2024-03-29,159847.SZ,801150.SI,0.9390090376532285
2024-03-29,159848.SZ,801790.SI,1.0
2024-03-29,159849.SZ,801150.SI,0.999871624674368
2024-03-29,159851.SZ,801750.SI,0.8387146338010862
2024-03-29,159852.SZ,801750.SI,0.9622965838490517
2024-03-29,159855.SZ,801760.SI,0.9364118141293952
2024-03-29,159857.SZ,801730.SI,0.8197297251360619
2024-03-29,159858.SZ,801150.SI,0.9996538396819838
2024-03-29,159859.SZ,801150.SI,0.9363677742322597
2024-03-29,159861.SZ,801730.SI,0.7537019885659137
2024-03-29,159862.SZ,801120.SI,0.9686076587944361
2024-03-29,159863.SZ,801730.SI,0.8195307048607691
2024-03-29,159864.SZ,801730.SI,0.8189272372316393
2024-03-29,159865.SZ,801010.SI,0.8934174967027007
2024-03-29,159867.SZ,801010.SI,0.8943726814934052
2024-03-29,159869.SZ,801760.SI,0.958719272251125
2024-03-29,159870.SZ,801030.SI,0.7060360334008027
2024-03-29,159871.SZ,801050.SI,0.9412454543689734
2024-03-29,159873.SZ,801150.SI,0.9584004894460907
2024-03-29,159875.SZ,801730.SI,0.7617603809462163
2024-03-29,159876.SZ,801050.SI,0.9413450026471699
2024-03-29,159877.SZ,801150.SI,0.869741728362602
2024-03-29,159880.SZ,801050.SI,0.9623500966219053
2024-03-29,159881.SZ,801050.SI,0.9398742963642835
2024-03-29,159883.SZ,801150.SI,0.9563440233347176
2024-03-29,159886.SZ,801730.SI,0.7642342707549046
2024-03-29,159887.SZ,801780.SI,0.9995472832040997
2024-03-29,159890.SZ,801750.SI,0.8334942822054104
2024-03-29,159891.SZ,801150.SI,0.9626853772578331
2024-03-29,159898.SZ,801150.SI,0.9536315280287634
2024-03-29,159899.SZ,801750.SI,0.9884488145241103
2024-03-29,159929.SZ,801150.SI,0.9850647557239064
2024-03-29,159930.SZ,801950.SI,0.5744631297828756
2024-03-29,159933.SZ,801780.SI,0.583081899385748
2024-03-29,159938.SZ,801150.SI,0.9868007640788636
2024-03-29,159939.SZ,801080.SI,0.6639544349270827
2024-03-29,159992.SZ,801150.SI,0.9999229481649193
2024-03-29,159993.SZ,801790.SI,1.0
2024-03-29,159995.SZ,801080.SI,0.94118949323793
2024-03-29,159996.SZ,801110.SI,0.8941257875564842
2024-03-29,159997.SZ,801080.SI,0.8093836794050076
2024-03-29,159998.SZ,801750.SI,0.9375019547093448
2024-03-29,510200.SH,801790.SI,0.9944146820430317
2024-03-29,510650.SH,801780.SI,0.5811870453866663
2024-03-29,510660.SH,801150.SI,0.9981814875158759
2024-03-29,512000.SH,801790.SI,0.9999447339604327
2024-03-29,512010.SH,801150.SI,0.9762421273875689
2024-03-29,512070.SH,801790.SI,0.9993555860459746
2024-03-29,512120.SH,801150.SI,1.0
2024-03-29,512170.SH,801150.SI,0.9395742720977968
2024-03-29,512290.SH,801150.SI,0.9993240785531702
2024-03-29,512400.SH,801050.SI,0.9996819978403372
2024-03-29,512560.SH,801740.SI,0.8323986325323404
2024-03-29,512570.SH,801790.SI,0.998110139672647
2024-03-29,512580.SH,801730.SI,0.699402078348026
2024-03-29,512660.SH,801740.SI,0.8339264547871785
2024-03-29,512670.SH,801740.SI,0.8899864860498864
2024-03-29,512680.SH,801740.SI,0.8339574202985817
2024-03-29,512690.SH,801120.SI,0.997702198692874
2024-03-29,512700.SH,801780.SI,0.9998504809716036
2024-03-29,512710.SH,801740.SI,0.9998956878399465
2024-03-29,512720.SH,801750.SI,0.9367214331289361
2024-03-29,512730.SH,801780.SI,1.0
2024-03-29,512760.SH,801080.SI,0.9564385657285945
2024-03-29,512800.SH,801780.SI,0.9993783189404729
2024-03-29,512810.SH,801740.SI,0.832335581586001
2024-03-29,512820.SH,801780.SI,1.0
2024-03-29,512880.SH,801790.SI,0.9999010434500984
2024-03-29,512900.SH,801790.SI,0.9997291508146816
2024-03-29,512930.SH,801750.SI,0.604021910738986
2024-03-29,512980.SH,801760.SI,0.9434302954351129
2024-03-29,515010.SH,801790.SI,0.9975952310163414
2024-03-29,515020.SH,801780.SI,0.9969923438968117
2024-03-29,515030.SH,801730.SI,0.5022971161036837
2024-03-29,515070.SH,801750.SI,0.5999126667693321
2024-03-29,515120.SH,801150.SI,0.9998341937750135
2024-03-29,515170.SH,801120.SI,0.9679945042021116
2024-03-29,515210.SH,801040.SI,0.938483752988017
2024-03-29,515220.SH,801950.SI,0.993464083175874
2024-03-29,515230.SH,801750.SI,0.9906683449864297
2024-03-29,515260.SH,801080.SI,0.8390976588580101
2024-03-29,515290.SH,801780.SI,0.999723929373011
2024-03-29,515320.SH,801080.SI,0.8394153853514913
2024-03-29,515400.SH,801750.SI,0.9996683495790541
2024-03-29,515560.SH,801790.SI,1.0
2024-03-29,515700.SH,801730.SI,0.5141547877009683
2024-03-29,515710.SH,801120.SI,0.9662440895167543
2024-03-29,515790.SH,801730.SI,0.9052545972086036
2024-03-29,515850.SH,801790.SI,0.9993949289662797
2024-03-29,515880.SH,801770.SI,0.6497909239655312
2024-03-29,515950.SH,801150.SI,0.9465770292019958
2024-03-29,515960.SH,801150.SI,0.9778344410687214
2024-03-29,515980.SH,801750.SI,0.6989144715563929
2024-03-29,516000.SH,801750.SI,0.9093896202313015
2024-03-29,516010.SH,801760.SI,0.9576773142603724
2024-03-29,516020.SH,801030.SI,0.7039658337891164
2024-03-29,516060.SH,801150.SI,0.9997600336987364
2024-03-29,516080.SH,801150.SI,0.9975346202398183
2024-03-29,516090.SH,801730.SI,0.7621715936599165
2024-03-29,516100.SH,801750.SI,0.8378646647869884
2024-03-29,516120.SH,801030.SI,0.6885769553966471
2024-03-29,516150.SH,801050.SI,0.5581776539284681
2024-03-29,516160.SH,801730.SI,0.803441596158015
2024-03-29,516180.SH,801730.SI,0.820043443363866
2024-03-29,516190.SH,801760.SI,0.831713087612881
2024-03-29,516200.SH,801790.SI,1.0
2024-03-29,516210.SH,801780.SI,1.0
2024-03-29,516220.SH,801030.SI,0.7055748792868592
2024-03-29,516270.SH,801730.SI,0.7444323098857729
2024-03-29,516290.SH,801730.SI,0.8201888865161148
2024-03-29,516310.SH,801780.SI,0.9988506061178247
2024-03-29,516320.SH,801730.SI,0.6101903509075377
2024-03-29,516350.SH,801080.SI,0.9572378543605652
2024-03-29,516390.SH,801730.SI,0.5145265794144581
2024-03-29,516500.SH,801150.SI,0.9985560248829549
2024-03-29,516510.SH,801750.SI,0.8327565127845323
2024-03-29,516530.SH,801170.SI,0.9446498943007521
2024-03-29,516570.SH,801030.SI,0.591498004363668
2024-03-29,516580.SH,801730.SI,0.7625920133523746
2024-03-29,516610.SH,801150.SI,0.962582007883149
2024-03-29,516620.SH,801760.SI,0.9359243872830613
2024-03-29,516630.SH,801750.SI,0.8332785409706647
2024-03-29,516640.SH,801080.SI,0.9996796851600285
2024-03-29,516650.SH,801050.SI,0.9544778646518204
2024-03-29,516660.SH,801730.SI,0.5023632796233148
2024-03-29,516670.SH,801010.SI,0.8942607278717875
2024-03-29,516700.SH,801750.SI,0.9096329078386394
2024-03-29,516730.SH,801790.SI,1.0
2024-03-29,516750.SH,801710.SI,0.9998961319098264
2024-03-29,516760.SH,801010.SI,0.8945765112528714
2024-03-29,516770.SH,801760.SI,0.998377861925863
2024-03-29,516780.SH,801050.SI,0.6342652999108246
2024-03-29,516790.SH,801150.SI,0.8666905758401646
2024-03-29,516810.SH,801010.SI,0.773638979177502
2024-03-29,516820.SH,801150.SI,0.9607944144016288
2024-03-29,516850.SH,801730.SI,0.7630809546417581
2024-03-29,516860.SH,801750.SI,0.837941810639057
2024-03-29,516880.SH,801730.SI,0.8198502155243758
2024-03-29,516900.SH,801120.SI,1.0
2024-03-29,516910.SH,801170.SI,0.9994740939729209
2024-03-29,516920.SH,801080.SI,0.9590611910621365
2024-03-29,516930.SH,801150.SI,1.0
2024-03-29,516950.SH,801720.SI,0.7096738408246034
2024-03-29,516960.SH,801730.SI,0.7017322968303606
2024-03-29,516970.SH,801720.SI,0.9308500102838836
2024-03-29,516980.SH,801790.SI,1.0
2024-03-29,517110.SH,801150.SI,0.6399476576625519
2024-03-29,517120.SH,801150.SI,0.5406232033320709
2024-03-29,517390.SH,801750.SI,0.6197886759550897
2024-03-29,560080.SH,801150.SI,1.0
2024-03-29,560090.SH,801790.SI,1.0
2024-03-29,560260.SH,801150.SI,0.9405379336556055
2024-03-29,560280.SH,801890.SI,0.716744419786165
2024-03-29,560580.SH,801160.SI,0.9999627190729243
2024-03-29,560660.SH,801750.SI,0.7665944702616395
2024-03-29,560860.SH,801050.SI,0.9066061451507607
2024-03-29,560880.SH,801110.SI,0.8940156635925536
2024-03-29,560900.SH,801150.SI,1.0
2024-03-29,560980.SH,801730.SI,0.9286530345092295
2024-03-29,561100.SH,801080.SI,0.9339205974656327
2024-03-29,561120.SH,801110.SI,0.9421366078430026
2024-03-29,561160.SH,801730.SI,0.8721776780022158
2024-03-29,561170.SH,801160.SI,0.9993143195485046
2024-03-29,561310.SH,801080.SI,0.8830527610426242
2024-03-29,561320.SH,801170.SI,0.9992957861571559
2024-03-29,561330.SH,801050.SI,0.9986899952749784
2024-03-29,561360.SH,801960.SI,0.6509393256292686
2024-03-29,561510.SH,801150.SI,0.9985021461668427
2024-03-29,561560.SH,801160.SI,0.9946416815449541
2024-03-29,561600.SH,801080.SI,0.8847539071634097
2024-03-29,561700.SH,801160.SI,0.9947329883435466
2024-03-29,561800.SH,801050.SI,0.6900738755629846
2024-03-29,561910.SH,801730.SI,0.8754736933639861
2024-03-29,561920.SH,801150.SI,0.9905780308668464
2024-03-29,561980.SH,801080.SI,0.9859091328944999
2024-03-29,562010.SH,801730.SI,0.6645993457439056
2024-03-29,562030.SH,801750.SI,0.9483076988056639
2024-03-29,562350.SH,801160.SI,0.9947325491892344
2024-03-29,562360.SH,801890.SI,0.5723793719240101
2024-03-29,562390.SH,801150.SI,1.0
2024-03-29,562500.SH,801890.SI,0.5709739741962506
2024-03-29,562550.SH,801160.SI,0.9937081749687001
2024-03-29,562590.SH,801080.SI,0.8459557418564666
2024-03-29,562800.SH,801050.SI,0.745629499238133
2024-03-29,562860.SH,801150.SI,0.9876443198586287
2024-03-29,562880.SH,801730.SI,0.8756810679361234
2024-03-29,562900.SH,801010.SI,0.938979522417541
2024-03-29,562910.SH,801730.SI,0.6088581831440805
2024-03-29,562920.SH,801750.SI,0.8495291429252375
2024-03-29,562930.SH,801750.SI,0.9640539562092287
2024-03-29,562950.SH,801080.SI,0.8848798360365914
2024-03-29,562960.SH,801160.SI,0.9937021761372676
2024-03-29,563010.SH,801770.SI,0.8036358386935915
2024-03-29,588200.SH,801080.SI,0.96481112189118
2024-03-29,588290.SH,801080.SI,0.9650375044852446
2024-04-30,159507.SZ,801770.SI,0.880255156390316
2024-04-30,159508.SZ,801150.SI,0.8836554242877764
2024-04-30,159511.SZ,801770.SI,0.7887526031386204
2024-04-30,159512.SZ,801880.SI,1.0
2024-04-30,159516.SZ,801080.SI,0.9426691484776857
2024-04-30,159527.SZ,801750.SI,0.7631645289288319
2024-04-30,159530.SZ,801890.SI,0.5000479404027339
2024-04-30,159537.SZ,801080.SI,0.5052608262279034
2024-04-30,159538.SZ,801080.SI,0.5086603286626746
2024-04-30,159539.SZ,801080.SI,0.5052218241970906
2024-04-30,159540.SZ,801080.SI,0.5075955997115785
2024-04-30,159546.SZ,801080.SI,1.0
2024-04-30,159560.SZ,801080.SI,0.9997191731029108
2024-04-30,159566.SZ,801730.SI,0.8822153111345278
2024-04-30,159608.SZ,801050.SI,0.7377939151463649
2024-04-30,159609.SZ,801730.SI,0.8511055705758495
2024-04-30,159611.SZ,801160.SI,1.0
2024-04-30,159613.SZ,801750.SI,0.8911304525026044
2024-04-30,159616.SZ,801010.SI,0.5002546632739956
2024-04-30,159618.SZ,801730.SI,0.8459117939807053
2024-04-30,159619.SZ,801720.SI,0.7331311256018518
2024-04-30,159622.SZ,801150.SI,0.5516052187315441
2024-04-30,159625.SZ,801160.SI,0.9995888180075869
2024-04-30,159635.SZ,801720.SI,0.7334010031159224
2024-04-30,159638.SZ,801740.SI,0.9286913466766421
2024-04-30,159643.SZ,801150.SI,1.0
2024-04-30,159645.SZ,801150.SI,1.0
2024-04-30,159647.SZ,801150.SI,1.0
2024-04-30,159652.SZ,801050.SI,1.0
2024-04-30,159657.SZ,801150.SI,0.9995969247184319
2024-04-30,159662.SZ,801170.SI,0.9996381756717513
2024-04-30,159663.SZ,801890.SI,0.630729074472237
2024-04-30,159665.SZ,801080.SI,0.9975013710608244
2024-04-30,159667.SZ,801890.SI,0.6302115001412042
2024-04-30,159669.SZ,801160.SI,1.0
2024-04-30,159671.SZ,801050.SI,0.7357174788546398
2024-04-30,159690.SZ,801050.SI,1.0
2024-04-30,159692.SZ,801790.SI,0.9997219606510912
2024-04-30,159695.SZ,801770.SI,0.8807747921411565
2024-04-30,159697.SZ,801960.SI,0.8640145929592938
2024-04-30,159698.SZ,801010.SI,0.5176296808971885
2024-04-30,159703.SZ,801730.SI,0.5084534476431057
2024-04-30,159707.SZ,801180.SI,0.9989414468940055
2024-04-30,159713.SZ,801050.SI,0.5769353982599039
2024-04-30,159715.SZ,801050.SI,0.5770501672585648
2024-04-30,159730.SZ,801110.SI,0.8913642546898293
2024-04-30,159731.SZ,801030.SI,0.5373015232806035
2024-04-30,159732.SZ,801080.SI,0.9500708736176707
2024-04-30,159736.SZ,801120.SI,0.9998812755821056
2024-04-30,159738.SZ,801750.SI,0.556091678638056
2024-04-30,159739.SZ,801750.SI,0.7621910144053213
2024-04-30,159745.SZ,801710.SI,0.9997572529448001
2024-04-30,159748.SZ,801150.SI,0.5497194581206892
2024-04-30,159752.SZ,801730.SI,0.7406373712101286
2024-04-30,159755.SZ,801730.SI,0.5410116784663516
2024-04-30,159757.SZ,801730.SI,0.5382927931524109
2024-04-30,159760.SZ,801150.SI,0.999670425581238
2024-04-30,159761.SZ,801730.SI,0.5081237703099646
2024-04-30,159763.SZ,801730.SI,0.5080574532360064
2024-04-30,159767.SZ,801730.SI,0.538983287362517
2024-04-30,159768.SZ,801180.SI,0.9997756466364903
2024-04-30,159775.SZ,801730.SI,0.540717099957961
2024-04-30,159779.SZ,801080.SI,0.9391787077295318
2024-04-30,159786.SZ,801080.SI,0.9434037284591754
2024-04-30,159787.SZ,801710.SI,1.0
2024-04-30,159795.SZ,801080.SI,0.5123976129400281
2024-04-30,159796.SZ,801730.SI,0.8861380171844627
2024-04-30,159797.SZ,801150.SI,0.8859660607362846
2024-04-30,159801.SZ,801080.SI,1.0
2024-04-30,159805.SZ,801760.SI,0.9371898401480456
2024-04-30,159811.SZ,801770.SI,0.536614422922213
2024-04-30,159813.SZ,801080.SI,0.999921565606449
2024-04-30,159819.SZ,801750.SI,0.6204573751712835
2024-04-30,159825.SZ,801010.SI,0.8534483347238686
2024-04-30,159827.SZ,801010.SI,0.8534933111160321
2024-04-30,159828.SZ,801150.SI,0.9060860357958964
2024-04-30,159835.SZ,801150.SI,1.0
2024-04-30,159837.SZ,801150.SI,1.0
2024-04-30,159838.SZ,801150.SI,0.9448833302574113
2024-04-30,159839.SZ,801150.SI,0.8926381236883599
2024-04-30,159840.SZ,801730.SI,0.5432115896498451
2024-04-30,159841.SZ,801790.SI,0.9998028325388049
2024-04-30,159842.SZ,801790.SI,0.9999001447154385
2024-04-30,159843.SZ,801120.SI,0.9985523810742822
2024-04-30,159847.SZ,801150.SI,0.9071638550343848
2024-04-30,159848.SZ,801790.SI,1.0
2024-04-30,159849.SZ,801150.SI,0.9997991184204109
2024-04-30,159851.SZ,801750.SI,0.790539135976901
2024-04-30,159852.SZ,801750.SI,0.9998713876960206
2024-04-30,159855.SZ,801760.SI,1.0
2024-04-30,159857.SZ,801730.SI,0.8456976758108744
2024-04-30,159858.SZ,801150.SI,0.9998827991386429
2024-04-30,159859.SZ,801150.SI,0.8942948933187672
2024-04-30,159861.SZ,801730.SI,0.6058526577170226
2024-04-30,159862.SZ,801120.SI,1.0
2024-04-30,159863.SZ,801730.SI,0.8459650324383483
2024-04-30,159864.SZ,801730.SI,0.8451057427663583
2024-04-30,159865.SZ,801010.SI,0.8844251734385187
2024-04-30,159867.SZ,801010.SI,0.8864442508957521
2024-04-30,159869.SZ,801760.SI,1.0
2024-04-30,159870.SZ,801030.SI,0.8215362016826184
2024-04-30,159871.SZ,801050.SI,1.0
2024-04-30,159873.SZ,801150.SI,0.8894971789334485
2024-04-30,159875.SZ,801730.SI,0.725017447006532
2024-04-30,159876.SZ,801050.SI,1.0
2024-04-30,159877.SZ,801150.SI,0.8934001506875429
2024-04-30,159880.SZ,801050.SI,1.0
2024-04-30,159881.SZ,801050.SI,0.9994058604289471
2024-04-30,159883.SZ,801150.SI,0.8867279703055371
2024-04-30,159886.SZ,801730.SI,0.614869805112361
2024-04-30,159887.SZ,801780.SI,0.9997912910873289
2024-04-30,159888.SZ,801080.SI,0.5127065951180376
2024-04-30,159889.SZ,801080.SI,0.5127924794593076
2024-04-30,159890.SZ,801750.SI,0.7596161662411193
2024-04-30,159891.SZ,801150.SI,0.8899312001635613
2024-04-30,159898.SZ,801150.SI,0.8870682471606549
2024-04-30,159899.SZ,801750.SI,0.9989058370663906
2024-04-30,159929.SZ,801150.SI,1.0
2024-04-30,159930.SZ,801950.SI,0.5481849847161929
2024-04-30,159931.SZ,801780.SI,0.6341194508241613
2024-04-30,159933.SZ,801780.SI,0.6327136802650768
2024-04-30,159938.SZ,801150.SI,1.0
2024-04-30,159939.SZ,801080.SI,0.7897412594998746
2024-04-30,159940.SZ,801780.SI,0.634108135945372
2024-04-30,159992.SZ,801150.SI,0.9999857996984326
2024-04-30,159993.SZ,801790.SI,1.0
2024-04-30,159994.SZ,801080.SI,0.5095419576470662
2024-04-30,159995.SZ,801080.SI,1.0
2024-04-30,159996.SZ,801110.SI,0.9407301091088902
2024-04-30,159997.SZ,801080.SI,0.8760326910691587
2024-04-30,159998.SZ,801750.SI,0.9998300792137289
2024-04-30,510200.SH,801790.SI,0.9996795055087876
2024-04-30,510650.SH,801780.SI,0.699801751999056
2024-04-30,510660.SH,801150.SI,1.0
2024-04-30,512000.SH,801790.SI,0.9999898702396359
2024-04-30,512010.SH,801150.SI,1.0
2024-04-30,512070.SH,801790.SI,1.0
2024-04-30,512120.SH,801150.SI,1.0
2024-04-30,512170.SH,801150.SI,0.9061368508562352
2024-04-30,512290.SH,801150.SI,0.9998791780826646
2024-04-30,512400.SH,801050.SI,0.9997985385682658
2024-04-30,512560.SH,801740.SI,0.9427068475640515
2024-04-30,512570.SH,801790.SI,1.0
2024-04-30,512580.SH,801730.SI,0.6057381308281757
2024-04-30,512640.SH,801780.SI,0.6334726668745704
2024-04-30,512660.SH,801740.SI,0.9425440934627904
2024-04-30,512670.SH,801740.SI,0.9995850553246269
2024-04-30,512680.SH,801740.SI,0.9427143736793006
2024-04-30,512690.SH,801120.SI,1.0
2024-04-30,512700.SH,801780.SI,0.999979512710593
2024-04-30,512710.SH,801740.SI,0.9999384806032272
2024-04-30,512720.SH,801750.SI,0.9998338840781364
2024-04-30,512730.SH,801780.SI,1.0
2024-04-30,512760.SH,801080.SI,0.9999499997427095
2024-04-30,512800.SH,801780.SI,0.9998970133071332
2024-04-30,512810.SH,801740.SI,0.9411314508850083
2024-04-30,512820.SH,801780.SI,1.0
2024-04-30,512880.SH,801790.SI,0.9999785110367828
2024-04-30,512900.SH,801790.SI,0.9998767075967092
2024-04-30,512930.SH,801750.SI,0.6270573693090111
2024-04-30,512980.SH,801760.SI,0.9380028514415361
2024-04-30,515010.SH,801790.SI,1.0
2024-04-30,515020.SH,801780.SI,1.0
2024-04-30,515050.SH,801080.SI,0.5093789198205311
2024-04-30,515070.SH,801750.SI,0.6200274481982305
2024-04-30,515120.SH,801150.SI,1.0
2024-04-30,515170.SH,801120.SI,1.0
2024-04-30,515210.SH,801040.SI,0.9993563187796287
2024-04-30,515220.SH,801950.SI,0.999844806953038
2024-04-30,515230.SH,801750.SI,0.9996968175358197
2024-04-30,515250.SH,801080.SI,0.511616724541286
2024-04-30,515260.SH,801080.SI,0.8755780657931321
2024-04-30,515290.SH,801780.SI,0.9998709742625401
2024-04-30,515320.SH,801080.SI,0.8766144866636316
2024-04-30,515400.SH,801750.SI,0.9997814289641686
2024-04-30,515560.SH,801790.SI,1.0
2024-04-30,515710.SH,801120.SI,0.9992997966058148
2024-04-30,515790.SH,801730.SI,0.8458787934426197
2024-04-30,515850.SH,801790.SI,0.9989595745065974
2024-04-30,515880.SH,801770.SI,0.6355131080315638
2024-04-30,515950.SH,801150.SI,0.9451251076416672
2024-04-30,515960.SH,801150.SI,0.9231175367655958
2024-04-30,515980.SH,801750.SI,0.6149090196542978
2024-04-30,516000.SH,801750.SI,1.0
2024-04-30,516010.SH,801760.SI,0.9997603534804687
2024-04-30,516020.SH,801030.SI,0.8183693548285804
2024-04-30,516060.SH,801150.SI,0.9981518598466781
2024-04-30,516080.SH,801150.SI,1.0
2024-04-30,516090.SH,801730.SI,0.7251013496771064
2024-04-30,516100.SH,801750.SI,0.7896709660319997
2024-04-30,516120.SH,801030.SI,0.8209698339404932
2024-04-30,516150.SH,801050.SI,0.5769383407672808
2024-04-30,516160.SH,801730.SI,0.725182755176269
2024-04-30,516180.SH,801730.SI,0.845909395941487
2024-04-30,516190.SH,801760.SI,0.7201616300958354
2024-04-30,516200.SH,801790.SI,1.0
2024-04-30,516210.SH,801780.SI,1.0
2024-04-30,516220.SH,801030.SI,0.8200471449852428
2024-04-30,516270.SH,801730.SI,0.7404669452511702
2024-04-30,516290.SH,801730.SI,0.8459585620701165
2024-04-30,516310.SH,801780.SI,1.0
2024-04-30,516320.SH,801730.SI,0.6178882071911316
2024-04-30,516350.SH,801080.SI,1.0
2024-04-30,516360.SH,801730.SI,0.5077484643738066
2024-04-30,516500.SH,801150.SI,1.0
2024-04-30,516510.SH,801750.SI,0.7623690702339861
2024-04-30,516520.SH,801080.SI,0.5123864225415933
2024-04-30,516530.SH,801170.SI,1.0
2024-04-30,516570.SH,801030.SI,0.5372204971779342
2024-04-30,516580.SH,801730.SI,0.7251214703567543
2024-04-30,516610.SH,801150.SI,0.8927747340165173
2024-04-30,516620.SH,801760.SI,1.0
2024-04-30,516630.SH,801750.SI,0.7606155865198138
2024-04-30,516640.SH,801080.SI,0.9996920765620403
2024-04-30,516650.SH,801050.SI,1.0
2024-04-30,516670.SH,801010.SI,0.8861223422019954
2024-04-30,516700.SH,801750.SI,1.0
2024-04-30,516710.SH,801730.SI,0.5089904772573716
2024-04-30,516730.SH,801790.SI,1.0
2024-04-30,516750.SH,801710.SI,0.9993502986664163
2024-04-30,516760.SH,801010.SI,0.885657010324623
2024-04-30,516770.SH,801760.SI,0.9987567616595652
2024-04-30,516780.SH,801050.SI,0.5759346876680762
2024-04-30,516790.SH,801150.SI,0.8867856704478617
2024-04-30,516800.SH,801080.SI,0.5095752004263954
2024-04-30,516810.SH,801010.SI,0.8536397485100673
2024-04-30,516820.SH,801150.SI,0.9174284483604921
2024-04-30,516850.SH,801730.SI,0.725260890938382
2024-04-30,516860.SH,801750.SI,0.7897289665459319
2024-04-30,516880.SH,801730.SI,0.8458745301414824
2024-04-30,516890.SH,801730.SI,0.5094019879373697
2024-04-30,516900.SH,801120.SI,1.0
2024-04-30,516910.SH,801170.SI,0.9996946894765192
2024-04-30,516920.SH,801080.SI,0.9999397434824552
2024-04-30,516930.SH,801150.SI,1.0
2024-04-30,516950.SH,801720.SI,0.7326284904919039
2024-04-30,516960.SH,801730.SI,0.6162293007479334
2024-04-30,516970.SH,801720.SI,0.943555932435443
2024-04-30,516980.SH,801790.SI,1.0
2024-04-30,517110.SH,801150.SI,0.5654121307033727
2024-04-30,517120.SH,801150.SI,0.5511635987670304
2024-04-30,517390.SH,801750.SI,0.5547973338514086
2024-04-30,560080.SH,801150.SI,1.0
2024-04-30,560090.SH,801790.SI,1.0
2024-04-30,560260.SH,801150.SI,0.9070560165968011
2024-04-30,560280.SH,801890.SI,0.7385351828486749
2024-04-30,560300.SH,801770.SI,0.9004955065704954
2024-04-30,560580.SH,801160.SI,1.0
2024-04-30,560660.SH,801750.SI,0.6876142210565512
2024-04-30,560780.SH,801080.SI,0.9428630349804051
2024-04-30,560860.SH,801050.SI,1.0
2024-04-30,560880.SH,801110.SI,0.9407870476042381
2024-04-30,560900.SH,801150.SI,1.0
2024-04-30,560980.SH,801730.SI,1.0
2024-04-30,561010.SH,801750.SI,1.0
2024-04-30,561100.SH,801080.SI,0.9372395629101923
2024-04-30,561120.SH,801110.SI,0.9404453289100941
2024-04-30,561160.SH,801730.SI,0.8862076399819637
2024-04-30,561170.SH,801160.SI,0.9995708004010565
2024-04-30,561310.SH,801080.SI,0.9382496560515045
2024-04-30,561320.SH,801170.SI,0.9997339345086868
2024-04-30,561330.SH,801050.SI,1.0
2024-04-30,561360.SH,801960.SI,0.6905483720603128
2024-04-30,561510.SH,801150.SI,0.999364101894449
2024-04-30,561560.SH,801160.SI,0.9995475437571031
2024-04-30,561600.SH,801080.SI,0.9380248288691729
2024-04-30,561700.SH,801160.SI,1.0
2024-04-30,561800.SH,801050.SI,0.7793832803826928
2024-04-30,561910.SH,801730.SI,0.8853265867847545
2024-04-30,561920.SH,801150.SI,1.0
2024-04-30,561980.SH,801080.SI,1.0
2024-04-30,562010.SH,801730.SI,0.5472289595054937
2024-04-30,562030.SH,801750.SI,0.8717271194387156
2024-04-30,562350.SH,801160.SI,1.0
2024-04-30,562390.SH,801150.SI,1.0
2024-04-30,562550.SH,801160.SI,1.0
2024-04-30,562590.SH,801080.SI,0.9429222670246286
2024-04-30,562600.SH,801150.SI,0.8876098803438989
2024-04-30,562800.SH,801050.SI,0.736488569968162
2024-04-30,562860.SH,801150.SI,0.9997194469882725
2024-04-30,562880.SH,801730.SI,0.8860159435493313
2024-04-30,562900.SH,801010.SI,0.9171335834668298
2024-04-30,562910.SH,801730.SI,0.6178608390836604
2024-04-30,562920.SH,801750.SI,0.8910538931106715
2024-04-30,562930.SH,801750.SI,1.0
2024-04-30,562950.SH,801080.SI,0.938514349906067
2024-04-30,562960.SH,801160.SI,1.0
2024-04-30,563010.SH,801770.SI,0.9000864613654582
2024-04-30,588200.SH,801080.SI,0.9999913900457923
2024-04-30,588290.SH,801080.SI,1.0
2024-04-30,588700.SH,801150.SI,0.853579335511997
2024-05-31,159507.SZ,801770.SI,0.880255156390316
2024-05-31,159508.SZ,801150.SI,0.8836554242877764
2024-05-31,159511.SZ,801770.SI,0.7887526031386204
2024-05-31,159512.SZ,801880.SI,1.0
2024-05-31,159516.SZ,801080.SI,0.9426691484776857
2024-05-31,159527.SZ,801750.SI,0.7631645289288319
2024-05-31,159530.SZ,801890.SI,0.5000479404027339
2024-05-31,159537.SZ,801080.SI,0.5052608262279034
2024-05-31,159538.SZ,801080.SI,0.5086603286626746
2024-05-31,159539.SZ,801080.SI,0.5052218241970906
2024-05-31,159540.SZ,801080.SI,0.5075955997115785
2024-05-31,159546.SZ,801080.SI,1.0
2024-05-31,159560.SZ,801080.SI,0.9997191731029108
2024-05-31,159566.SZ,801730.SI,0.8822153111345278
2024-05-31,159608.SZ,801050.SI,0.7377939151463649
2024-05-31,159609.SZ,801730.SI,0.8511055705758495
2024-05-31,159611.SZ,801160.SI,1.0
2024-05-31,159613.SZ,801750.SI,0.8911304525026044
2024-05-31,159616.SZ,801010.SI,0.5002546632739956
2024-05-31,159618.SZ,801730.SI,0.8459117939807053
2024-05-31,159619.SZ,801720.SI,0.7331311256018518
2024-05-31,159622.SZ,801150.SI,0.5516052187315441
2024-05-31,159625.SZ,801160.SI,0.9995888180075869
2024-05-31,159635.SZ,801720.SI,0.7334010031159224
2024-05-31,159638.SZ,801740.SI,0.9286913466766421
2024-05-31,159643.SZ,801150.SI,1.0
2024-05-31,159645.SZ,801150.SI,1.0
2024-05-31,159647.SZ,801150.SI,1.0
2024-05-31,159652.SZ,801050.SI,1.0
2024-05-31,159657.SZ,801150.SI,0.9995969247184319
2024-05-31,159662.SZ,801170.SI,0.9996381756717513
2024-05-31,159663.SZ,801890.SI,0.630729074472237
2024-05-31,159665.SZ,801080.SI,0.9975013710608244
2024-05-31,159667.SZ,801890.SI,0.6302115001412042
2024-05-31,159669.SZ,801160.SI,1.0
2024-05-31,159671.SZ,801050.SI,0.7357174788546398
2024-05-31,159690.SZ,801050.SI,1.0
2024-05-31,159692.SZ,801790.SI,0.9997219606510912
2024-05-31,159695.SZ,801770.SI,0.8807747921411565
2024-05-31,159697.SZ,801960.SI,0.8640145929592938
2024-05-31,159698.SZ,801010.SI,0.5176296808971885
2024-05-31,159703.SZ,801730.SI,0.5084534476431057
2024-05-31,159707.SZ,801180.SI,0.9989414468940055
2024-05-31,159713.SZ,801050.SI,0.5769353982599039
2024-05-31,159715.SZ,801050.SI,0.5770501672585648
2024-05-31,159730.SZ,801110.SI,0.8913642546898293
2024-05-31,159731.SZ,801030.SI,0.5373015232806035
2024-05-31,159732.SZ,801080.SI,0.9500708736176707
2024-05-31,159736.SZ,801120.SI,0.9998812755821056
2024-05-31,159738.SZ,801750.SI,0.556091678638056
2024-05-31,159739.SZ,801750.SI,0.7621910144053213
2024-05-31,159745.SZ,801710.SI,0.9997572529448001
2024-05-31,159748.SZ,801150.SI,0.5497194581206892
2024-05-31,159752.SZ,801730.SI,0.7406373712101286
2024-05-31,159755.SZ,801730.SI,0.5410116784663516
2024-05-31,159757.SZ,801730.SI,0.5382927931524109
2024-05-31,159760.SZ,801150.SI,0.999670425581238
2024-05-31,159761.SZ,801730.SI,0.5081237703099646
2024-05-31,159763.SZ,801730.SI,0.5080574532360064
2024-05-31,159767.SZ,801730.SI,0.538983287362517
2024-05-31,159768.SZ,801180.SI,0.9997756466364903
2024-05-31,159775.SZ,801730.SI,0.540717099957961
2024-05-31,159779.SZ,801080.SI,0.9391787077295318
2024-05-31,159786.SZ,801080.SI,0.9434037284591754
2024-05-31,159787.SZ,801710.SI,1.0
2024-05-31,159795.SZ,801080.SI,0.5123976129400281
2024-05-31,159796.SZ,801730.SI,0.8861380171844627
2024-05-31,159797.SZ,801150.SI,0.8859660607362846
2024-05-31,159801.SZ,801080.SI,1.0
2024-05-31,159805.SZ,801760.SI,0.9371898401480456
2024-05-31,159811.SZ,801770.SI,0.536614422922213
2024-05-31,159813.SZ,801080.SI,0.999921565606449
2024-05-31,159819.SZ,801750.SI,0.6204573751712835
2024-05-31,159825.SZ,801010.SI,0.8534483347238686
2024-05-31,159827.SZ,801010.SI,0.8534933111160321
2024-05-31,159828.SZ,801150.SI,0.9060860357958964
2024-05-31,159835.SZ,801150.SI,1.0
2024-05-31,159837.SZ,801150.SI,1.0
2024-05-31,159838.SZ,801150.SI,0.9448833302574113
2024-05-31,159839.SZ,801150.SI,0.8926381236883599
2024-05-31,159840.SZ,801730.SI,0.5432115896498451
2024-05-31,159841.SZ,801790.SI,0.9998028325388049
2024-05-31,159842.SZ,801790.SI,0.9999001447154385
2024-05-31,159843.SZ,801120.SI,0.9985523810742822
2024-05-31,159847.SZ,801150.SI,0.9071638550343848
2024-05-31,159848.SZ,801790.SI,1.0
2024-05-31,159849.SZ,801150.SI,0.9997991184204109
2024-05-31,159851.SZ,801750.SI,0.790539135976901
2024-05-31,159852.SZ,801750.SI,0.9998713876960206
2024-05-31,159855.SZ,801760.SI,1.0
2024-05-31,159857.SZ,801730.SI,0.8456976758108744
2024-05-31,159858.SZ,801150.SI,0.9998827991386429
2024-05-31,159859.SZ,801150.SI,0.8942948933187672
2024-05-31,159861.SZ,801730.SI,0.6058526577170226
2024-05-31,159862.SZ,801120.SI,1.0
2024-05-31,159863.SZ,801730.SI,0.8459650324383483
2024-05-31,159864.SZ,801730.SI,0.8451057427663583
2024-05-31,159865.SZ,801010.SI,0.8844251734385187
2024-05-31,159867.SZ,801010.SI,0.8864442508957521
2024-05-31,159869.SZ,801760.SI,1.0
2024-05-31,159870.SZ,801030.SI,0.8215362016826184
2024-05-31,159871.SZ,801050.SI,1.0
2024-05-31,159873.SZ,801150.SI,0.8894971789334485
2024-05-31,159875.SZ,801730.SI,0.725017447006532
2024-05-31,159876.SZ,801050.SI,1.0
2024-05-31,159877.SZ,801150.SI,0.8934001506875429
2024-05-31,159880.SZ,801050.SI,1.0
2024-05-31,159881.SZ,801050.SI,0.9994058604289471
2024-05-31,159883.SZ,801150.SI,0.8867279703055371
2024-05-31,159886.SZ,801730.SI,0.614869805112361
2024-05-31,159887.SZ,801780.SI,0.9997912910873289
2024-05-31,159888.SZ,801080.SI,0.5127065951180376
2024-05-31,159889.SZ,801080.SI,0.5127924794593076
2024-05-31,159890.SZ,801750.SI,0.7596161662411193
2024-05-31,159891.SZ,801150.SI,0.8899312001635613
2024-05-31,159898.SZ,801150.SI,0.8870682471606549
2024-05-31,159899.SZ,801750.SI,0.9989058370663906
2024-05-31,159929.SZ,801150.SI,1.0
2024-05-31,159930.SZ,801950.SI,0.5481849847161929
2024-05-31,159931.SZ,801780.SI,0.6341194508241613
2024-05-31,159933.SZ,801780.SI,0.6327136802650768
2024-05-31,159938.SZ,801150.SI,1.0
2024-05-31,159939.SZ,801080.SI,0.7897412594998746
2024-05-31,159940.SZ,801780.SI,0.634108135945372
2024-05-31,159992.SZ,801150.SI,0.9999857996984326
2024-05-31,159993.SZ,801790.SI,1.0
2024-05-31,159994.SZ,801080.SI,0.5095419576470662
2024-05-31,159995.SZ,801080.SI,1.0
2024-05-31,159996.SZ,801110.SI,0.9407301091088902
2024-05-31,159997.SZ,801080.SI,0.8760326910691587
2024-05-31,159998.SZ,801750.SI,0.9998300792137289
2024-05-31,510200.SH,801790.SI,0.9996795055087876
2024-05-31,510650.SH,801780.SI,0.699801751999056
2024-05-31,510660.SH,801150.SI,1.0
2024-05-31,512000.SH,801790.SI,0.9999898702396359
2024-05-31,512010.SH,801150.SI,1.0
2024-05-31,512070.SH,801790.SI,1.0
2024-05-31,512120.SH,801150.SI,1.0
2024-05-31,512170.SH,801150.SI,0.9061368508562352
2024-05-31,512290.SH,801150.SI,0.9998791780826646
2024-05-31,512400.SH,801050.SI,0.9997985385682658
2024-05-31,512560.SH,801740.SI,0.9427068475640515
2024-05-31,512570.SH,801790.SI,1.0
2024-05-31,512580.SH,801730.SI,0.6057381308281757
2024-05-31,512640.SH,801780.SI,0.6334726668745704
2024-05-31,512660.SH,801740.SI,0.9425440934627904
2024-05-31,512670.SH,801740.SI,0.9995850553246269
2024-05-31,512680.SH,801740.SI,0.9427143736793006
2024-05-31,512690.SH,801120.SI,1.0
2024-05-31,512700.SH,801780.SI,0.999979512710593
2024-05-31,512710.SH,801740.SI,0.9999384806032272
2024-05-31,512720.SH,801750.SI,0.9998338840781364
2024-05-31,512730.SH,801780.SI,1.0
2024-05-31,512760.SH,801080.SI,0.9999499997427095
2024-05-31,512800.SH,801780.SI,0.9998970133071332
2024-05-31,512810.SH,801740.SI,0.9411314508850083
2024-05-31,512820.SH,801780.SI,1.0
2024-05-31,512880.SH,801790.SI,0.9999785110367828
2024-05-31,512900.SH,801790.SI,0.9998767075967092
2024-05-31,512930.SH,801750.SI,0.6270573693090111
2024-05-31,512980.SH,801760.SI,0.9380028514415361
2024-05-31,515010.SH,801790.SI,1.0
2024-05-31,515020.SH,801780.SI,1.0
2024-05-31,515050.SH,801080.SI,0.5093789198205311
2024-05-31,515070.SH,801750.SI,0.6200274481982305
2024-05-31,515120.SH,801150.SI,1.0
2024-05-31,515170.SH,801120.SI,1.0
2024-05-31,515210.SH,801040.SI,0.9993563187796287
2024-05-31,515220.SH,801950.SI,0.999844806953038
2024-05-31,515230.SH,801750.SI,0.9996968175358197
2024-05-31,515250.SH,801080.SI,0.511616724541286
2024-05-31,515260.SH,801080.SI,0.8755780657931321
2024-05-31,515290.SH,801780.SI,0.9998709742625401
2024-05-31,515320.SH,801080.SI,0.8766144866636316
2024-05-31,515400.SH,801750.SI,0.9997814289641686
2024-05-31,515560.SH,801790.SI,1.0
2024-05-31,515710.SH,801120.SI,0.9992997966058148
2024-05-31,515790.SH,801730.SI,0.8458787934426197
2024-05-31,515850.SH,801790.SI,0.9989595745065974
2024-05-31,515880.SH,801770.SI,0.6355131080315638
2024-05-31,515950.SH,801150.SI,0.9451251076416672
2024-05-31,515960.SH,801150.SI,0.9231175367655958
2024-05-31,515980.SH,801750.SI,0.6149090196542978
2024-05-31,516000.SH,801750.SI,1.0
2024-05-31,516010.SH,801760.SI,0.9997603534804687
2024-05-31,516020.SH,801030.SI,0.8183693548285804
2024-05-31,516060.SH,801150.SI,0.9981518598466781
2024-05-31,516080.SH,801150.SI,1.0
2024-05-31,516090.SH,801730.SI,0.7251013496771064
2024-05-31,516100.SH,801750.SI,0.7896709660319997
2024-05-31,516120.SH,801030.SI,0.8209698339404932
2024-05-31,516150.SH,801050.SI,0.5769383407672808
2024-05-31,516160.SH,801730.SI,0.725182755176269
2024-05-31,516180.SH,801730.SI,0.845909395941487
2024-05-31,516190.SH,801760.SI,0.7201616300958354
2024-05-31,516200.SH,801790.SI,1.0
2024-05-31,516210.SH,801780.SI,1.0
2024-05-31,516220.SH,801030.SI,0.8200471449852428
2024-05-31,516270.SH,801730.SI,0.7404669452511702
2024-05-31,516290.SH,801730.SI,0.8459585620701165
2024-05-31,516310.SH,801780.SI,1.0
2024-05-31,516320.SH,801730.SI,0.6178882071911316
2024-05-31,516350.SH,801080.SI,1.0
2024-05-31,516360.SH,801730.SI,0.5077484643738066
2024-05-31,516500.SH,801150.SI,1.0
2024-05-31,516510.SH,801750.SI,0.7623690702339861
2024-05-31,516520.SH,801080.SI,0.5123864225415933
2024-05-31,516530.SH,801170.SI,1.0
2024-05-31,516570.SH,801030.SI,0.5372204971779342
2024-05-31,516580.SH,801730.SI,0.7251214703567543
2024-05-31,516610.SH,801150.SI,0.8927747340165173
2024-05-31,516620.SH,801760.SI,1.0
2024-05-31,516630.SH,801750.SI,0.7606155865198138
2024-05-31,516640.SH,801080.SI,0.9996920765620403
2024-05-31,516650.SH,801050.SI,1.0
2024-05-31,516670.SH,801010.SI,0.8861223422019954
2024-05-31,516700.SH,801750.SI,1.0
2024-05-31,516710.SH,801730.SI,0.5089904772573716
2024-05-31,516730.SH,801790.SI,1.0
2024-05-31,516750.SH,801710.SI,0.9993502986664163
2024-05-31,516760.SH,801010.SI,0.885657010324623
2024-05-31,516770.SH,801760.SI,0.9987567616595652
2024-05-31,516780.SH,801050.SI,0.5759346876680762
2024-05-31,516790.SH,801150.SI,0.8867856704478617
2024-05-31,516800.SH,801080.SI,0.5095752004263954
2024-05-31,516810.SH,801010.SI,0.8536397485100673
2024-05-31,516820.SH,801150.SI,0.9174284483604921
2024-05-31,516850.SH,801730.SI,0.725260890938382
2024-05-31,516860.SH,801750.SI,0.7897289665459319
2024-05-31,516880.SH,801730.SI,0.8458745301414824
2024-05-31,516890.SH,801730.SI,0.5094019879373697
2024-05-31,516900.SH,801120.SI,1.0
2024-05-31,516910.SH,801170.SI,0.9996946894765192
2024-05-31,516920.SH,801080.SI,0.9999397434824552
2024-05-31,516930.SH,801150.SI,1.0
2024-05-31,516950.SH,801720.SI,0.7326284904919039
2024-05-31,516960.SH,801730.SI,0.6162293007479334
2024-05-31,516970.SH,801720.SI,0.943555932435443
2024-05-31,516980.SH,801790.SI,1.0
2024-05-31,517110.SH,801150.SI,0.5654121307033727
2024-05-31,517120.SH,801150.SI,0.5511635987670304
2024-05-31,517390.SH,801750.SI,0.5547973338514086
2024-05-31,560080.SH,801150.SI,1.0
2024-05-31,560090.SH,801790.SI,1.0
2024-05-31,560260.SH,801150.SI,0.9070560165968011
2024-05-31,560280.SH,801890.SI,0.7385351828486749
2024-05-31,560300.SH,801770.SI,0.9004955065704954
2024-05-31,560580.SH,801160.SI,1.0
2024-05-31,560660.SH,801750.SI,0.6876142210565512
2024-05-31,560780.SH,801080.SI,0.9428630349804051
2024-05-31,560860.SH,801050.SI,1.0
2024-05-31,560880.SH,801110.SI,0.9407870476042381
2024-05-31,560900.SH,801150.SI,1.0
2024-05-31,560980.SH,801730.SI,1.0
2024-05-31,561010.SH,801750.SI,1.0
2024-05-31,561100.SH,801080.SI,0.9372395629101923
2024-05-31,561120.SH,801110.SI,0.9404453289100941
2024-05-31,561160.SH,801730.SI,0.8862076399819637
2024-05-31,561170.SH,801160.SI,0.9995708004010565
2024-05-31,561310.SH,801080.SI,0.9382496560515045
2024-05-31,561320.SH,801170.SI,0.9997339345086868
2024-05-31,561330.SH,801050.SI,1.0
2024-05-31,561360.SH,801960.SI,0.6905483720603128
2024-05-31,561510.SH,801150.SI,0.999364101894449
2024-05-31,561560.SH,801160.SI,0.9995475437571031
2024-05-31,561600.SH,801080.SI,0.9380248288691729
2024-05-31,561700.SH,801160.SI,1.0
2024-05-31,561800.SH,801050.SI,0.7793832803826928
2024-05-31,561910.SH,801730.SI,0.8853265867847545
2024-05-31,561920.SH,801150.SI,1.0
2024-05-31,561980.SH,801080.SI,1.0
2024-05-31,562010.SH,801730.SI,0.5472289595054937
2024-05-31,562030.SH,801750.SI,0.8717271194387156
2024-05-31,562350.SH,801160.SI,1.0
2024-05-31,562390.SH,801150.SI,1.0
2024-05-31,562550.SH,801160.SI,1.0
2024-05-31,562590.SH,801080.SI,0.9429222670246286
2024-05-31,562600.SH,801150.SI,0.8876098803438989
2024-05-31,562800.SH,801050.SI,0.736488569968162
2024-05-31,562860.SH,801150.SI,0.9997194469882725
2024-05-31,562880.SH,801730.SI,0.8860159435493313
2024-05-31,562900.SH,801010.SI,0.9171335834668298
2024-05-31,562910.SH,801730.SI,0.6178608390836604
2024-05-31,562920.SH,801750.SI,0.8910538931106715
2024-05-31,562930.SH,801750.SI,1.0
2024-05-31,562950.SH,801080.SI,0.938514349906067
2024-05-31,562960.SH,801160.SI,1.0
2024-05-31,563010.SH,801770.SI,0.9000864613654582
2024-05-31,588200.SH,801080.SI,0.9999913900457923
2024-05-31,588290.SH,801080.SI,1.0
2024-05-31,588700.SH,801150.SI,0.853579335511997
2024-06-28,159507.SZ,801770.SI,0.880255156390316
2024-06-28,159508.SZ,801150.SI,0.8836554242877764
2024-06-28,159511.SZ,801770.SI,0.7887526031386204
2024-06-28,159512.SZ,801880.SI,1.0
2024-06-28,159516.SZ,801080.SI,0.9426691484776857
2024-06-28,159527.SZ,801750.SI,0.7631645289288319
2024-06-28,159530.SZ,801890.SI,0.5000479404027339
2024-06-28,159537.SZ,801080.SI,0.5052608262279034
2024-06-28,159538.SZ,801080.SI,0.5086603286626746
2024-06-28,159539.SZ,801080.SI,0.5052218241970906
2024-06-28,159540.SZ,801080.SI,0.5075955997115785
2024-06-28,159546.SZ,801080.SI,1.0
2024-06-28,159560.SZ,801080.SI,0.9997191731029108
2024-06-28,159566.SZ,801730.SI,0.8822153111345278
2024-06-28,159608.SZ,801050.SI,0.7377939151463649
2024-06-28,159609.SZ,801730.SI,0.8511055705758495
2024-06-28,159611.SZ,801160.SI,1.0
2024-06-28,159613.SZ,801750.SI,0.8911304525026044
2024-06-28,159616.SZ,801010.SI,0.5002546632739956
2024-06-28,159618.SZ,801730.SI,0.8459117939807053
2024-06-28,159619.SZ,801720.SI,0.7331311256018518
2024-06-28,159622.SZ,801150.SI,0.5516052187315441
2024-06-28,159625.SZ,801160.SI,0.9995888180075869
2024-06-28,159635.SZ,801720.SI,0.7334010031159224
2024-06-28,159638.SZ,801740.SI,0.9286913466766421
2024-06-28,159643.SZ,801150.SI,1.0
2024-06-28,159645.SZ,801150.SI,1.0
2024-06-28,159647.SZ,801150.SI,1.0
2024-06-28,159652.SZ,801050.SI,1.0
2024-06-28,159657.SZ,801150.SI,0.9995969247184319
2024-06-28,159662.SZ,801170.SI,0.9996381756717513
2024-06-28,159663.SZ,801890.SI,0.630729074472237
2024-06-28,159665.SZ,801080.SI,0.9975013710608244
2024-06-28,159667.SZ,801890.SI,0.6302115001412042
2024-06-28,159669.SZ,801160.SI,1.0
2024-06-28,159671.SZ,801050.SI,0.7357174788546398
2024-06-28,159690.SZ,801050.SI,1.0
2024-06-28,159692.SZ,801790.SI,0.9997219606510912
2024-06-28,159695.SZ,801770.SI,0.8807747921411565
2024-06-28,159697.SZ,801960.SI,0.8640145929592938
2024-06-28,159698.SZ,801010.SI,0.5176296808971885
2024-06-28,159703.SZ,801730.SI,0.5084534476431057
2024-06-28,159707.SZ,801180.SI,0.9989414468940055
2024-06-28,159713.SZ,801050.SI,0.5769353982599039
2024-06-28,159715.SZ,801050.SI,0.5770501672585648
2024-06-28,159730.SZ,801110.SI,0.8913642546898293
2024-06-28,159731.SZ,801030.SI,0.5373015232806035
2024-06-28,159732.SZ,801080.SI,0.9500708736176707
2024-06-28,159736.SZ,801120.SI,0.9998812755821056
2024-06-28,159738.SZ,801750.SI,0.556091678638056
2024-06-28,159739.SZ,801750.SI,0.7621910144053213
2024-06-28,159745.SZ,801710.SI,0.9997572529448001
2024-06-28,159748.SZ,801150.SI,0.5497194581206892
2024-06-28,159752.SZ,801730.SI,0.7406373712101286
2024-06-28,159755.SZ,801730.SI,0.5410116784663516
2024-06-28,159757.SZ,801730.SI,0.5382927931524109
2024-06-28,159760.SZ,801150.SI,0.999670425581238
2024-06-28,159761.SZ,801730.SI,0.5081237703099646
2024-06-28,159763.SZ,801730.SI,0.5080574532360064
2024-06-28,159767.SZ,801730.SI,0.538983287362517
2024-06-28,159768.SZ,801180.SI,0.9997756466364903
2024-06-28,159775.SZ,801730.SI,0.540717099957961
2024-06-28,159779.SZ,801080.SI,0.9391787077295318
2024-06-28,159786.SZ,801080.SI,0.9434037284591754
2024-06-28,159787.SZ,801710.SI,1.0
2024-06-28,159795.SZ,801080.SI,0.5123976129400281
2024-06-28,159796.SZ,801730.SI,0.8861380171844627
2024-06-28,159797.SZ,801150.SI,0.8859660607362846
2024-06-28,159801.SZ,801080.SI,1.0
2024-06-28,159805.SZ,801760.SI,0.9371898401480456
2024-06-28,159811.SZ,801770.SI,0.536614422922213
2024-06-28,159813.SZ,801080.SI,0.999921565606449
2024-06-28,159819.SZ,801750.SI,0.6204573751712835
2024-06-28,159825.SZ,801010.SI,0.8534483347238686
2024-06-28,159827.SZ,801010.SI,0.8534933111160321
2024-06-28,159828.SZ,801150.SI,0.9060860357958964
2024-06-28,159835.SZ,801150.SI,1.0
2024-06-28,159837.SZ,801150.SI,1.0
2024-06-28,159838.SZ,801150.SI,0.9448833302574113
2024-06-28,159839.SZ,801150.SI,0.8926381236883599
2024-06-28,159840.SZ,801730.SI,0.5432115896498451
2024-06-28,159841.SZ,801790.SI,0.9998028325388049
2024-06-28,159842.SZ,801790.SI,0.9999001447154385
2024-06-28,159843.SZ,801120.SI,0.9985523810742822
2024-06-28,159847.SZ,801150.SI,0.9071638550343848
2024-06-28,159848.SZ,801790.SI,1.0
2024-06-28,159849.SZ,801150.SI,0.9997991184204109
2024-06-28,159851.SZ,801750.SI,0.790539135976901
2024-06-28,159852.SZ,801750.SI,0.9998713876960206
2024-06-28,159855.SZ,801760.SI,1.0
2024-06-28,159857.SZ,801730.SI,0.8456976758108744
2024-06-28,159858.SZ,801150.SI,0.9998827991386429
2024-06-28,159859.SZ,801150.SI,0.8942948933187672
2024-06-28,159861.SZ,801730.SI,0.6058526577170226
2024-06-28,159862.SZ,801120.SI,1.0
2024-06-28,159863.SZ,801730.SI,0.8459650324383483
2024-06-28,159864.SZ,801730.SI,0.8451057427663583
2024-06-28,159865.SZ,801010.SI,0.8844251734385187
2024-06-28,159867.SZ,801010.SI,0.8864442508957521
2024-06-28,159869.SZ,801760.SI,1.0
2024-06-28,159870.SZ,801030.SI,0.8215362016826184
2024-06-28,159871.SZ,801050.SI,1.0
2024-06-28,159873.SZ,801150.SI,0.8894971789334485
2024-06-28,159875.SZ,801730.SI,0.725017447006532
2024-06-28,159876.SZ,801050.SI,1.0
2024-06-28,159877.SZ,801150.SI,0.8934001506875429
2024-06-28,159880.SZ,801050.SI,1.0
2024-06-28,159881.SZ,801050.SI,0.9994058604289471
2024-06-28,159883.SZ,801150.SI,0.8867279703055371
2024-06-28,159886.SZ,801730.SI,0.614869805112361
2024-06-28,159887.SZ,801780.SI,0.9997912910873289
2024-06-28,159888.SZ,801080.SI,0.5127065951180376
2024-06-28,159889.SZ,801080.SI,0.5127924794593076
2024-06-28,159890.SZ,801750.SI,0.7596161662411193
2024-06-28,159891.SZ,801150.SI,0.8899312001635613
2024-06-28,159898.SZ,801150.SI,0.8870682471606549
2024-06-28,159899.SZ,801750.SI,0.9989058370663906
2024-06-28,159929.SZ,801150.SI,1.0
2024-06-28,159930.SZ,801950.SI,0.5481849847161929
2024-06-28,159931.SZ,801780.SI,0.6341194508241613
2024-06-28,159933.SZ,801780.SI,0.6327136802650768
2024-06-28,159938.SZ,801150.SI,1.0
2024-06-28,159939.SZ,801080.SI,0.7897412594998746
2024-06-28,159940.SZ,801780.SI,0.634108135945372
2024-06-28,159992.SZ,801150.SI,0.9999857996984326
2024-06-28,159993.SZ,801790.SI,1.0
2024-06-28,159994.SZ,801080.SI,0.5095419576470662
2024-06-28,159995.SZ,801080.SI,1.0
2024-06-28,159996.SZ,801110.SI,0.9407301091088902
2024-06-28,159997.SZ,801080.SI,0.8760326910691587
2024-06-28,159998.SZ,801750.SI,0.9998300792137289
2024-06-28,510200.SH,801790.SI,0.9996795055087876
2024-06-28,510650.SH,801780.SI,0.699801751999056
2024-06-28,510660.SH,801150.SI,1.0
2024-06-28,512000.SH,801790.SI,0.9999898702396359
2024-06-28,512010.SH,801150.SI,1.0
2024-06-28,512070.SH,801790.SI,1.0
2024-06-28,512120.SH,801150.SI,1.0
2024-06-28,512170.SH,801150.SI,0.9061368508562352
2024-06-28,512290.SH,801150.SI,0.9998791780826646
2024-06-28,512400.SH,801050.SI,0.9997985385682658
2024-06-28,512560.SH,801740.SI,0.9427068475640515
2024-06-28,512570.SH,801790.SI,1.0
2024-06-28,512580.SH,801730.SI,0.6057381308281757
2024-06-28,512640.SH,801780.SI,0.6334726668745704
2024-06-28,512660.SH,801740.SI,0.9425440934627904
2024-06-28,512670.SH,801740.SI,0.9995850553246269
2024-06-28,512680.SH,801740.SI,0.9427143736793006
2024-06-28,512690.SH,801120.SI,1.0
2024-06-28,512700.SH,801780.SI,0.999979512710593
2024-06-28,512710.SH,801740.SI,0.9999384806032272
2024-06-28,512720.SH,801750.SI,0.9998338840781364
2024-06-28,512730.SH,801780.SI,1.0
2024-06-28,512760.SH,801080.SI,0.9999499997427095
2024-06-28,512800.SH,801780.SI,0.9998970133071332
2024-06-28,512810.SH,801740.SI,0.9411314508850083
2024-06-28,512820.SH,801780.SI,1.0
2024-06-28,512880.SH,801790.SI,0.9999785110367828
2024-06-28,512900.SH,801790.SI,0.9998767075967092
2024-06-28,512930.SH,801750.SI,0.6270573693090111
2024-06-28,512980.SH,801760.SI,0.9380028514415361
2024-06-28,515010.SH,801790.SI,1.0
2024-06-28,515020.SH,801780.SI,1.0
2024-06-28,515050.SH,801080.SI,0.5093789198205311
2024-06-28,515070.SH,801750.SI,0.6200274481982305
2024-06-28,515120.SH,801150.SI,1.0
2024-06-28,515170.SH,801120.SI,1.0
2024-06-28,515210.SH,801040.SI,0.9993563187796287
2024-06-28,515220.SH,801950.SI,0.999844806953038
2024-06-28,515230.SH,801750.SI,0.9996968175358197
2024-06-28,515250.SH,801080.SI,0.511616724541286
2024-06-28,515260.SH,801080.SI,0.8755780657931321
2024-06-28,515290.SH,801780.SI,0.9998709742625401
2024-06-28,515320.SH,801080.SI,0.8766144866636316
2024-06-28,515400.SH,801750.SI,0.9997814289641686
2024-06-28,515560.SH,801790.SI,1.0
2024-06-28,515710.SH,801120.SI,0.9992997966058148
2024-06-28,515790.SH,801730.SI,0.8458787934426197
2024-06-28,515850.SH,801790.SI,0.9989595745065974
2024-06-28,515880.SH,801770.SI,0.6355131080315638
2024-06-28,515950.SH,801150.SI,0.9451251076416672
2024-06-28,515960.SH,801150.SI,0.9231175367655958
2024-06-28,515980.SH,801750.SI,0.6149090196542978
2024-06-28,516000.SH,801750.SI,1.0
2024-06-28,516010.SH,801760.SI,0.9997603534804687
2024-06-28,516020.SH,801030.SI,0.8183693548285804
2024-06-28,516060.SH,801150.SI,0.9981518598466781
2024-06-28,516080.SH,801150.SI,1.0
2024-06-28,516090.SH,801730.SI,0.7251013496771064
2024-06-28,516100.SH,801750.SI,0.7896709660319997
2024-06-28,516120.SH,801030.SI,0.8209698339404932
2024-06-28,516150.SH,801050.SI,0.5769383407672808
2024-06-28,516160.SH,801730.SI,0.725182755176269
2024-06-28,516180.SH,801730.SI,0.845909395941487
2024-06-28,516190.SH,801760.SI,0.7201616300958354
2024-06-28,516200.SH,801790.SI,1.0
2024-06-28,516210.SH,801780.SI,1.0
2024-06-28,516220.SH,801030.SI,0.8200471449852428
2024-06-28,516270.SH,801730.SI,0.7404669452511702
2024-06-28,516290.SH,801730.SI,0.8459585620701165
2024-06-28,516310.SH,801780.SI,1.0
2024-06-28,516320.SH,801730.SI,0.6178882071911316
2024-06-28,516350.SH,801080.SI,1.0
2024-06-28,516360.SH,801730.SI,0.5077484643738066
2024-06-28,516500.SH,801150.SI,1.0
2024-06-28,516510.SH,801750.SI,0.7623690702339861
2024-06-28,516520.SH,801080.SI,0.5123864225415933
2024-06-28,516530.SH,801170.SI,1.0
2024-06-28,516570.SH,801030.SI,0.5372204971779342
2024-06-28,516580.SH,801730.SI,0.7251214703567543
2024-06-28,516610.SH,801150.SI,0.8927747340165173
2024-06-28,516620.SH,801760.SI,1.0
2024-06-28,516630.SH,801750.SI,0.7606155865198138
2024-06-28,516640.SH,801080.SI,0.9996920765620403
2024-06-28,516650.SH,801050.SI,1.0
2024-06-28,516670.SH,801010.SI,0.8861223422019954
2024-06-28,516700.SH,801750.SI,1.0
2024-06-28,516710.SH,801730.SI,0.5089904772573716
2024-06-28,516730.SH,801790.SI,1.0
2024-06-28,516750.SH,801710.SI,0.9993502986664163
2024-06-28,516760.SH,801010.SI,0.885657010324623
2024-06-28,516770.SH,801760.SI,0.9987567616595652
2024-06-28,516780.SH,801050.SI,0.5759346876680762
2024-06-28,516790.SH,801150.SI,0.8867856704478617
2024-06-28,516800.SH,801080.SI,0.5095752004263954
2024-06-28,516810.SH,801010.SI,0.8536397485100673
2024-06-28,516820.SH,801150.SI,0.9174284483604921
2024-06-28,516850.SH,801730.SI,0.725260890938382
2024-06-28,516860.SH,801750.SI,0.7897289665459319
2024-06-28,516880.SH,801730.SI,0.8458745301414824
2024-06-28,516890.SH,801730.SI,0.5094019879373697
2024-06-28,516900.SH,801120.SI,1.0
2024-06-28,516910.SH,801170.SI,0.9996946894765192
2024-06-28,516920.SH,801080.SI,0.9999397434824552
2024-06-28,516930.SH,801150.SI,1.0
2024-06-28,516950.SH,801720.SI,0.7326284904919039
2024-06-28,516960.SH,801730.SI,0.6162293007479334
2024-06-28,516970.SH,801720.SI,0.943555932435443
2024-06-28,516980.SH,801790.SI,1.0
2024-06-28,517110.SH,801150.SI,0.5654121307033727
2024-06-28,517120.SH,801150.SI,0.5511635987670304
2024-06-28,517390.SH,801750.SI,0.5547973338514086
2024-06-28,560080.SH,801150.SI,1.0
2024-06-28,560090.SH,801790.SI,1.0
2024-06-28,560260.SH,801150.SI,0.9070560165968011
2024-06-28,560280.SH,801890.SI,0.7385351828486749
2024-06-28,560300.SH,801770.SI,0.9004955065704954
2024-06-28,560580.SH,801160.SI,1.0
2024-06-28,560660.SH,801750.SI,0.6876142210565512
2024-06-28,560780.SH,801080.SI,0.9428630349804051
2024-06-28,560860.SH,801050.SI,1.0
2024-06-28,560880.SH,801110.SI,0.9407870476042381
2024-06-28,560900.SH,801150.SI,1.0
2024-06-28,560980.SH,801730.SI,1.0
2024-06-28,561010.SH,801750.SI,1.0
2024-06-28,561100.SH,801080.SI,0.9372395629101923
2024-06-28,561120.SH,801110.SI,0.9404453289100941
2024-06-28,561160.SH,801730.SI,0.8862076399819637
2024-06-28,561170.SH,801160.SI,0.9995708004010565
2024-06-28,561310.SH,801080.SI,0.9382496560515045
2024-06-28,561320.SH,801170.SI,0.9997339345086868
2024-06-28,561330.SH,801050.SI,1.0
2024-06-28,561360.SH,801960.SI,0.6905483720603128
2024-06-28,561510.SH,801150.SI,0.999364101894449
2024-06-28,561560.SH,801160.SI,0.9995475437571031
2024-06-28,561600.SH,801080.SI,0.9380248288691729
2024-06-28,561700.SH,801160.SI,1.0
2024-06-28,561800.SH,801050.SI,0.7793832803826928
2024-06-28,561910.SH,801730.SI,0.8853265867847545
2024-06-28,561920.SH,801150.SI,1.0
2024-06-28,561980.SH,801080.SI,1.0
2024-06-28,562010.SH,801730.SI,0.5472289595054937
2024-06-28,562030.SH,801750.SI,0.8717271194387156
2024-06-28,562350.SH,801160.SI,1.0
2024-06-28,562390.SH,801150.SI,1.0
2024-06-28,562550.SH,801160.SI,1.0
2024-06-28,562590.SH,801080.SI,0.9429222670246286
2024-06-28,562600.SH,801150.SI,0.8876098803438989
2024-06-28,562800.SH,801050.SI,0.736488569968162
2024-06-28,562860.SH,801150.SI,0.9997194469882725
2024-06-28,562880.SH,801730.SI,0.8860159435493313
2024-06-28,562900.SH,801010.SI,0.9171335834668298
2024-06-28,562910.SH,801730.SI,0.6178608390836604
2024-06-28,562920.SH,801750.SI,0.8910538931106715
2024-06-28,562930.SH,801750.SI,1.0
2024-06-28,562950.SH,801080.SI,0.938514349906067
2024-06-28,562960.SH,801160.SI,1.0
2024-06-28,563010.SH,801770.SI,0.9000864613654582
2024-06-28,588200.SH,801080.SI,0.9999913900457923
2024-06-28,588290.SH,801080.SI,1.0
2024-06-28,588700.SH,801150.SI,0.853579335511997
2024-07-31,159507.SZ,801770.SI,0.880255156390316
2024-07-31,159508.SZ,801150.SI,0.8836554242877764
2024-07-31,159511.SZ,801770.SI,0.7887526031386204
2024-07-31,159512.SZ,801880.SI,1.0
2024-07-31,159516.SZ,801080.SI,0.9426691484776857
2024-07-31,159527.SZ,801750.SI,0.7631645289288319
2024-07-31,159530.SZ,801890.SI,0.5000479404027339
2024-07-31,159537.SZ,801080.SI,0.5052608262279034
2024-07-31,159538.SZ,801080.SI,0.5086603286626746
2024-07-31,159539.SZ,801080.SI,0.5052218241970906
2024-07-31,159540.SZ,801080.SI,0.5075955997115785
2024-07-31,159546.SZ,801080.SI,1.0
2024-07-31,159560.SZ,801080.SI,0.9997191731029108
2024-07-31,159566.SZ,801730.SI,0.8822153111345278
2024-07-31,159608.SZ,801050.SI,0.7377939151463649
2024-07-31,159609.SZ,801730.SI,0.8511055705758495
2024-07-31,159611.SZ,801160.SI,1.0
2024-07-31,159613.SZ,801750.SI,0.8911304525026044
2024-07-31,159616.SZ,801010.SI,0.5002546632739956
2024-07-31,159618.SZ,801730.SI,0.8459117939807053
2024-07-31,159619.SZ,801720.SI,0.7331311256018518
2024-07-31,159622.SZ,801150.SI,0.5516052187315441
2024-07-31,159625.SZ,801160.SI,0.9995888180075869
2024-07-31,159635.SZ,801720.SI,0.7334010031159224
2024-07-31,159638.SZ,801740.SI,0.9286913466766421
2024-07-31,159643.SZ,801150.SI,1.0
2024-07-31,159645.SZ,801150.SI,1.0
2024-07-31,159647.SZ,801150.SI,1.0
2024-07-31,159652.SZ,801050.SI,1.0
2024-07-31,159657.SZ,801150.SI,0.9995969247184319
2024-07-31,159662.SZ,801170.SI,0.9996381756717513
2024-07-31,159663.SZ,801890.SI,0.630729074472237
2024-07-31,159665.SZ,801080.SI,0.9975013710608244
2024-07-31,159667.SZ,801890.SI,0.6302115001412042
2024-07-31,159669.SZ,801160.SI,1.0
2024-07-31,159671.SZ,801050.SI,0.7357174788546398
2024-07-31,159690.SZ,801050.SI,1.0
2024-07-31,159692.SZ,801790.SI,0.9997219606510912
2024-07-31,159695.SZ,801770.SI,0.8807747921411565
2024-07-31,159697.SZ,801960.SI,0.8640145929592938
2024-07-31,159698.SZ,801010.SI,0.5176296808971885
2024-07-31,159703.SZ,801730.SI,0.5084534476431057
2024-07-31,159707.SZ,801180.SI,0.9989414468940055
2024-07-31,159713.SZ,801050.SI,0.5769353982599039
2024-07-31,159715.SZ,801050.SI,0.5770501672585648
2024-07-31,159730.SZ,801110.SI,0.8913642546898293
2024-07-31,159731.SZ,801030.SI,0.5373015232806035
2024-07-31,159732.SZ,801080.SI,0.9500708736176707
2024-07-31,159736.SZ,801120.SI,0.9998812755821056
2024-07-31,159738.SZ,801750.SI,0.556091678638056
2024-07-31,159739.SZ,801750.SI,0.7621910144053213
2024-07-31,159745.SZ,801710.SI,0.9997572529448001
2024-07-31,159748.SZ,801150.SI,0.5497194581206892
2024-07-31,159752.SZ,801730.SI,0.7406373712101286
2024-07-31,159755.SZ,801730.SI,0.5410116784663516
2024-07-31,159757.SZ,801730.SI,0.5382927931524109
2024-07-31,159760.SZ,801150.SI,0.999670425581238
2024-07-31,159761.SZ,801730.SI,0.5081237703099646
2024-07-31,159763.SZ,801730.SI,0.5080574532360064
2024-07-31,159767.SZ,801730.SI,0.538983287362517
2024-07-31,159768.SZ,801180.SI,0.9997756466364903
2024-07-31,159775.SZ,801730.SI,0.540717099957961
2024-07-31,159779.SZ,801080.SI,0.9391787077295318
2024-07-31,159786.SZ,801080.SI,0.9434037284591754
2024-07-31,159787.SZ,801710.SI,1.0
2024-07-31,159795.SZ,801080.SI,0.5123976129400281
2024-07-31,159796.SZ,801730.SI,0.8861380171844627
2024-07-31,159797.SZ,801150.SI,0.8859660607362846
2024-07-31,159801.SZ,801080.SI,1.0
2024-07-31,159805.SZ,801760.SI,0.9371898401480456
2024-07-31,159811.SZ,801770.SI,0.536614422922213
2024-07-31,159813.SZ,801080.SI,0.999921565606449
2024-07-31,159819.SZ,801750.SI,0.6204573751712835
2024-07-31,159825.SZ,801010.SI,0.8534483347238686
2024-07-31,159827.SZ,801010.SI,0.8534933111160321
2024-07-31,159828.SZ,801150.SI,0.9060860357958964
2024-07-31,159835.SZ,801150.SI,1.0
2024-07-31,159837.SZ,801150.SI,1.0
2024-07-31,159838.SZ,801150.SI,0.9448833302574113
2024-07-31,159839.SZ,801150.SI,0.8926381236883599
2024-07-31,159840.SZ,801730.SI,0.5432115896498451
2024-07-31,159841.SZ,801790.SI,0.9998028325388049
2024-07-31,159842.SZ,801790.SI,0.9999001447154385
2024-07-31,159843.SZ,801120.SI,0.9985523810742822
2024-07-31,159847.SZ,801150.SI,0.9071638550343848
2024-07-31,159848.SZ,801790.SI,1.0
2024-07-31,159849.SZ,801150.SI,0.9997991184204109
2024-07-31,159851.SZ,801750.SI,0.790539135976901
2024-07-31,159852.SZ,801750.SI,0.9998713876960206
2024-07-31,159855.SZ,801760.SI,1.0
2024-07-31,159857.SZ,801730.SI,0.8456976758108744
2024-07-31,159858.SZ,801150.SI,0.9998827991386429
2024-07-31,159859.SZ,801150.SI,0.8942948933187672
2024-07-31,159861.SZ,801730.SI,0.6058526577170226
2024-07-31,159862.SZ,801120.SI,1.0
2024-07-31,159863.SZ,801730.SI,0.8459650324383483
2024-07-31,159864.SZ,801730.SI,0.8451057427663583
2024-07-31,159865.SZ,801010.SI,0.8844251734385187
2024-07-31,159867.SZ,801010.SI,0.8864442508957521
2024-07-31,159869.SZ,801760.SI,1.0
2024-07-31,159870.SZ,801030.SI,0.8215362016826184
2024-07-31,159871.SZ,801050.SI,1.0
2024-07-31,159873.SZ,801150.SI,0.8894971789334485
2024-07-31,159875.SZ,801730.SI,0.725017447006532
2024-07-31,159876.SZ,801050.SI,1.0
2024-07-31,159877.SZ,801150.SI,0.8934001506875429
2024-07-31,159880.SZ,801050.SI,1.0
2024-07-31,159881.SZ,801050.SI,0.9994058604289471
2024-07-31,159883.SZ,801150.SI,0.8867279703055371
2024-07-31,159886.SZ,801730.SI,0.614869805112361
2024-07-31,159887.SZ,801780.SI,0.9997912910873289
2024-07-31,159888.SZ,801080.SI,0.5127065951180376
2024-07-31,159889.SZ,801080.SI,0.5127924794593076
2024-07-31,159890.SZ,801750.SI,0.7596161662411193
2024-07-31,159891.SZ,801150.SI,0.8899312001635613
2024-07-31,159898.SZ,801150.SI,0.8870682471606549
2024-07-31,159899.SZ,801750.SI,0.9989058370663906
2024-07-31,159929.SZ,801150.SI,1.0
2024-07-31,159930.SZ,801950.SI,0.5481849847161929
2024-07-31,159931.SZ,801780.SI,0.6341194508241613
2024-07-31,159933.SZ,801780.SI,0.6327136802650768
2024-07-31,159938.SZ,801150.SI,1.0
2024-07-31,159939.SZ,801080.SI,0.7897412594998746
2024-07-31,159940.SZ,801780.SI,0.634108135945372
2024-07-31,159992.SZ,801150.SI,0.9999857996984326
2024-07-31,159993.SZ,801790.SI,1.0
2024-07-31,159994.SZ,801080.SI,0.5095419576470662
2024-07-31,159995.SZ,801080.SI,1.0
2024-07-31,159996.SZ,801110.SI,0.9407301091088902
2024-07-31,159997.SZ,801080.SI,0.8760326910691587
2024-07-31,159998.SZ,801750.SI,0.9998300792137289
2024-07-31,510200.SH,801790.SI,0.9996795055087876
2024-07-31,510650.SH,801780.SI,0.699801751999056
2024-07-31,510660.SH,801150.SI,1.0
2024-07-31,512000.SH,801790.SI,0.9999898702396359
2024-07-31,512010.SH,801150.SI,1.0
2024-07-31,512070.SH,801790.SI,1.0
2024-07-31,512120.SH,801150.SI,1.0
2024-07-31,512170.SH,801150.SI,0.9061368508562352
2024-07-31,512290.SH,801150.SI,0.9998791780826646
2024-07-31,512400.SH,801050.SI,0.9997985385682658
2024-07-31,512560.SH,801740.SI,0.9427068475640515
2024-07-31,512570.SH,801790.SI,1.0
2024-07-31,512580.SH,801730.SI,0.6057381308281757
2024-07-31,512640.SH,801780.SI,0.6334726668745704
2024-07-31,512660.SH,801740.SI,0.9425440934627904
2024-07-31,512670.SH,801740.SI,0.9995850553246269
2024-07-31,512680.SH,801740.SI,0.9427143736793006
2024-07-31,512690.SH,801120.SI,1.0
2024-07-31,512700.SH,801780.SI,0.999979512710593
2024-07-31,512710.SH,801740.SI,0.9999384806032272
2024-07-31,512720.SH,801750.SI,0.9998338840781364
2024-07-31,512730.SH,801780.SI,1.0
2024-07-31,512760.SH,801080.SI,0.9999499997427095
2024-07-31,512800.SH,801780.SI,0.9998970133071332
2024-07-31,512810.SH,801740.SI,0.9411314508850083
2024-07-31,512820.SH,801780.SI,1.0
2024-07-31,512880.SH,801790.SI,0.9999785110367828
2024-07-31,512900.SH,801790.SI,0.9998767075967092
2024-07-31,512930.SH,801750.SI,0.6270573693090111
2024-07-31,512980.SH,801760.SI,0.9380028514415361
2024-07-31,515010.SH,801790.SI,1.0
2024-07-31,515020.SH,801780.SI,1.0
2024-07-31,515050.SH,801080.SI,0.5093789198205311
2024-07-31,515070.SH,801750.SI,0.6200274481982305
2024-07-31,515120.SH,801150.SI,1.0
2024-07-31,515170.SH,801120.SI,1.0
2024-07-31,515210.SH,801040.SI,0.9993563187796287
2024-07-31,515220.SH,801950.SI,0.999844806953038
2024-07-31,515230.SH,801750.SI,0.9996968175358197
2024-07-31,515250.SH,801080.SI,0.511616724541286
2024-07-31,515260.SH,801080.SI,0.8755780657931321
2024-07-31,515290.SH,801780.SI,0.9998709742625401
2024-07-31,515320.SH,801080.SI,0.8766144866636316
2024-07-31,515400.SH,801750.SI,0.9997814289641686
2024-07-31,515560.SH,801790.SI,1.0
2024-07-31,515710.SH,801120.SI,0.9992997966058148
2024-07-31,515790.SH,801730.SI,0.8458787934426197
2024-07-31,515850.SH,801790.SI,0.9989595745065974
2024-07-31,515880.SH,801770.SI,0.6355131080315638
2024-07-31,515950.SH,801150.SI,0.9451251076416672
2024-07-31,515960.SH,801150.SI,0.9231175367655958
2024-07-31,515980.SH,801750.SI,0.6149090196542978
2024-07-31,516000.SH,801750.SI,1.0
2024-07-31,516010.SH,801760.SI,0.9997603534804687
2024-07-31,516020.SH,801030.SI,0.8183693548285804
2024-07-31,516060.SH,801150.SI,0.9981518598466781
2024-07-31,516080.SH,801150.SI,1.0
2024-07-31,516090.SH,801730.SI,0.7251013496771064
2024-07-31,516100.SH,801750.SI,0.7896709660319997
2024-07-31,516120.SH,801030.SI,0.8209698339404932
2024-07-31,516150.SH,801050.SI,0.5769383407672808
2024-07-31,516160.SH,801730.SI,0.725182755176269
2024-07-31,516180.SH,801730.SI,0.845909395941487
2024-07-31,516190.SH,801760.SI,0.7201616300958354
2024-07-31,516200.SH,801790.SI,1.0
2024-07-31,516210.SH,801780.SI,1.0
2024-07-31,516220.SH,801030.SI,0.8200471449852428
2024-07-31,516270.SH,801730.SI,0.7404669452511702
2024-07-31,516290.SH,801730.SI,0.8459585620701165
2024-07-31,516310.SH,801780.SI,1.0
2024-07-31,516320.SH,801730.SI,0.6178882071911316
2024-07-31,516350.SH,801080.SI,1.0
2024-07-31,516360.SH,801730.SI,0.5077484643738066
2024-07-31,516500.SH,801150.SI,1.0
2024-07-31,516510.SH,801750.SI,0.7623690702339861
2024-07-31,516520.SH,801080.SI,0.5123864225415933
2024-07-31,516530.SH,801170.SI,1.0
2024-07-31,516570.SH,801030.SI,0.5372204971779342
2024-07-31,516580.SH,801730.SI,0.7251214703567543
2024-07-31,516610.SH,801150.SI,0.8927747340165173
2024-07-31,516620.SH,801760.SI,1.0
2024-07-31,516630.SH,801750.SI,0.7606155865198138
2024-07-31,516640.SH,801080.SI,0.9996920765620403
2024-07-31,516650.SH,801050.SI,1.0
2024-07-31,516670.SH,801010.SI,0.8861223422019954
2024-07-31,516700.SH,801750.SI,1.0
2024-07-31,516710.SH,801730.SI,0.5089904772573716
2024-07-31,516730.SH,801790.SI,1.0
2024-07-31,516750.SH,801710.SI,0.9993502986664163
2024-07-31,516760.SH,801010.SI,0.885657010324623
2024-07-31,516770.SH,801760.SI,0.9987567616595652
2024-07-31,516780.SH,801050.SI,0.5759346876680762
2024-07-31,516790.SH,801150.SI,0.8867856704478617
2024-07-31,516800.SH,801080.SI,0.5095752004263954
2024-07-31,516810.SH,801010.SI,0.8536397485100673
2024-07-31,516820.SH,801150.SI,0.9174284483604921
2024-07-31,516850.SH,801730.SI,0.725260890938382
2024-07-31,516860.SH,801750.SI,0.7897289665459319
2024-07-31,516880.SH,801730.SI,0.8458745301414824
2024-07-31,516890.SH,801730.SI,0.5094019879373697
2024-07-31,516900.SH,801120.SI,1.0
2024-07-31,516910.SH,801170.SI,0.9996946894765192
2024-07-31,516920.SH,801080.SI,0.9999397434824552
2024-07-31,516930.SH,801150.SI,1.0
2024-07-31,516950.SH,801720.SI,0.7326284904919039
2024-07-31,516960.SH,801730.SI,0.6162293007479334
2024-07-31,516970.SH,801720.SI,0.943555932435443
2024-07-31,516980.SH,801790.SI,1.0
2024-07-31,517110.SH,801150.SI,0.5654121307033727
2024-07-31,517120.SH,801150.SI,0.5511635987670304
2024-07-31,517390.SH,801750.SI,0.5547973338514086
2024-07-31,560080.SH,801150.SI,1.0
2024-07-31,560090.SH,801790.SI,1.0
2024-07-31,560260.SH,801150.SI,0.9070560165968011
2024-07-31,560280.SH,801890.SI,0.7385351828486749
2024-07-31,560300.SH,801770.SI,0.9004955065704954
2024-07-31,560580.SH,801160.SI,1.0
2024-07-31,560660.SH,801750.SI,0.6876142210565512
2024-07-31,560780.SH,801080.SI,0.9428630349804051
2024-07-31,560860.SH,801050.SI,1.0
2024-07-31,560880.SH,801110.SI,0.9407870476042381
2024-07-31,560900.SH,801150.SI,1.0
2024-07-31,560980.SH,801730.SI,1.0
2024-07-31,561010.SH,801750.SI,1.0
2024-07-31,561100.SH,801080.SI,0.9372395629101923
2024-07-31,561120.SH,801110.SI,0.9404453289100941
2024-07-31,561160.SH,801730.SI,0.8862076399819637
2024-07-31,561170.SH,801160.SI,0.9995708004010565
2024-07-31,561310.SH,801080.SI,0.9382496560515045
2024-07-31,561320.SH,801170.SI,0.9997339345086868
2024-07-31,561330.SH,801050.SI,1.0
2024-07-31,561360.SH,801960.SI,0.6905483720603128
2024-07-31,561510.SH,801150.SI,0.999364101894449
2024-07-31,561560.SH,801160.SI,0.9995475437571031
2024-07-31,561600.SH,801080.SI,0.9380248288691729
2024-07-31,561700.SH,801160.SI,1.0
2024-07-31,561800.SH,801050.SI,0.7793832803826928
2024-07-31,561910.SH,801730.SI,0.8853265867847545
2024-07-31,561920.SH,801150.SI,1.0
2024-07-31,561980.SH,801080.SI,1.0
2024-07-31,562010.SH,801730.SI,0.5472289595054937
2024-07-31,562030.SH,801750.SI,0.8717271194387156
2024-07-31,562350.SH,801160.SI,1.0
2024-07-31,562390.SH,801150.SI,1.0
2024-07-31,562550.SH,801160.SI,1.0
2024-07-31,562590.SH,801080.SI,0.9429222670246286
2024-07-31,562600.SH,801150.SI,0.8876098803438989
2024-07-31,562800.SH,801050.SI,0.736488569968162
2024-07-31,562860.SH,801150.SI,0.9997194469882725
2024-07-31,562880.SH,801730.SI,0.8860159435493313
2024-07-31,562900.SH,801010.SI,0.9171335834668298
2024-07-31,562910.SH,801730.SI,0.6178608390836604
2024-07-31,562920.SH,801750.SI,0.8910538931106715
2024-07-31,562930.SH,801750.SI,1.0
2024-07-31,562950.SH,801080.SI,0.938514349906067
2024-07-31,562960.SH,801160.SI,1.0
2024-07-31,563010.SH,801770.SI,0.9000864613654582
2024-07-31,588200.SH,801080.SI,0.9999913900457923
2024-07-31,588290.SH,801080.SI,1.0
2024-07-31,588700.SH,801150.SI,0.853579335511997
2024-08-30,159310.SZ,801080.SI,0.9681782573070509
2024-08-30,159507.SZ,801770.SI,0.8584401599166839
2024-08-30,159508.SZ,801150.SI,0.8836554242877764
2024-08-30,159511.SZ,801770.SI,0.7887526031386204
2024-08-30,159512.SZ,801880.SI,0.9938391353074132
2024-08-30,159516.SZ,801080.SI,0.9380961959232197
2024-08-30,159526.SZ,801890.SI,0.5424778233365346
2024-08-30,159527.SZ,801750.SI,0.8072395340710409
2024-08-30,159537.SZ,801750.SI,0.5049219303480239
2024-08-30,159538.SZ,801080.SI,0.5086603286626746
2024-08-30,159539.SZ,801750.SI,0.5054451772889994
2024-08-30,159540.SZ,801750.SI,0.5038662046192335
2024-08-30,159546.SZ,801080.SI,0.9391072009892769
2024-08-30,159551.SZ,801890.SI,0.5417797562234994
2024-08-30,159560.SZ,801080.SI,0.9677367531646192
2024-08-30,159565.SZ,801880.SI,0.6737521828421313
2024-08-30,159566.SZ,801730.SI,0.7639820674807871
2024-08-30,159582.SZ,801080.SI,0.993312608875218
2024-08-30,159599.SZ,801080.SI,0.9674308183789624
2024-08-30,159608.SZ,801050.SI,0.7259829961746614
2024-08-30,159609.SZ,801730.SI,0.8511055705758495
2024-08-30,159611.SZ,801160.SI,0.9976542115627566
2024-08-30,159613.SZ,801750.SI,0.799600574942122
2024-08-30,159618.SZ,801730.SI,0.8459117939807053
2024-08-30,159619.SZ,801720.SI,0.7088707836026619
2024-08-30,159622.SZ,801150.SI,0.6554696172866791
2024-08-30,159625.SZ,801160.SI,0.9670374029747981
2024-08-30,159635.SZ,801720.SI,0.7091998604960278
2024-08-30,159638.SZ,801740.SI,0.8758286046716319
2024-08-30,159643.SZ,801150.SI,0.9865686915919917
2024-08-30,159645.SZ,801150.SI,1.0
2024-08-30,159647.SZ,801150.SI,1.0
2024-08-30,159652.SZ,801050.SI,0.9632454711153868
2024-08-30,159657.SZ,801150.SI,0.9856008355264241
2024-08-30,159662.SZ,801170.SI,0.9996381756717513
2024-08-30,159663.SZ,801890.SI,0.7248755326236016
2024-08-30,159665.SZ,801080.SI,0.9506692048984714
2024-08-30,159667.SZ,801890.SI,0.7250026789908304
2024-08-30,159669.SZ,801160.SI,0.967020970598945
2024-08-30,159671.SZ,801050.SI,0.725483481367491
2024-08-30,159690.SZ,801050.SI,0.9972898012325212
2024-08-30,159692.SZ,801790.SI,0.999462674641962
2024-08-30,159695.SZ,801770.SI,0.8584162200519114
2024-08-30,159697.SZ,801960.SI,0.7090028155864387
2024-08-30,159707.SZ,801180.SI,0.9987456899087852
2024-08-30,159713.SZ,801050.SI,0.5769353982599039
2024-08-30,159715.SZ,801050.SI,0.587157518132886
2024-08-30,159730.SZ,801110.SI,0.8962477089365456
2024-08-30,159731.SZ,801030.SI,0.5606502120680109
2024-08-30,159732.SZ,801080.SI,0.9313093164032908
2024-08-30,159736.SZ,801120.SI,0.9464079680211978
2024-08-30,159738.SZ,801750.SI,0.556091678638056
2024-08-30,159739.SZ,801750.SI,0.8073482250126311
2024-08-30,159745.SZ,801710.SI,0.9370715545065751
2024-08-30,159748.SZ,801150.SI,0.5497194581206892
2024-08-30,159752.SZ,801730.SI,0.754939929370997
2024-08-30,159755.SZ,801730.SI,0.6262865809289512
2024-08-30,159757.SZ,801730.SI,0.6235000446742351
2024-08-30,159760.SZ,801150.SI,0.9891564227083438
2024-08-30,159767.SZ,801730.SI,0.6254432534168667
2024-08-30,159768.SZ,801180.SI,0.9997756466364903
2024-08-30,159770.SZ,801890.SI,0.5420396833028416
2024-08-30,159775.SZ,801730.SI,0.6236249779774418
2024-08-30,159779.SZ,801080.SI,0.9004038650305924
2024-08-30,159786.SZ,801080.SI,0.9434037284591754
2024-08-30,159787.SZ,801710.SI,0.9400573791199984
2024-08-30,159796.SZ,801730.SI,0.8423237907064212
2024-08-30,159797.SZ,801150.SI,0.9539859797859088
2024-08-30,159801.SZ,801080.SI,0.9525650879334393
2024-08-30,159805.SZ,801760.SI,0.9497776533046768
2024-08-30,159813.SZ,801080.SI,0.9527143384063402
2024-08-30,159819.SZ,801750.SI,0.5164721099221354
2024-08-30,159825.SZ,801010.SI,0.8534483347238686
2024-08-30,159827.SZ,801010.SI,0.8534933111160321
2024-08-30,159828.SZ,801150.SI,0.943190635843268
2024-08-30,159835.SZ,801150.SI,1.0
2024-08-30,159837.SZ,801150.SI,0.9952691486968622
2024-08-30,159838.SZ,801150.SI,0.9761816075224282
2024-08-30,159839.SZ,801150.SI,0.9306314293577346
2024-08-30,159840.SZ,801730.SI,0.6234859327635576
2024-08-30,159841.SZ,801790.SI,0.9998749548932192
2024-08-30,159842.SZ,801790.SI,0.9999001447154385
2024-08-30,159843.SZ,801120.SI,0.9592563412336674
2024-08-30,159847.SZ,801150.SI,0.9431474400471624
2024-08-30,159848.SZ,801790.SI,1.0
2024-08-30,159849.SZ,801150.SI,0.9957783828728716
2024-08-30,159851.SZ,801750.SI,0.8565312476398912
2024-08-30,159852.SZ,801750.SI,0.9565024919808965
2024-08-30,159855.SZ,801760.SI,1.0
2024-08-30,159857.SZ,801730.SI,0.7886194386925366
2024-08-30,159858.SZ,801150.SI,0.9998827991386429
2024-08-30,159859.SZ,801150.SI,0.9304486250548868
2024-08-30,159861.SZ,801730.SI,0.6712568265352556
2024-08-30,159862.SZ,801120.SI,1.0
2024-08-30,159863.SZ,801730.SI,0.7887990533060493
2024-08-30,159864.SZ,801730.SI,0.7880824300264364
2024-08-30,159865.SZ,801010.SI,0.8772625848281972
2024-08-30,159867.SZ,801010.SI,0.8813899225188976
2024-08-30,159869.SZ,801760.SI,0.9626332521785682
2024-08-30,159870.SZ,801030.SI,0.7569970211066815
2024-08-30,159871.SZ,801050.SI,1.0
2024-08-30,159873.SZ,801150.SI,0.9564438623420132
2024-08-30,159875.SZ,801730.SI,0.7371548666660905
2024-08-30,159876.SZ,801050.SI,0.9587435245322008
2024-08-30,159877.SZ,801150.SI,0.8934001506875429
2024-08-30,159880.SZ,801050.SI,0.960771051093804
2024-08-30,159881.SZ,801050.SI,0.957341091009525
2024-08-30,159883.SZ,801150.SI,0.954148128419482
2024-08-30,159886.SZ,801730.SI,0.614869805112361
2024-08-30,159887.SZ,801780.SI,0.9997912910873289
2024-08-30,159890.SZ,801750.SI,0.8076383140831238
2024-08-30,159891.SZ,801150.SI,0.9582929322283135
2024-08-30,159898.SZ,801150.SI,0.9528317507135491
2024-08-30,159899.SZ,801750.SI,0.9902100196879092
2024-08-30,159929.SZ,801150.SI,0.9850288860484414
2024-08-30,159930.SZ,801950.SI,0.5553318839549237
2024-08-30,159931.SZ,801780.SI,0.5301369810858064
2024-08-30,159933.SZ,801780.SI,0.5696164578785577
2024-08-30,159938.SZ,801150.SI,0.9870779602053932
2024-08-30,159939.SZ,801080.SI,0.7171192871085085
2024-08-30,159940.SZ,801780.SI,0.5133097112789492
2024-08-30,159992.SZ,801150.SI,0.9999857996984326
2024-08-30,159993.SZ,801790.SI,1.0
2024-08-30,159994.SZ,801080.SI,0.5095419576470662
2024-08-30,159995.SZ,801080.SI,0.9527274024449397
2024-08-30,159996.SZ,801110.SI,0.9147714815387862
2024-08-30,159997.SZ,801080.SI,0.8380863003397372
2024-08-30,159998.SZ,801750.SI,0.9388067817199831
2024-08-30,510200.SH,801790.SI,0.9996795055087876
2024-08-30,510650.SH,801780.SI,0.6153601488876002
2024-08-30,510660.SH,801150.SI,0.9987353360422387
2024-08-30,512000.SH,801790.SI,0.9999933540079257
2024-08-30,512010.SH,801150.SI,0.977110374887158
2024-08-30,512070.SH,801790.SI,0.9998946893696801
2024-08-30,512120.SH,801150.SI,1.0
2024-08-30,512170.SH,801150.SI,0.9429556465804976
2024-08-30,512290.SH,801150.SI,0.9997923931506291
2024-08-30,512400.SH,801050.SI,0.9997985385682658
2024-08-30,512560.SH,801740.SI,0.8377620146101197
2024-08-30,512570.SH,801790.SI,0.9993378696958645
2024-08-30,512580.SH,801730.SI,0.6352371130678017
2024-08-30,512640.SH,801780.SI,0.5297485927268303
2024-08-30,512660.SH,801740.SI,0.8384949635678307
2024-08-30,512670.SH,801740.SI,0.8979274937703344
2024-08-30,512680.SH,801740.SI,0.838857086483291
2024-08-30,512690.SH,801120.SI,0.9973224192158925
2024-08-30,512700.SH,801780.SI,0.999979512710593
2024-08-30,512710.SH,801740.SI,0.9999384806032272
2024-08-30,512720.SH,801750.SI,0.9386398688054896
2024-08-30,512730.SH,801780.SI,1.0
2024-08-30,512760.SH,801080.SI,0.964040417014805
2024-08-30,512800.SH,801780.SI,0.9998997227673987
2024-08-30,512810.SH,801740.SI,0.8377029345869265
2024-08-30,512820.SH,801780.SI,1.0
2024-08-30,512880.SH,801790.SI,0.999982516435811
2024-08-30,512900.SH,801790.SI,0.9998767075967092
2024-08-30,512930.SH,801750.SI,0.5147399205665485
2024-08-30,512980.SH,801760.SI,0.9503079450290769
2024-08-30,515010.SH,801790.SI,0.9986832776097089
2024-08-30,515020.SH,801780.SI,0.999081285616582
2024-08-30,515070.SH,801750.SI,0.5160723149744694
2024-08-30,515120.SH,801150.SI,0.9998065798356638
2024-08-30,515170.SH,801120.SI,0.9614619195669442
2024-08-30,515210.SH,801040.SI,0.9490828844900574
2024-08-30,515220.SH,801950.SI,0.9886250536576847
2024-08-30,515230.SH,801750.SI,0.9910247140885653
2024-08-30,515250.SH,801080.SI,0.511616724541286
2024-08-30,515260.SH,801080.SI,0.8377962388790511
2024-08-30,515290.SH,801780.SI,0.999869942277631
2024-08-30,515320.SH,801080.SI,0.8766144866636316
2024-08-30,515400.SH,801750.SI,0.9997814289641686
2024-08-30,515560.SH,801790.SI,1.0
2024-08-30,515710.SH,801120.SI,0.9611685904821052
2024-08-30,515790.SH,801730.SI,0.8458787934426197
2024-08-30,515850.SH,801790.SI,0.9989595745065974
2024-08-30,515880.SH,801770.SI,0.6950169745779693
2024-08-30,515950.SH,801150.SI,0.9451251076416672
2024-08-30,515960.SH,801150.SI,0.9786568815284028
2024-08-30,515980.SH,801750.SI,0.5232596159712166
2024-08-30,516000.SH,801750.SI,0.8934645954978366
2024-08-30,516010.SH,801760.SI,0.9626303637346433
2024-08-30,516020.SH,801030.SI,0.7580163288603455
2024-08-30,516060.SH,801150.SI,0.9994417704846272
2024-08-30,516080.SH,801150.SI,0.9990012795411092
2024-08-30,516090.SH,801730.SI,0.736506560575293
2024-08-30,516100.SH,801750.SI,0.8524221755574614
2024-08-30,516120.SH,801030.SI,0.8209698339404932
2024-08-30,516150.SH,801050.SI,0.5879717446047329
2024-08-30,516160.SH,801730.SI,0.725182755176269
2024-08-30,516180.SH,801730.SI,0.7886664806562412
2024-08-30,516190.SH,801760.SI,0.8586015836440539
2024-08-30,516200.SH,801790.SI,1.0
2024-08-30,516210.SH,801780.SI,1.0
2024-08-30,516220.SH,801030.SI,0.7559426081696451
2024-08-30,516270.SH,801730.SI,0.7404669452511702
2024-08-30,516290.SH,801730.SI,0.7888256175631538
2024-08-30,516310.SH,801780.SI,0.999937660250491
2024-08-30,516320.SH,801730.SI,0.5418669141701361
2024-08-30,516350.SH,801080.SI,0.9676925141987454
2024-08-30,516500.SH,801150.SI,0.9956737284144955
2024-08-30,516510.SH,801750.SI,0.8077505393117012
2024-08-30,516520.SH,801080.SI,0.5123864225415933
2024-08-30,516530.SH,801170.SI,1.0
2024-08-30,516570.SH,801030.SI,0.5602093898511267
2024-08-30,516580.SH,801730.SI,0.739616173286187
2024-08-30,516610.SH,801150.SI,0.9580238748605859
2024-08-30,516620.SH,801760.SI,0.932803062245589
2024-08-30,516630.SH,801750.SI,0.8077599168604019
2024-08-30,516640.SH,801080.SI,0.9996920765620403
2024-08-30,516650.SH,801050.SI,0.9629254069782508
2024-08-30,516670.SH,801010.SI,0.8810636147964582
2024-08-30,516700.SH,801750.SI,0.8938434829933808
2024-08-30,516730.SH,801790.SI,1.0
2024-08-30,516750.SH,801710.SI,0.9993502986664163
2024-08-30,516760.SH,801010.SI,0.8814473549119584
2024-08-30,516770.SH,801760.SI,0.9987567616595652
2024-08-30,516780.SH,801050.SI,0.5759346876680762
2024-08-30,516790.SH,801150.SI,0.8867856704478617
2024-08-30,516810.SH,801010.SI,0.7487136961888856
2024-08-30,516820.SH,801150.SI,0.9552945864776573
2024-08-30,516850.SH,801730.SI,0.7370482699468703
2024-08-30,516860.SH,801750.SI,0.8544995079391136
2024-08-30,516880.SH,801730.SI,0.8458745301414824
2024-08-30,516900.SH,801120.SI,1.0
2024-08-30,516910.SH,801170.SI,0.9996946894765192
2024-08-30,516920.SH,801080.SI,0.968197612144363
2024-08-30,516930.SH,801150.SI,0.995721319771828
2024-08-30,516950.SH,801720.SI,0.7326284904919039
2024-08-30,516960.SH,801730.SI,0.6315250607501813
2024-08-30,516970.SH,801720.SI,0.9485386744108318
2024-08-30,516980.SH,801790.SI,1.0
2024-08-30,517110.SH,801150.SI,0.6715200869367056
2024-08-30,517120.SH,801150.SI,0.5511635987670304
2024-08-30,517390.SH,801750.SI,0.5540291274860849
2024-08-30,560080.SH,801150.SI,1.0
2024-08-30,560090.SH,801790.SI,1.0
2024-08-30,560260.SH,801150.SI,0.9433167687267132
2024-08-30,560280.SH,801890.SI,0.739106563418658
2024-08-30,560300.SH,801770.SI,0.8237775902397773
2024-08-30,560580.SH,801160.SI,1.0
2024-08-30,560660.SH,801750.SI,0.6901458381513917
2024-08-30,560690.SH,801770.SI,0.8241132404473624
2024-08-30,560780.SH,801080.SI,0.9383640344921513
2024-08-30,560850.SH,801750.SI,0.8663064455106202
2024-08-30,560860.SH,801050.SI,0.8989541795476963
2024-08-30,560880.SH,801110.SI,0.9142101193932489
2024-08-30,560900.SH,801150.SI,1.0
2024-08-30,560980.SH,801730.SI,0.8738906952653338
2024-08-30,561010.SH,801750.SI,1.0
2024-08-30,561100.SH,801080.SI,0.9372395629101923
2024-08-30,561120.SH,801110.SI,0.9404453289100941
2024-08-30,561160.SH,801730.SI,0.8862076399819637
2024-08-30,561170.SH,801160.SI,0.9995708004010565
2024-08-30,561310.SH,801080.SI,0.8998430693264717
2024-08-30,561320.SH,801170.SI,0.9998283634798407
2024-08-30,561330.SH,801050.SI,0.9970595870488391
2024-08-30,561360.SH,801960.SI,0.6601945735389337
2024-08-30,561510.SH,801150.SI,0.999364101894449
2024-08-30,561560.SH,801160.SI,0.9995475437571031
2024-08-30,561600.SH,801080.SI,0.9009310837284168
2024-08-30,561700.SH,801160.SI,0.9978822926048249
2024-08-30,561760.SH,801960.SI,0.6475866079231961
2024-08-30,561800.SH,801050.SI,0.7262213788028441
2024-08-30,561910.SH,801730.SI,0.8414568570148819
2024-08-30,561920.SH,801150.SI,0.9913356665382289
2024-08-30,561980.SH,801080.SI,0.9931521446472662
2024-08-30,562010.SH,801730.SI,0.5821711886356982
2024-08-30,562030.SH,801750.SI,0.865107124123737
2024-08-30,562350.SH,801160.SI,1.0
2024-08-30,562390.SH,801150.SI,1.0
2024-08-30,562500.SH,801890.SI,0.5420444410084827
2024-08-30,562550.SH,801160.SI,0.9976642884847557
2024-08-30,562560.SH,801080.SI,0.7171170078077913
2024-08-30,562570.SH,801750.SI,0.8657089752595323
2024-08-30,562590.SH,801080.SI,0.9383370443492737
2024-08-30,562600.SH,801150.SI,0.9541453541532703
2024-08-30,562800.SH,801050.SI,0.7268651929514278
2024-08-30,562820.SH,801080.SI,0.9392259726493092
2024-08-30,562860.SH,801150.SI,0.9914590104128539
2024-08-30,562880.SH,801730.SI,0.8431421234574642
2024-08-30,562900.SH,801010.SI,0.9134285503966004
2024-08-30,562910.SH,801730.SI,0.5413778475785166
2024-08-30,562920.SH,801750.SI,0.7994688059191607
2024-08-30,562930.SH,801750.SI,0.9563166316147852
2024-08-30,562950.SH,801080.SI,0.9005919166956052
2024-08-30,562960.SH,801160.SI,0.997655862719601
2024-08-30,563010.SH,801770.SI,0.8234639729837886
2024-08-30,588200.SH,801080.SI,0.9661877057842997
2024-08-30,588290.SH,801080.SI,1.0
2024-08-30,588700.SH,801150.SI,0.9383894300144997
2024-09-30,159306.SZ,801880.SI,0.6709650655840974
2024-09-30,159310.SZ,801080.SI,0.9681782573070509
2024-09-30,159507.SZ,801770.SI,0.8584401599166839
2024-09-30,159508.SZ,801150.SI,0.9306241462783654
2024-09-30,159511.SZ,801770.SI,0.5952354985026179
2024-09-30,159512.SZ,801880.SI,0.9938391353074132
2024-09-30,159516.SZ,801080.SI,0.9380961959232197
2024-09-30,159526.SZ,801890.SI,0.5424778233365346
2024-09-30,159527.SZ,801750.SI,0.8072395340710409
2024-09-30,159537.SZ,801750.SI,0.5049219303480239
2024-09-30,159538.SZ,801750.SI,0.5036950925929597
2024-09-30,159539.SZ,801750.SI,0.5054451772889994
2024-09-30,159540.SZ,801750.SI,0.5038662046192335
2024-09-30,159546.SZ,801080.SI,0.9391072009892769
2024-09-30,159551.SZ,801890.SI,0.5417797562234994
2024-09-30,159560.SZ,801080.SI,0.9677367531646192
2024-09-30,159565.SZ,801880.SI,0.6737521828421313
2024-09-30,159566.SZ,801730.SI,0.7639820674807871
2024-09-30,159582.SZ,801080.SI,0.993312608875218
2024-09-30,159586.SZ,801750.SI,0.9526312388157839
2024-09-30,159599.SZ,801080.SI,0.9674308183789624
2024-09-30,159608.SZ,801050.SI,0.7259829961746614
2024-09-30,159609.SZ,801730.SI,0.7880988945546735
2024-09-30,159611.SZ,801160.SI,0.9976542115627566
2024-09-30,159613.SZ,801750.SI,0.799600574942122
2024-09-30,159618.SZ,801730.SI,0.7889185926746258
2024-09-30,159619.SZ,801720.SI,0.7088707836026619
2024-09-30,159622.SZ,801150.SI,0.6554696172866791
2024-09-30,159625.SZ,801160.SI,0.9670374029747981
2024-09-30,159635.SZ,801720.SI,0.7091998604960278
2024-09-30,159638.SZ,801740.SI,0.8758286046716319
2024-09-30,159643.SZ,801150.SI,0.9865686915919917
2024-09-30,159645.SZ,801150.SI,0.9865855297740208
2024-09-30,159647.SZ,801150.SI,1.0
2024-09-30,159652.SZ,801050.SI,0.9632454711153868
2024-09-30,159657.SZ,801150.SI,0.9856008355264241
2024-09-30,159662.SZ,801170.SI,0.9881557610268173
2024-09-30,159663.SZ,801890.SI,0.7248755326236016
2024-09-30,159665.SZ,801080.SI,0.9506692048984714
2024-09-30,159667.SZ,801890.SI,0.7250026789908304
2024-09-30,159669.SZ,801160.SI,0.967020970598945
2024-09-30,159671.SZ,801050.SI,0.725483481367491
2024-09-30,159690.SZ,801050.SI,0.9972898012325212
2024-09-30,159692.SZ,801790.SI,0.999462674641962
2024-09-30,159695.SZ,801770.SI,0.8584162200519114
2024-09-30,159697.SZ,801960.SI,0.7090028155864387
2024-09-30,159707.SZ,801180.SI,0.9987456899087852
2024-09-30,159713.SZ,801050.SI,0.5875699581910122
2024-09-30,159715.SZ,801050.SI,0.587157518132886
2024-09-30,159730.SZ,801110.SI,0.8962477089365456
2024-09-30,159731.SZ,801030.SI,0.5606502120680109
2024-09-30,159732.SZ,801080.SI,0.9313093164032908
2024-09-30,159736.SZ,801120.SI,0.9464079680211978
2024-09-30,159738.SZ,801750.SI,0.5485708423164413
2024-09-30,159739.SZ,801750.SI,0.8073482250126311
2024-09-30,159745.SZ,801710.SI,0.9370715545065751
2024-09-30,159748.SZ,801150.SI,0.6545335553140774
2024-09-30,159752.SZ,801730.SI,0.754939929370997
2024-09-30,159755.SZ,801730.SI,0.6262865809289512
2024-09-30,159757.SZ,801730.SI,0.6235000446742351
2024-09-30,159760.SZ,801150.SI,0.9891564227083438
2024-09-30,159767.SZ,801730.SI,0.6254432534168667
2024-09-30,159768.SZ,801180.SI,0.9991946871205737
2024-09-30,159770.SZ,801890.SI,0.5420396833028416
2024-09-30,159775.SZ,801730.SI,0.6236249779774418
2024-09-30,159779.SZ,801080.SI,0.9004038650305924
2024-09-30,159786.SZ,801080.SI,0.7223301552283807
2024-09-30,159787.SZ,801710.SI,0.9400573791199984
2024-09-30,159796.SZ,801730.SI,0.8423237907064212
2024-09-30,159797.SZ,801150.SI,0.9539859797859088
2024-09-30,159801.SZ,801080.SI,0.9525650879334393
2024-09-30,159805.SZ,801760.SI,0.9497776533046768
2024-09-30,159813.SZ,801080.SI,0.9527143384063402
2024-09-30,159819.SZ,801750.SI,0.5164721099221354
2024-09-30,159825.SZ,801010.SI,0.7490531087527681
2024-09-30,159827.SZ,801010.SI,0.749048251048261
2024-09-30,159828.SZ,801150.SI,0.943190635843268
2024-09-30,159835.SZ,801150.SI,1.0
2024-09-30,159837.SZ,801150.SI,0.9952691486968622
2024-09-30,159838.SZ,801150.SI,0.9761816075224282
2024-09-30,159839.SZ,801150.SI,0.9306314293577346
2024-09-30,159840.SZ,801730.SI,0.6234859327635576
2024-09-30,159841.SZ,801790.SI,0.9998749548932192
2024-09-30,159842.SZ,801790.SI,0.9997560377872589
2024-09-30,159843.SZ,801120.SI,0.9592563412336674
2024-09-30,159847.SZ,801150.SI,0.9431474400471624
2024-09-30,159848.SZ,801790.SI,1.0
2024-09-30,159849.SZ,801150.SI,0.9957783828728716
2024-09-30,159851.SZ,801750.SI,0.8565312476398912
2024-09-30,159852.SZ,801750.SI,0.9565024919808965
2024-09-30,159855.SZ,801760.SI,0.9319851531306933
2024-09-30,159857.SZ,801730.SI,0.7886194386925366
2024-09-30,159858.SZ,801150.SI,0.9996681255361828
2024-09-30,159859.SZ,801150.SI,0.9304486250548868
2024-09-30,159861.SZ,801730.SI,0.6712568265352556
2024-09-30,159862.SZ,801120.SI,0.9618926204687789
2024-09-30,159863.SZ,801730.SI,0.7887990533060493
2024-09-30,159864.SZ,801730.SI,0.7880824300264364
2024-09-30,159865.SZ,801010.SI,0.8772625848281972
2024-09-30,159867.SZ,801010.SI,0.8813899225188976
2024-09-30,159869.SZ,801760.SI,0.9626332521785682
2024-09-30,159870.SZ,801030.SI,0.7569970211066815
2024-09-30,159871.SZ,801050.SI,0.9580881836249316
2024-09-30,159873.SZ,801150.SI,0.9564438623420132
2024-09-30,159875.SZ,801730.SI,0.7371548666660905
2024-09-30,159876.SZ,801050.SI,0.9587435245322008
2024-09-30,159877.SZ,801150.SI,0.9583010801667563
2024-09-30,159880.SZ,801050.SI,0.960771051093804
2024-09-30,159881.SZ,801050.SI,0.957341091009525
2024-09-30,159883.SZ,801150.SI,0.954148128419482
2024-09-30,159886.SZ,801730.SI,0.6304334445546932
2024-09-30,159887.SZ,801780.SI,0.9999256534697192
2024-09-30,159890.SZ,801750.SI,0.8076383140831238
2024-09-30,159891.SZ,801150.SI,0.9582929322283135
2024-09-30,159898.SZ,801150.SI,0.9528317507135491
2024-09-30,159899.SZ,801750.SI,0.9902100196879092
2024-09-30,159929.SZ,801150.SI,0.9850288860484414
2024-09-30,159930.SZ,801950.SI,0.5553318839549237
2024-09-30,159931.SZ,801780.SI,0.5301369810858064
2024-09-30,159933.SZ,801780.SI,0.5696164578785577
2024-09-30,159938.SZ,801150.SI,0.9870779602053932
2024-09-30,159939.SZ,801080.SI,0.7171192871085085
2024-09-30,159940.SZ,801780.SI,0.5133097112789492
2024-09-30,159992.SZ,801150.SI,0.9999673022616249
2024-09-30,159993.SZ,801790.SI,1.0
2024-09-30,159995.SZ,801080.SI,0.9527274024449397
2024-09-30,159996.SZ,801110.SI,0.9147714815387862
2024-09-30,159997.SZ,801080.SI,0.8380863003397372
2024-09-30,159998.SZ,801750.SI,0.9388067817199831
2024-09-30,510200.SH,801790.SI,0.9996283865223303
2024-09-30,510650.SH,801780.SI,0.6153601488876002
2024-09-30,510660.SH,801150.SI,0.9987353360422387
2024-09-30,512000.SH,801790.SI,0.9999933540079257
2024-09-30,512010.SH,801150.SI,0.977110374887158
2024-09-30,512070.SH,801790.SI,0.9998946893696801
2024-09-30,512120.SH,801150.SI,1.0
2024-09-30,512170.SH,801150.SI,0.9429556465804976
2024-09-30,512290.SH,801150.SI,0.9997923931506291
2024-09-30,512400.SH,801050.SI,0.9870557737491206
2024-09-30,512560.SH,801740.SI,0.8377620146101197
2024-09-30,512570.SH,801790.SI,0.9993378696958645
2024-09-30,512580.SH,801730.SI,0.6352371130678017
2024-09-30,512640.SH,801780.SI,0.5297485927268303
2024-09-30,512660.SH,801740.SI,0.8384949635678307
2024-09-30,512670.SH,801740.SI,0.8979274937703344
2024-09-30,512680.SH,801740.SI,0.838857086483291
2024-09-30,512690.SH,801120.SI,0.9973224192158925
2024-09-30,512700.SH,801780.SI,1.0
2024-09-30,512710.SH,801740.SI,0.9470987175693032
2024-09-30,512720.SH,801750.SI,0.9386398688054896
2024-09-30,512730.SH,801780.SI,1.0
2024-09-30,512760.SH,801080.SI,0.964040417014805
2024-09-30,512800.SH,801780.SI,0.9998997227673987
2024-09-30,512810.SH,801740.SI,0.8377029345869265
2024-09-30,512820.SH,801780.SI,1.0
2024-09-30,512880.SH,801790.SI,0.999982516435811
2024-09-30,512900.SH,801790.SI,0.9999155254727433
2024-09-30,512930.SH,801750.SI,0.5147399205665485
2024-09-30,512980.SH,801760.SI,0.9503079450290769
2024-09-30,515010.SH,801790.SI,0.9986832776097089
2024-09-30,515020.SH,801780.SI,0.999081285616582
2024-09-30,515070.SH,801750.SI,0.5160723149744694
2024-09-30,515120.SH,801150.SI,0.9998065798356638
2024-09-30,515170.SH,801120.SI,0.9614619195669442
2024-09-30,515210.SH,801040.SI,0.9490828844900574
2024-09-30,515220.SH,801950.SI,0.9886250536576847
2024-09-30,515230.SH,801750.SI,0.9910247140885653
2024-09-30,515260.SH,801080.SI,0.8377962388790511
2024-09-30,515290.SH,801780.SI,0.999869942277631
2024-09-30,515320.SH,801080.SI,0.8382984329667752
2024-09-30,515400.SH,801750.SI,0.893721158976222
2024-09-30,515560.SH,801790.SI,1.0
2024-09-30,515710.SH,801120.SI,0.9611685904821052
2024-09-30,515790.SH,801730.SI,0.7889382901232257
2024-09-30,515850.SH,801790.SI,0.9994750206654591
2024-09-30,515880.SH,801770.SI,0.6950169745779693
2024-09-30,515950.SH,801150.SI,0.9761001649060624
2024-09-30,515960.SH,801150.SI,0.9786568815284028
2024-09-30,515980.SH,801750.SI,0.5232596159712166
2024-09-30,516000.SH,801750.SI,0.8934645954978366
2024-09-30,516010.SH,801760.SI,0.9626303637346433
2024-09-30,516020.SH,801030.SI,0.7580163288603455
2024-09-30,516060.SH,801150.SI,0.9994417704846272
2024-09-30,516080.SH,801150.SI,0.9990012795411092
2024-09-30,516090.SH,801730.SI,0.736506560575293
2024-09-30,516100.SH,801750.SI,0.8524221755574614
2024-09-30,516120.SH,801030.SI,0.7569337512461889
2024-09-30,516150.SH,801050.SI,0.5879717446047329
2024-09-30,516160.SH,801730.SI,0.7371818291978008
2024-09-30,516180.SH,801730.SI,0.7886664806562412
2024-09-30,516190.SH,801760.SI,0.8586015836440539
2024-09-30,516200.SH,801790.SI,1.0
2024-09-30,516210.SH,801780.SI,1.0
2024-09-30,516220.SH,801030.SI,0.7559426081696451
2024-09-30,516270.SH,801730.SI,0.7549262021615902
2024-09-30,516290.SH,801730.SI,0.7888256175631538
2024-09-30,516310.SH,801780.SI,0.999937660250491
2024-09-30,516320.SH,801730.SI,0.5418669141701361
2024-09-30,516350.SH,801080.SI,0.9676925141987454
2024-09-30,516500.SH,801150.SI,0.9956737284144955
2024-09-30,516510.SH,801750.SI,0.8077505393117012
2024-09-30,516530.SH,801170.SI,0.9654565152369626
2024-09-30,516570.SH,801030.SI,0.5602093898511267
2024-09-30,516580.SH,801730.SI,0.739616173286187
2024-09-30,516610.SH,801150.SI,0.9580238748605859
2024-09-30,516620.SH,801760.SI,0.932803062245589
2024-09-30,516630.SH,801750.SI,0.8077599168604019
2024-09-30,516640.SH,801080.SI,0.9677744974375065
2024-09-30,516650.SH,801050.SI,0.9629254069782508
2024-09-30,516670.SH,801010.SI,0.8810636147964582
2024-09-30,516700.SH,801750.SI,0.8938434829933808
2024-09-30,516730.SH,801790.SI,1.0
2024-09-30,516750.SH,801710.SI,0.9376981550465395
2024-09-30,516760.SH,801010.SI,0.8814473549119584
2024-09-30,516770.SH,801760.SI,0.9625635096192093
2024-09-30,516780.SH,801050.SI,0.5865702297434273
2024-09-30,516790.SH,801150.SI,0.9570458525896436
2024-09-30,516810.SH,801010.SI,0.7487136961888856
2024-09-30,516820.SH,801150.SI,0.9552945864776573
2024-09-30,516850.SH,801730.SI,0.7370482699468703
2024-09-30,516860.SH,801750.SI,0.8544995079391136
2024-09-30,516880.SH,801730.SI,0.7885768777376473
2024-09-30,516900.SH,801120.SI,1.0
2024-09-30,516910.SH,801170.SI,0.9653720984131096
2024-09-30,516920.SH,801080.SI,0.968197612144363
2024-09-30,516930.SH,801150.SI,0.995721319771828
2024-09-30,516950.SH,801720.SI,0.7089719110079655
2024-09-30,516960.SH,801730.SI,0.6315250607501813
2024-09-30,516970.SH,801720.SI,0.9485386744108318
2024-09-30,516980.SH,801790.SI,1.0
2024-09-30,517110.SH,801150.SI,0.6715200869367056
2024-09-30,517120.SH,801150.SI,0.6482614647200468
2024-09-30,517390.SH,801750.SI,0.5540291274860849
2024-09-30,517770.SH,801760.SI,0.5940673633087261
2024-09-30,560080.SH,801150.SI,1.0
2024-09-30,560090.SH,801790.SI,1.0
2024-09-30,560260.SH,801150.SI,0.9433167687267132
2024-09-30,560280.SH,801890.SI,0.739106563418658
2024-09-30,560300.SH,801770.SI,0.8237775902397773
2024-09-30,560580.SH,801160.SI,0.9980017519727877
2024-09-30,560660.SH,801750.SI,0.6901458381513917
2024-09-30,560690.SH,801770.SI,0.8241132404473624
2024-09-30,560780.SH,801080.SI,0.9383640344921513
2024-09-30,560850.SH,801750.SI,0.8663064455106202
2024-09-30,560860.SH,801050.SI,0.8989541795476963
2024-09-30,560880.SH,801110.SI,0.9142101193932489
2024-09-30,560900.SH,801150.SI,1.0
2024-09-30,560980.SH,801730.SI,0.8738906952653338
2024-09-30,561010.SH,801750.SI,0.9929467837973319
2024-09-30,561100.SH,801080.SI,0.9002650380644657
2024-09-30,561120.SH,801110.SI,0.9147768238246632
2024-09-30,561160.SH,801730.SI,0.8420615839454345
2024-09-30,561170.SH,801160.SI,0.9975415503276107
2024-09-30,561310.SH,801080.SI,0.8998430693264717
2024-09-30,561320.SH,801170.SI,0.9998283634798407
2024-09-30,561330.SH,801050.SI,0.9970595870488391
2024-09-30,561360.SH,801960.SI,0.6601945735389337
2024-09-30,561510.SH,801150.SI,0.9998530625186874
2024-09-30,561560.SH,801160.SI,0.9976049091483262
2024-09-30,561600.SH,801080.SI,0.9009310837284168
2024-09-30,561700.SH,801160.SI,0.9978822926048249
2024-09-30,561760.SH,801960.SI,0.6475866079231961
2024-09-30,561800.SH,801050.SI,0.7262213788028441
2024-09-30,561910.SH,801730.SI,0.8414568570148819
2024-09-30,561920.SH,801150.SI,0.9913356665382289
2024-09-30,561980.SH,801080.SI,0.9931521446472662
2024-09-30,562010.SH,801730.SI,0.5821711886356982
2024-09-30,562030.SH,801750.SI,0.865107124123737
2024-09-30,562350.SH,801160.SI,0.9978820597529916
2024-09-30,562360.SH,801890.SI,0.5424640925757395
2024-09-30,562390.SH,801150.SI,1.0
2024-09-30,562500.SH,801890.SI,0.5420444410084827
2024-09-30,562550.SH,801160.SI,0.9976642884847557
2024-09-30,562560.SH,801080.SI,0.7171170078077913
2024-09-30,562570.SH,801750.SI,0.8657089752595323
2024-09-30,562590.SH,801080.SI,0.9383370443492737
2024-09-30,562600.SH,801150.SI,0.9541453541532703
2024-09-30,562800.SH,801050.SI,0.7268651929514278
2024-09-30,562820.SH,801080.SI,0.9392259726493092
2024-09-30,562860.SH,801150.SI,0.9914590104128539
2024-09-30,562880.SH,801730.SI,0.8431421234574642
2024-09-30,562900.SH,801010.SI,0.9134285503966004
2024-09-30,562910.SH,801730.SI,0.5413778475785166
2024-09-30,562920.SH,801750.SI,0.7994688059191607
2024-09-30,562930.SH,801750.SI,0.9563166316147852
2024-09-30,562950.SH,801080.SI,0.9005919166956052
2024-09-30,562960.SH,801160.SI,0.997655862719601
2024-09-30,563010.SH,801770.SI,0.8234639729837886
2024-09-30,588200.SH,801080.SI,0.9661877057842997
2024-09-30,588290.SH,801080.SI,0.9662026342930901
2024-09-30,588700.SH,801150.SI,0.9383894300144997
2024-09-30,588890.SH,801080.SI,0.9659265607441336
2024-10-31,159301.SZ,801160.SI,1.0
2024-10-31,159306.SZ,801880.SI,0.5512025354029833
2024-10-31,159309.SZ,801960.SI,0.697747930735965
2024-10-31,159310.SZ,801080.SI,0.9995996300903734
2024-10-31,159327.SZ,801080.SI,1.0
2024-10-31,159507.SZ,801770.SI,0.9413674594694978
2024-10-31,159508.SZ,801150.SI,0.9088326913418002
2024-10-31,159511.SZ,801770.SI,0.8066887193816605
2024-10-31,159512.SZ,801880.SI,1.0
2024-10-31,159516.SZ,801080.SI,0.9997599739812589
2024-10-31,159527.SZ,801750.SI,0.7797556551042797
2024-10-31,159537.SZ,801080.SI,0.6351973908699321
2024-10-31,159538.SZ,801080.SI,0.5635985699958921
2024-10-31,159539.SZ,801080.SI,0.5628521928587241
2024-10-31,159540.SZ,801080.SI,0.6342688530423524
2024-10-31,159542.SZ,801890.SI,0.7475271862012498
2024-10-31,159546.SZ,801080.SI,1.0
2024-10-31,159558.SZ,801080.SI,1.0
2024-10-31,159560.SZ,801080.SI,0.9997395995512439
2024-10-31,159565.SZ,801880.SI,0.5381594484290714
2024-10-31,159566.SZ,801730.SI,0.8824080941544807
2024-10-31,159582.SZ,801080.SI,1.0
2024-10-31,159583.SZ,801770.SI,0.7780138680695431
2024-10-31,159586.SZ,801750.SI,1.0
2024-10-31,159588.SZ,801960.SI,0.8611706751242676
2024-10-31,159599.SZ,801080.SI,0.9936586353281059
2024-10-31,159608.SZ,801050.SI,0.7050208611083074
2024-10-31,159609.SZ,801730.SI,0.8545551026643268
2024-10-31,159611.SZ,801160.SI,1.0
2024-10-31,159613.SZ,801750.SI,0.8894815096299463
2024-10-31,159618.SZ,801730.SI,0.8554368232859254
2024-10-31,159619.SZ,801720.SI,0.750042461918729
2024-10-31,159625.SZ,801160.SI,1.0
2024-10-31,159635.SZ,801720.SI,0.750269912620367
2024-10-31,159638.SZ,801740.SI,0.9406440669261942
2024-10-31,159643.SZ,801150.SI,1.0
2024-10-31,159645.SZ,801150.SI,1.0
2024-10-31,159647.SZ,801150.SI,1.0
2024-10-31,159652.SZ,801050.SI,1.0
2024-10-31,159657.SZ,801150.SI,0.9989942731154876
2024-10-31,159662.SZ,801170.SI,0.9998084874397285
2024-10-31,159663.SZ,801890.SI,0.6545537498692643
2024-10-31,159665.SZ,801080.SI,0.9996831741438401
2024-10-31,159667.SZ,801890.SI,0.6543621206072368
2024-10-31,159669.SZ,801160.SI,1.0
2024-10-31,159671.SZ,801050.SI,0.7034831736465137
2024-10-31,159690.SZ,801050.SI,1.0
2024-10-31,159692.SZ,801790.SI,0.9997632984151824
2024-10-31,159695.SZ,801770.SI,0.9408258405165109
2024-10-31,159697.SZ,801960.SI,0.8613472940964302
2024-10-31,159698.SZ,801010.SI,0.5016160910302174
2024-10-31,159707.SZ,801180.SI,0.9998511942416524
2024-10-31,159713.SZ,801050.SI,0.5710220642372701
2024-10-31,159715.SZ,801050.SI,0.5713668571772297
2024-10-31,159730.SZ,801110.SI,0.8637859521988518
2024-10-31,159731.SZ,801030.SI,0.5328009029609935
2024-10-31,159732.SZ,801080.SI,1.0
2024-10-31,159736.SZ,801120.SI,0.9999259854581277
2024-10-31,159739.SZ,801750.SI,0.7775707625172472
2024-10-31,159745.SZ,801710.SI,0.9981113771180256
2024-10-31,159752.SZ,801730.SI,0.7272731493749828
2024-10-31,159755.SZ,801730.SI,0.5385974002458639
2024-10-31,159757.SZ,801730.SI,0.5385059836675784
2024-10-31,159760.SZ,801150.SI,0.9999125223418415
2024-10-31,159767.SZ,801730.SI,0.5375373632909785
2024-10-31,159768.SZ,801180.SI,0.9997445685860381
2024-10-31,159775.SZ,801730.SI,0.5372631965653842
2024-10-31,159779.SZ,801080.SI,0.938033195904391
2024-10-31,159786.SZ,801080.SI,0.9012369017281543
2024-10-31,159787.SZ,801710.SI,1.0
2024-10-31,159795.SZ,801080.SI,0.5011682484396875
2024-10-31,159796.SZ,801730.SI,0.8922859881911868
2024-10-31,159797.SZ,801150.SI,0.8877300954113717
2024-10-31,159801.SZ,801080.SI,1.0
2024-10-31,159805.SZ,801760.SI,0.9989688399290411
2024-10-31,159811.SZ,801770.SI,0.6759112492616499
2024-10-31,159813.SZ,801080.SI,0.9999251247483523
2024-10-31,159825.SZ,801010.SI,0.7552788678727751
2024-10-31,159827.SZ,801010.SI,0.7546239174178176
2024-10-31,159828.SZ,801150.SI,0.9200542388297887
2024-10-31,159835.SZ,801150.SI,1.0
2024-10-31,159837.SZ,801150.SI,1.0
2024-10-31,159838.SZ,801150.SI,0.9507201876312142
2024-10-31,159839.SZ,801150.SI,0.9103014025880114
2024-10-31,159840.SZ,801730.SI,0.5381961541558088
2024-10-31,159841.SZ,801790.SI,0.9999164528340241
2024-10-31,159842.SZ,801790.SI,0.999741278878509
2024-10-31,159843.SZ,801120.SI,0.9991260178721616
2024-10-31,159847.SZ,801150.SI,0.9212335926379354
2024-10-31,159848.SZ,801790.SI,1.0
2024-10-31,159849.SZ,801150.SI,0.9998031235475799
2024-10-31,159851.SZ,801750.SI,0.7788995152717495
2024-10-31,159852.SZ,801750.SI,1.0
2024-10-31,159855.SZ,801760.SI,1.0
2024-10-31,159857.SZ,801730.SI,0.8548076600022417
2024-10-31,159858.SZ,801150.SI,0.9996161368971627
2024-10-31,159859.SZ,801150.SI,0.910161940440712
2024-10-31,159861.SZ,801730.SI,0.619302612060922
2024-10-31,159862.SZ,801120.SI,1.0
2024-10-31,159863.SZ,801730.SI,0.8549305270824671
2024-10-31,159864.SZ,801730.SI,0.854462882510043
2024-10-31,159865.SZ,801010.SI,0.8612748188152883
2024-10-31,159867.SZ,801010.SI,0.8657420501279963
2024-10-31,159869.SZ,801760.SI,1.0
2024-10-31,159870.SZ,801030.SI,0.8774617305534896
2024-10-31,159871.SZ,801050.SI,1.0
2024-10-31,159873.SZ,801150.SI,0.8977499706381317
2024-10-31,159875.SZ,801730.SI,0.7278233439245129
2024-10-31,159876.SZ,801050.SI,1.0
2024-10-31,159877.SZ,801150.SI,0.8992698459054661
2024-10-31,159880.SZ,801050.SI,1.0
2024-10-31,159881.SZ,801050.SI,0.9983627426845042
2024-10-31,159883.SZ,801150.SI,0.8873522419313462
2024-10-31,159886.SZ,801730.SI,0.6260614156938445
2024-10-31,159887.SZ,801780.SI,0.9998949807826258
2024-10-31,159888.SZ,801080.SI,0.5014577347963615
2024-10-31,159889.SZ,801080.SI,0.5007740096779855
2024-10-31,159890.SZ,801750.SI,0.7776259107975675
2024-10-31,159891.SZ,801150.SI,0.8997955376538697
2024-10-31,159898.SZ,801150.SI,0.8891538825122244
2024-10-31,159899.SZ,801750.SI,0.9987712150141317
2024-10-31,159929.SZ,801150.SI,0.9541236786759231
2024-10-31,159930.SZ,801950.SI,0.5380802098079861
2024-10-31,159931.SZ,801780.SI,0.5406979823927248
2024-10-31,159933.SZ,801780.SI,0.531956904957702
2024-10-31,159938.SZ,801150.SI,0.9542913654983558
2024-10-31,159939.SZ,801080.SI,0.8304149312950533
2024-10-31,159940.SZ,801780.SI,0.5317659802916741
2024-10-31,159992.SZ,801150.SI,0.9999572205443382
2024-10-31,159993.SZ,801790.SI,1.0
2024-10-31,159995.SZ,801080.SI,1.0
2024-10-31,159996.SZ,801110.SI,0.9675981885121029
2024-10-31,159997.SZ,801080.SI,0.8977835486640801
2024-10-31,159998.SZ,801750.SI,0.9998374796748873
2024-10-31,510200.SH,801790.SI,0.9998123607553859
2024-10-31,510650.SH,801780.SI,0.6065501140342666
2024-10-31,510660.SH,801150.SI,1.0
2024-10-31,512000.SH,801790.SI,0.9999900721022926
2024-10-31,512010.SH,801150.SI,0.9542991075554679
2024-10-31,512070.SH,801790.SI,1.0
2024-10-31,512120.SH,801150.SI,0.9426122641267377
2024-10-31,512170.SH,801150.SI,0.9183016878857353
2024-10-31,512290.SH,801150.SI,0.9997159504571062
2024-10-31,512400.SH,801050.SI,0.9998919070130206
2024-10-31,512560.SH,801740.SI,0.9443844952668721
2024-10-31,512570.SH,801790.SI,1.0
2024-10-31,512580.SH,801730.SI,0.6163764297578731
2024-10-31,512640.SH,801780.SI,0.5314666805371976
2024-10-31,512660.SH,801740.SI,0.9442344587851949
2024-10-31,512670.SH,801740.SI,0.9997975386840388
2024-10-31,512680.SH,801740.SI,0.9436170038899576
2024-10-31,512690.SH,801120.SI,1.0
2024-10-31,512700.SH,801780.SI,0.9999936870550679
2024-10-31,512710.SH,801740.SI,0.9999680105182099
2024-10-31,512720.SH,801750.SI,0.9997720218984062
2024-10-31,512730.SH,801780.SI,1.0
2024-10-31,512760.SH,801080.SI,0.9999811877465019
2024-10-31,512800.SH,801780.SI,0.9999505790026376
2024-10-31,512810.SH,801740.SI,0.9436299228051858
2024-10-31,512820.SH,801780.SI,1.0
2024-10-31,512880.SH,801790.SI,0.9999881607110479
2024-10-31,512900.SH,801790.SI,0.9999448947648603
2024-10-31,512980.SH,801760.SI,1.0
2024-10-31,515010.SH,801790.SI,1.0
2024-10-31,515020.SH,801780.SI,1.0
2024-10-31,515120.SH,801150.SI,1.0
2024-10-31,515170.SH,801120.SI,1.0
2024-10-31,515210.SH,801040.SI,0.9996995525736068
2024-10-31,515220.SH,801950.SI,0.999915622813648
2024-10-31,515230.SH,801750.SI,0.999724674818695
2024-10-31,515250.SH,801080.SI,0.500396770213359
2024-10-31,515260.SH,801080.SI,0.897744519805125
2024-10-31,515290.SH,801780.SI,0.9999106905233148
2024-10-31,515320.SH,801080.SI,0.8981406043275622
2024-10-31,515400.SH,801750.SI,0.9380774788793834
2024-10-31,515560.SH,801790.SI,1.0
2024-10-31,515710.SH,801120.SI,0.9997506300290048
2024-10-31,515790.SH,801730.SI,0.8547942371575369
2024-10-31,515850.SH,801790.SI,0.9996594341618664
2024-10-31,515880.SH,801770.SI,0.6878755494224571
2024-10-31,515950.SH,801150.SI,0.9511249043762948
2024-10-31,515960.SH,801150.SI,0.882756690138289
2024-10-31,516000.SH,801750.SI,0.9383304247980366
2024-10-31,516010.SH,801760.SI,0.9995633836320417
2024-10-31,516020.SH,801030.SI,0.8771201190669756
2024-10-31,516060.SH,801150.SI,0.9995637014986594
2024-10-31,516080.SH,801150.SI,1.0
2024-10-31,516090.SH,801730.SI,0.727657112526573
2024-10-31,516100.SH,801750.SI,0.7840732375992715
2024-10-31,516120.SH,801030.SI,0.8765802257002193
2024-10-31,516150.SH,801050.SI,0.57127880267549
2024-10-31,516160.SH,801730.SI,0.7277835557971025
2024-10-31,516180.SH,801730.SI,0.8554602098726736
2024-10-31,516190.SH,801760.SI,0.7498232485155656
2024-10-31,516200.SH,801790.SI,1.0
2024-10-31,516210.SH,801780.SI,1.0
2024-10-31,516220.SH,801030.SI,0.8769735542680709
2024-10-31,516270.SH,801730.SI,0.7272437650584277
2024-10-31,516290.SH,801730.SI,0.854939009308016
2024-10-31,516310.SH,801780.SI,1.0
2024-10-31,516320.SH,801730.SI,0.6263981166869278
2024-10-31,516350.SH,801080.SI,1.0
2024-10-31,516500.SH,801150.SI,1.0
2024-10-31,516510.SH,801750.SI,0.7786556462255151
2024-10-31,516520.SH,801080.SI,0.5046709924510858
2024-10-31,516530.SH,801170.SI,1.0
2024-10-31,516570.SH,801030.SI,0.5338513411090534
2024-10-31,516580.SH,801730.SI,0.7281252236424806
2024-10-31,516610.SH,801150.SI,0.8990972764040494
2024-10-31,516620.SH,801760.SI,1.0
2024-10-31,516630.SH,801750.SI,0.7774744776600155
2024-10-31,516640.SH,801080.SI,0.9997636714002545
2024-10-31,516650.SH,801050.SI,1.0
2024-10-31,516670.SH,801010.SI,0.864688721307878
2024-10-31,516700.SH,801750.SI,0.9381567365589039
2024-10-31,516730.SH,801790.SI,1.0
2024-10-31,516750.SH,801710.SI,1.0
2024-10-31,516760.SH,801010.SI,0.8636310840880563
2024-10-31,516770.SH,801760.SI,0.9988392860366287
2024-10-31,516780.SH,801050.SI,0.5707976701246016
2024-10-31,516790.SH,801150.SI,0.8989000412962281
2024-10-31,516800.SH,801080.SI,0.5881677304700427
2024-10-31,516810.SH,801010.SI,0.7557017515409407
2024-10-31,516820.SH,801150.SI,0.924045046917694
2024-10-31,516850.SH,801730.SI,0.7294133614068615
2024-10-31,516860.SH,801750.SI,0.78590593354115
2024-10-31,516880.SH,801730.SI,0.8545798246085909
2024-10-31,516900.SH,801120.SI,1.0
2024-10-31,516910.SH,801170.SI,0.9999796023124753
2024-10-31,516920.SH,801080.SI,1.0
2024-10-31,516930.SH,801150.SI,1.0
2024-10-31,516950.SH,801720.SI,0.7498044036903251
2024-10-31,516960.SH,801730.SI,0.6270936394330342
2024-10-31,516970.SH,801720.SI,0.9488465263606537
2024-10-31,516980.SH,801790.SI,1.0
2024-10-31,517110.SH,801150.SI,0.5113972759634436
2024-10-31,517770.SH,801760.SI,0.5044616072765388
2024-10-31,560080.SH,801150.SI,1.0
2024-10-31,560090.SH,801790.SI,1.0
2024-10-31,560260.SH,801150.SI,0.9210537903136807
2024-10-31,560280.SH,801890.SI,0.7475649015019348
2024-10-31,560300.SH,801770.SI,0.7653627112438357
2024-10-31,560360.SH,801750.SI,1.0
2024-10-31,560580.SH,801160.SI,1.0
2024-10-31,560660.SH,801750.SI,0.6601966311754045
2024-10-31,560690.SH,801770.SI,0.7652494197030343
2024-10-31,560780.SH,801080.SI,1.0
2024-10-31,560850.SH,801750.SI,0.7678841512453661
2024-10-31,560860.SH,801050.SI,0.9990558746545677
2024-10-31,560880.SH,801110.SI,0.9675921290393352
2024-10-31,560900.SH,801150.SI,1.0
2024-10-31,560980.SH,801730.SI,1.0
2024-10-31,561010.SH,801750.SI,1.0
2024-10-31,561100.SH,801080.SI,0.9387030322822106
2024-10-31,561120.SH,801110.SI,0.9665927553556838
2024-10-31,561160.SH,801730.SI,0.8919988677938895
2024-10-31,561170.SH,801160.SI,0.9998151233246081
2024-10-31,561310.SH,801080.SI,0.9383317339686065
2024-10-31,561320.SH,801170.SI,0.9998994291007869
2024-10-31,561330.SH,801050.SI,1.0
2024-10-31,561360.SH,801960.SI,0.7909334080353838
2024-10-31,561510.SH,801150.SI,0.9999797433394435
2024-10-31,561560.SH,801160.SI,0.9995994176405114
2024-10-31,561600.SH,801080.SI,0.938643090230671
2024-10-31,561700.SH,801160.SI,1.0
2024-10-31,561760.SH,801960.SI,0.6975301299224771
2024-10-31,561800.SH,801050.SI,0.7049596976659326
2024-10-31,561910.SH,801730.SI,0.8916494267422559
2024-10-31,561920.SH,801150.SI,1.0
2024-10-31,561980.SH,801080.SI,0.9991987596911444
2024-10-31,562010.SH,801730.SI,0.515848220094486
2024-10-31,562030.SH,801750.SI,0.7718027115534308
2024-10-31,562350.SH,801160.SI,1.0
2024-10-31,562390.SH,801150.SI,1.0
2024-10-31,562550.SH,801160.SI,1.0
2024-10-31,562560.SH,801080.SI,0.8305881225682192
2024-10-31,562570.SH,801750.SI,0.768756201969052
2024-10-31,562590.SH,801080.SI,1.0
2024-10-31,562600.SH,801150.SI,0.8881511747030646
2024-10-31,562800.SH,801050.SI,0.7040211339381605
2024-10-31,562820.SH,801080.SI,1.0
2024-10-31,562860.SH,801150.SI,1.0
2024-10-31,562880.SH,801730.SI,0.8920627905511826
2024-10-31,562900.SH,801010.SI,0.9117276687162739
2024-10-31,562910.SH,801730.SI,0.6280079711818123
2024-10-31,562920.SH,801750.SI,0.8892839520364584
2024-10-31,562930.SH,801750.SI,1.0
2024-10-31,562950.SH,801080.SI,0.93922955642726
2024-10-31,562960.SH,801160.SI,1.0
2024-10-31,563010.SH,801770.SI,0.7650711943646844
2024-10-31,563150.SH,801960.SI,0.6975720392985529
2024-10-31,588200.SH,801080.SI,1.0
2024-10-31,588290.SH,801080.SI,1.0
2024-10-31,588700.SH,801150.SI,0.9257608233793025
2024-10-31,588830.SH,801730.SI,1.0
2024-10-31,588890.SH,801080.SI,1.0
2024-11-29,159301.SZ,801160.SI,1.0
2024-11-29,159306.SZ,801880.SI,0.5512025354029833
2024-11-29,159309.SZ,801960.SI,0.697747930735965
2024-11-29,159310.SZ,801080.SI,0.9995996300903734
2024-11-29,159327.SZ,801080.SI,1.0
2024-11-29,159507.SZ,801770.SI,0.9413674594694978
2024-11-29,159508.SZ,801150.SI,0.9088326913418002
2024-11-29,159511.SZ,801770.SI,0.8066887193816605
2024-11-29,159512.SZ,801880.SI,1.0
2024-11-29,159516.SZ,801080.SI,0.9997599739812589
2024-11-29,159527.SZ,801750.SI,0.7797556551042797
2024-11-29,159537.SZ,801080.SI,0.6351973908699321
2024-11-29,159538.SZ,801080.SI,0.5635985699958921
2024-11-29,159539.SZ,801080.SI,0.5628521928587241
2024-11-29,159540.SZ,801080.SI,0.6342688530423524
2024-11-29,159542.SZ,801890.SI,0.7475271862012498
2024-11-29,159546.SZ,801080.SI,1.0
2024-11-29,159558.SZ,801080.SI,1.0
2024-11-29,159560.SZ,801080.SI,0.9997395995512439
2024-11-29,159565.SZ,801880.SI,0.5381594484290714
2024-11-29,159566.SZ,801730.SI,0.8824080941544807
2024-11-29,159582.SZ,801080.SI,1.0
2024-11-29,159583.SZ,801770.SI,0.7780138680695431
2024-11-29,159586.SZ,801750.SI,1.0
2024-11-29,159588.SZ,801960.SI,0.8611706751242676
2024-11-29,159599.SZ,801080.SI,0.9936586353281059
2024-11-29,159608.SZ,801050.SI,0.7050208611083074
2024-11-29,159609.SZ,801730.SI,0.8545551026643268
2024-11-29,159611.SZ,801160.SI,1.0
2024-11-29,159613.SZ,801750.SI,0.8894815096299463
2024-11-29,159618.SZ,801730.SI,0.8554368232859254
2024-11-29,159619.SZ,801720.SI,0.750042461918729
2024-11-29,159625.SZ,801160.SI,1.0
2024-11-29,159635.SZ,801720.SI,0.750269912620367
2024-11-29,159638.SZ,801740.SI,0.9406440669261942
2024-11-29,159643.SZ,801150.SI,1.0
2024-11-29,159645.SZ,801150.SI,1.0
2024-11-29,159647.SZ,801150.SI,1.0
2024-11-29,159652.SZ,801050.SI,1.0
2024-11-29,159657.SZ,801150.SI,0.9989942731154876
2024-11-29,159662.SZ,801170.SI,0.9998084874397285
2024-11-29,159663.SZ,801890.SI,0.6545537498692643
2024-11-29,159665.SZ,801080.SI,0.9996831741438401
2024-11-29,159667.SZ,801890.SI,0.6543621206072368
2024-11-29,159669.SZ,801160.SI,1.0
2024-11-29,159671.SZ,801050.SI,0.7034831736465137
2024-11-29,159690.SZ,801050.SI,1.0
2024-11-29,159692.SZ,801790.SI,0.9997632984151824
2024-11-29,159695.SZ,801770.SI,0.9408258405165109
2024-11-29,159697.SZ,801960.SI,0.8613472940964302
2024-11-29,159698.SZ,801010.SI,0.5016160910302174
2024-11-29,159707.SZ,801180.SI,0.9998511942416524
2024-11-29,159713.SZ,801050.SI,0.5710220642372701
2024-11-29,159715.SZ,801050.SI,0.5713668571772297
2024-11-29,159730.SZ,801110.SI,0.8637859521988518
2024-11-29,159731.SZ,801030.SI,0.5328009029609935
2024-11-29,159732.SZ,801080.SI,1.0
2024-11-29,159736.SZ,801120.SI,0.9999259854581277
2024-11-29,159739.SZ,801750.SI,0.7775707625172472
2024-11-29,159745.SZ,801710.SI,0.9981113771180256
2024-11-29,159752.SZ,801730.SI,0.7272731493749828
2024-11-29,159755.SZ,801730.SI,0.5385974002458639
2024-11-29,159757.SZ,801730.SI,0.5385059836675784
2024-11-29,159760.SZ,801150.SI,0.9999125223418415
2024-11-29,159767.SZ,801730.SI,0.5375373632909785
2024-11-29,159768.SZ,801180.SI,0.9997445685860381
2024-11-29,159775.SZ,801730.SI,0.5372631965653842
2024-11-29,159779.SZ,801080.SI,0.938033195904391
2024-11-29,159786.SZ,801080.SI,0.9012369017281543
2024-11-29,159787.SZ,801710.SI,1.0
2024-11-29,159795.SZ,801080.SI,0.5011682484396875
2024-11-29,159796.SZ,801730.SI,0.8922859881911868
2024-11-29,159797.SZ,801150.SI,0.8877300954113717
2024-11-29,159801.SZ,801080.SI,1.0
2024-11-29,159805.SZ,801760.SI,0.9989688399290411
2024-11-29,159811.SZ,801770.SI,0.6759112492616499
2024-11-29,159813.SZ,801080.SI,0.9999251247483523
2024-11-29,159825.SZ,801010.SI,0.7552788678727751
2024-11-29,159827.SZ,801010.SI,0.7546239174178176
2024-11-29,159828.SZ,801150.SI,0.9200542388297887
2024-11-29,159835.SZ,801150.SI,1.0
2024-11-29,159837.SZ,801150.SI,1.0
2024-11-29,159838.SZ,801150.SI,0.9507201876312142
2024-11-29,159839.SZ,801150.SI,0.9103014025880114
2024-11-29,159840.SZ,801730.SI,0.5381961541558088
2024-11-29,159841.SZ,801790.SI,0.9999164528340241
2024-11-29,159842.SZ,801790.SI,0.999741278878509
2024-11-29,159843.SZ,801120.SI,0.9991260178721616
2024-11-29,159847.SZ,801150.SI,0.9212335926379354
2024-11-29,159848.SZ,801790.SI,1.0
2024-11-29,159849.SZ,801150.SI,0.9998031235475799
2024-11-29,159851.SZ,801750.SI,0.7788995152717495
2024-11-29,159852.SZ,801750.SI,1.0
2024-11-29,159855.SZ,801760.SI,1.0
2024-11-29,159857.SZ,801730.SI,0.8548076600022417
2024-11-29,159858.SZ,801150.SI,0.9996161368971627
2024-11-29,159859.SZ,801150.SI,0.910161940440712
2024-11-29,159861.SZ,801730.SI,0.619302612060922
2024-11-29,159862.SZ,801120.SI,1.0
2024-11-29,159863.SZ,801730.SI,0.8549305270824671
2024-11-29,159864.SZ,801730.SI,0.854462882510043
2024-11-29,159865.SZ,801010.SI,0.8612748188152883
2024-11-29,159867.SZ,801010.SI,0.8657420501279963
2024-11-29,159869.SZ,801760.SI,1.0
2024-11-29,159870.SZ,801030.SI,0.8774617305534896
2024-11-29,159871.SZ,801050.SI,1.0
2024-11-29,159873.SZ,801150.SI,0.8977499706381317
2024-11-29,159875.SZ,801730.SI,0.7278233439245129
2024-11-29,159876.SZ,801050.SI,1.0
2024-11-29,159877.SZ,801150.SI,0.8992698459054661
2024-11-29,159880.SZ,801050.SI,1.0
2024-11-29,159881.SZ,801050.SI,0.9983627426845042
2024-11-29,159883.SZ,801150.SI,0.8873522419313462
2024-11-29,159886.SZ,801730.SI,0.6260614156938445
2024-11-29,159887.SZ,801780.SI,0.9998949807826258
2024-11-29,159888.SZ,801080.SI,0.5014577347963615
2024-11-29,159889.SZ,801080.SI,0.5007740096779855
2024-11-29,159890.SZ,801750.SI,0.7776259107975675
2024-11-29,159891.SZ,801150.SI,0.8997955376538697
2024-11-29,159898.SZ,801150.SI,0.8891538825122244
2024-11-29,159899.SZ,801750.SI,0.9987712150141317
2024-11-29,159929.SZ,801150.SI,0.9541236786759231
2024-11-29,159930.SZ,801950.SI,0.5380802098079861
2024-11-29,159931.SZ,801780.SI,0.5406979823927248
2024-11-29,159933.SZ,801780.SI,0.531956904957702
2024-11-29,159938.SZ,801150.SI,0.9542913654983558
2024-11-29,159939.SZ,801080.SI,0.8304149312950533
2024-11-29,159940.SZ,801780.SI,0.5317659802916741
2024-11-29,159992.SZ,801150.SI,0.9999572205443382
2024-11-29,159993.SZ,801790.SI,1.0
2024-11-29,159995.SZ,801080.SI,1.0
2024-11-29,159996.SZ,801110.SI,0.9675981885121029
2024-11-29,159997.SZ,801080.SI,0.8977835486640801
2024-11-29,159998.SZ,801750.SI,0.9998374796748873
2024-11-29,510200.SH,801790.SI,0.9998123607553859
2024-11-29,510650.SH,801780.SI,0.6065501140342666
2024-11-29,510660.SH,801150.SI,1.0
2024-11-29,512000.SH,801790.SI,0.9999900721022926
2024-11-29,512010.SH,801150.SI,0.9542991075554679
2024-11-29,512070.SH,801790.SI,1.0
2024-11-29,512120.SH,801150.SI,0.9426122641267377
2024-11-29,512170.SH,801150.SI,0.9183016878857353
2024-11-29,512290.SH,801150.SI,0.9997159504571062
2024-11-29,512400.SH,801050.SI,0.9998919070130206
2024-11-29,512560.SH,801740.SI,0.9443844952668721
2024-11-29,512570.SH,801790.SI,1.0
2024-11-29,512580.SH,801730.SI,0.6163764297578731
2024-11-29,512640.SH,801780.SI,0.5314666805371976
2024-11-29,512660.SH,801740.SI,0.9442344587851949
2024-11-29,512670.SH,801740.SI,0.9997975386840388
2024-11-29,512680.SH,801740.SI,0.9436170038899576
2024-11-29,512690.SH,801120.SI,1.0
2024-11-29,512700.SH,801780.SI,0.9999936870550679
2024-11-29,512710.SH,801740.SI,0.9999680105182099
2024-11-29,512720.SH,801750.SI,0.9997720218984062
2024-11-29,512730.SH,801780.SI,1.0
2024-11-29,512760.SH,801080.SI,0.9999811877465019
2024-11-29,512800.SH,801780.SI,0.9999505790026376
2024-11-29,512810.SH,801740.SI,0.9436299228051858
2024-11-29,512820.SH,801780.SI,1.0
2024-11-29,512880.SH,801790.SI,0.9999881607110479
2024-11-29,512900.SH,801790.SI,0.9999448947648603
2024-11-29,512980.SH,801760.SI,1.0
2024-11-29,515010.SH,801790.SI,1.0
2024-11-29,515020.SH,801780.SI,1.0
2024-11-29,515120.SH,801150.SI,1.0
2024-11-29,515170.SH,801120.SI,1.0
2024-11-29,515210.SH,801040.SI,0.9996995525736068
2024-11-29,515220.SH,801950.SI,0.999915622813648
2024-11-29,515230.SH,801750.SI,0.999724674818695
2024-11-29,515250.SH,801080.SI,0.500396770213359
2024-11-29,515260.SH,801080.SI,0.897744519805125
2024-11-29,515290.SH,801780.SI,0.9999106905233148
2024-11-29,515320.SH,801080.SI,0.8981406043275622
2024-11-29,515400.SH,801750.SI,0.9380774788793834
2024-11-29,515560.SH,801790.SI,1.0
2024-11-29,515710.SH,801120.SI,0.9997506300290048
2024-11-29,515790.SH,801730.SI,0.8547942371575369
2024-11-29,515850.SH,801790.SI,0.9996594341618664
2024-11-29,515880.SH,801770.SI,0.6878755494224571
2024-11-29,515950.SH,801150.SI,0.9511249043762948
2024-11-29,515960.SH,801150.SI,0.882756690138289
2024-11-29,516000.SH,801750.SI,0.9383304247980366
2024-11-29,516010.SH,801760.SI,0.9995633836320417
2024-11-29,516020.SH,801030.SI,0.8771201190669756
2024-11-29,516060.SH,801150.SI,0.9995637014986594
2024-11-29,516080.SH,801150.SI,1.0
2024-11-29,516090.SH,801730.SI,0.727657112526573
2024-11-29,516100.SH,801750.SI,0.7840732375992715
2024-11-29,516120.SH,801030.SI,0.8765802257002193
2024-11-29,516150.SH,801050.SI,0.57127880267549
2024-11-29,516160.SH,801730.SI,0.7277835557971025
2024-11-29,516180.SH,801730.SI,0.8554602098726736
2024-11-29,516190.SH,801760.SI,0.7498232485155656
2024-11-29,516200.SH,801790.SI,1.0
2024-11-29,516210.SH,801780.SI,1.0
2024-11-29,516220.SH,801030.SI,0.8769735542680709
2024-11-29,516270.SH,801730.SI,0.7272437650584277
2024-11-29,516290.SH,801730.SI,0.854939009308016
2024-11-29,516310.SH,801780.SI,1.0
2024-11-29,516320.SH,801730.SI,0.6263981166869278
2024-11-29,516350.SH,801080.SI,1.0
2024-11-29,516500.SH,801150.SI,1.0
2024-11-29,516510.SH,801750.SI,0.7786556462255151
2024-11-29,516520.SH,801080.SI,0.5046709924510858
2024-11-29,516530.SH,801170.SI,1.0
2024-11-29,516570.SH,801030.SI,0.5338513411090534
2024-11-29,516580.SH,801730.SI,0.7281252236424806
2024-11-29,516610.SH,801150.SI,0.8990972764040494
2024-11-29,516620.SH,801760.SI,1.0
2024-11-29,516630.SH,801750.SI,0.7774744776600155
2024-11-29,516640.SH,801080.SI,0.9997636714002545
2024-11-29,516650.SH,801050.SI,1.0
2024-11-29,516670.SH,801010.SI,0.864688721307878
2024-11-29,516700.SH,801750.SI,0.9381567365589039
2024-11-29,516730.SH,801790.SI,1.0
2024-11-29,516750.SH,801710.SI,1.0
2024-11-29,516760.SH,801010.SI,0.8636310840880563
2024-11-29,516770.SH,801760.SI,0.9988392860366287
2024-11-29,516780.SH,801050.SI,0.5707976701246016
2024-11-29,516790.SH,801150.SI,0.8989000412962281
2024-11-29,516800.SH,801080.SI,0.5881677304700427
2024-11-29,516810.SH,801010.SI,0.7557017515409407
2024-11-29,516820.SH,801150.SI,0.924045046917694
2024-11-29,516850.SH,801730.SI,0.7294133614068615
2024-11-29,516860.SH,801750.SI,0.78590593354115
2024-11-29,516880.SH,801730.SI,0.8545798246085909
2024-11-29,516900.SH,801120.SI,1.0
2024-11-29,516910.SH,801170.SI,0.9999796023124753
2024-11-29,516920.SH,801080.SI,1.0
2024-11-29,516930.SH,801150.SI,1.0
2024-11-29,516950.SH,801720.SI,0.7498044036903251
2024-11-29,516960.SH,801730.SI,0.6270936394330342
2024-11-29,516970.SH,801720.SI,0.9488465263606537
2024-11-29,516980.SH,801790.SI,1.0
2024-11-29,517110.SH,801150.SI,0.5113972759634436
2024-11-29,517770.SH,801760.SI,0.5044616072765388
2024-11-29,560080.SH,801150.SI,1.0
2024-11-29,560090.SH,801790.SI,1.0
2024-11-29,560260.SH,801150.SI,0.9210537903136807
2024-11-29,560280.SH,801890.SI,0.7475649015019348
2024-11-29,560300.SH,801770.SI,0.7653627112438357
2024-11-29,560360.SH,801750.SI,1.0
2024-11-29,560580.SH,801160.SI,1.0
2024-11-29,560660.SH,801750.SI,0.6601966311754045
2024-11-29,560690.SH,801770.SI,0.7652494197030343
2024-11-29,560780.SH,801080.SI,1.0
2024-11-29,560850.SH,801750.SI,0.7678841512453661
2024-11-29,560860.SH,801050.SI,0.9990558746545677
2024-11-29,560880.SH,801110.SI,0.9675921290393352
2024-11-29,560900.SH,801150.SI,1.0
2024-11-29,560980.SH,801730.SI,1.0
2024-11-29,561010.SH,801750.SI,1.0
2024-11-29,561100.SH,801080.SI,0.9387030322822106
2024-11-29,561120.SH,801110.SI,0.9665927553556838
2024-11-29,561160.SH,801730.SI,0.8919988677938895
2024-11-29,561170.SH,801160.SI,0.9998151233246081
2024-11-29,561310.SH,801080.SI,0.9383317339686065
2024-11-29,561320.SH,801170.SI,0.9998994291007869
2024-11-29,561330.SH,801050.SI,1.0
2024-11-29,561360.SH,801960.SI,0.7909334080353838
2024-11-29,561510.SH,801150.SI,0.9999797433394435
2024-11-29,561560.SH,801160.SI,0.9995994176405114
2024-11-29,561600.SH,801080.SI,0.938643090230671
2024-11-29,561700.SH,801160.SI,1.0
2024-11-29,561760.SH,801960.SI,0.6975301299224771
2024-11-29,561800.SH,801050.SI,0.7049596976659326
2024-11-29,561910.SH,801730.SI,0.8916494267422559
2024-11-29,561920.SH,801150.SI,1.0
2024-11-29,561980.SH,801080.SI,0.9991987596911444
2024-11-29,562010.SH,801730.SI,0.515848220094486
2024-11-29,562030.SH,801750.SI,0.7718027115534308
2024-11-29,562350.SH,801160.SI,1.0
2024-11-29,562390.SH,801150.SI,1.0
2024-11-29,562550.SH,801160.SI,1.0
2024-11-29,562560.SH,801080.SI,0.8305881225682192
2024-11-29,562570.SH,801750.SI,0.768756201969052
2024-11-29,562590.SH,801080.SI,1.0
2024-11-29,562600.SH,801150.SI,0.8881511747030646
2024-11-29,562800.SH,801050.SI,0.7040211339381605
2024-11-29,562820.SH,801080.SI,1.0
2024-11-29,562860.SH,801150.SI,1.0
2024-11-29,562880.SH,801730.SI,0.8920627905511826
2024-11-29,562900.SH,801010.SI,0.9117276687162739
2024-11-29,562910.SH,801730.SI,0.6280079711818123
2024-11-29,562920.SH,801750.SI,0.8892839520364584
2024-11-29,562930.SH,801750.SI,1.0
2024-11-29,562950.SH,801080.SI,0.93922955642726
2024-11-29,562960.SH,801160.SI,1.0
2024-11-29,563010.SH,801770.SI,0.7650711943646844
2024-11-29,563150.SH,801960.SI,0.6975720392985529
2024-11-29,588200.SH,801080.SI,1.0
2024-11-29,588290.SH,801080.SI,1.0
2024-11-29,588700.SH,801150.SI,0.9257608233793025
2024-11-29,588830.SH,801730.SI,1.0
2024-11-29,588890.SH,801080.SI,1.0
2024-12-31,159301.SZ,801160.SI,1.0
2024-12-31,159306.SZ,801880.SI,0.5512025354029833
2024-12-31,159309.SZ,801960.SI,0.697747930735965
2024-12-31,159310.SZ,801080.SI,0.9995996300903734
2024-12-31,159327.SZ,801080.SI,1.0
2024-12-31,159507.SZ,801770.SI,0.9413674594694978
2024-12-31,159508.SZ,801150.SI,0.9088326913418002
2024-12-31,159511.SZ,801770.SI,0.8066887193816605
2024-12-31,159512.SZ,801880.SI,1.0
2024-12-31,159516.SZ,801080.SI,0.9997599739812589
2024-12-31,159527.SZ,801750.SI,0.7797556551042797
2024-12-31,159537.SZ,801080.SI,0.6351973908699321
2024-12-31,159538.SZ,801080.SI,0.5635985699958921
2024-12-31,159539.SZ,801080.SI,0.5628521928587241
2024-12-31,159540.SZ,801080.SI,0.6342688530423524
2024-12-31,159542.SZ,801890.SI,0.7475271862012498
2024-12-31,159546.SZ,801080.SI,1.0
2024-12-31,159558.SZ,801080.SI,1.0
2024-12-31,159560.SZ,801080.SI,0.9997395995512439
2024-12-31,159565.SZ,801880.SI,0.5381594484290714
2024-12-31,159566.SZ,801730.SI,0.8824080941544807
2024-12-31,159582.SZ,801080.SI,1.0
2024-12-31,159583.SZ,801770.SI,0.7780138680695431
2024-12-31,159586.SZ,801750.SI,1.0
2024-12-31,159588.SZ,801960.SI,0.8611706751242676
2024-12-31,159599.SZ,801080.SI,0.9936586353281059
2024-12-31,159608.SZ,801050.SI,0.7050208611083074
2024-12-31,159609.SZ,801730.SI,0.8545551026643268
2024-12-31,159611.SZ,801160.SI,1.0
2024-12-31,159613.SZ,801750.SI,0.8894815096299463
2024-12-31,159618.SZ,801730.SI,0.8554368232859254
2024-12-31,159619.SZ,801720.SI,0.750042461918729
2024-12-31,159625.SZ,801160.SI,1.0
2024-12-31,159635.SZ,801720.SI,0.750269912620367
2024-12-31,159638.SZ,801740.SI,0.9406440669261942
2024-12-31,159643.SZ,801150.SI,1.0
2024-12-31,159645.SZ,801150.SI,1.0
2024-12-31,159647.SZ,801150.SI,1.0
2024-12-31,159652.SZ,801050.SI,1.0
2024-12-31,159657.SZ,801150.SI,0.9989942731154876
2024-12-31,159662.SZ,801170.SI,0.9998084874397285
2024-12-31,159663.SZ,801890.SI,0.6545537498692643
2024-12-31,159665.SZ,801080.SI,0.9996831741438401
2024-12-31,159667.SZ,801890.SI,0.6543621206072368
2024-12-31,159669.SZ,801160.SI,1.0
2024-12-31,159671.SZ,801050.SI,0.7034831736465137
2024-12-31,159690.SZ,801050.SI,1.0
2024-12-31,159692.SZ,801790.SI,0.9997632984151824
2024-12-31,159695.SZ,801770.SI,0.9408258405165109
2024-12-31,159697.SZ,801960.SI,0.8613472940964302
2024-12-31,159698.SZ,801010.SI,0.5016160910302174
2024-12-31,159707.SZ,801180.SI,0.9998511942416524
2024-12-31,159713.SZ,801050.SI,0.5710220642372701
2024-12-31,159715.SZ,801050.SI,0.5713668571772297
2024-12-31,159730.SZ,801110.SI,0.8637859521988518
2024-12-31,159731.SZ,801030.SI,0.5328009029609935
2024-12-31,159732.SZ,801080.SI,1.0
2024-12-31,159736.SZ,801120.SI,0.9999259854581277
2024-12-31,159739.SZ,801750.SI,0.7775707625172472
2024-12-31,159745.SZ,801710.SI,0.9981113771180256
2024-12-31,159752.SZ,801730.SI,0.7272731493749828
2024-12-31,159755.SZ,801730.SI,0.5385974002458639
2024-12-31,159757.SZ,801730.SI,0.5385059836675784
2024-12-31,159760.SZ,801150.SI,0.9999125223418415
2024-12-31,159767.SZ,801730.SI,0.5375373632909785
2024-12-31,159768.SZ,801180.SI,0.9997445685860381
2024-12-31,159775.SZ,801730.SI,0.5372631965653842
2024-12-31,159779.SZ,801080.SI,0.938033195904391
2024-12-31,159786.SZ,801080.SI,0.9012369017281543
2024-12-31,159787.SZ,801710.SI,1.0
2024-12-31,159795.SZ,801080.SI,0.5011682484396875
2024-12-31,159796.SZ,801730.SI,0.8922859881911868
2024-12-31,159797.SZ,801150.SI,0.8877300954113717
2024-12-31,159801.SZ,801080.SI,1.0
2024-12-31,159805.SZ,801760.SI,0.9989688399290411
2024-12-31,159811.SZ,801770.SI,0.6759112492616499
2024-12-31,159813.SZ,801080.SI,0.9999251247483523
2024-12-31,159825.SZ,801010.SI,0.7552788678727751
2024-12-31,159827.SZ,801010.SI,0.7546239174178176
2024-12-31,159828.SZ,801150.SI,0.9200542388297887
2024-12-31,159835.SZ,801150.SI,1.0
2024-12-31,159837.SZ,801150.SI,1.0
2024-12-31,159838.SZ,801150.SI,0.9507201876312142
2024-12-31,159839.SZ,801150.SI,0.9103014025880114
2024-12-31,159840.SZ,801730.SI,0.5381961541558088
2024-12-31,159841.SZ,801790.SI,0.9999164528340241
2024-12-31,159842.SZ,801790.SI,0.999741278878509
2024-12-31,159843.SZ,801120.SI,0.9991260178721616
2024-12-31,159847.SZ,801150.SI,0.9212335926379354
2024-12-31,159848.SZ,801790.SI,1.0
2024-12-31,159849.SZ,801150.SI,0.9998031235475799
2024-12-31,159851.SZ,801750.SI,0.7788995152717495
2024-12-31,159852.SZ,801750.SI,1.0
2024-12-31,159855.SZ,801760.SI,1.0
2024-12-31,159857.SZ,801730.SI,0.8548076600022417
2024-12-31,159858.SZ,801150.SI,0.9996161368971627
2024-12-31,159859.SZ,801150.SI,0.910161940440712
2024-12-31,159861.SZ,801730.SI,0.619302612060922
2024-12-31,159862.SZ,801120.SI,1.0
2024-12-31,159863.SZ,801730.SI,0.8549305270824671
2024-12-31,159864.SZ,801730.SI,0.854462882510043
2024-12-31,159865.SZ,801010.SI,0.8612748188152883
2024-12-31,159867.SZ,801010.SI,0.8657420501279963
2024-12-31,159869.SZ,801760.SI,1.0
2024-12-31,159870.SZ,801030.SI,0.8774617305534896
2024-12-31,159871.SZ,801050.SI,1.0
2024-12-31,159873.SZ,801150.SI,0.8977499706381317
2024-12-31,159875.SZ,801730.SI,0.7278233439245129
2024-12-31,159876.SZ,801050.SI,1.0
2024-12-31,159877.SZ,801150.SI,0.8992698459054661
2024-12-31,159880.SZ,801050.SI,1.0
2024-12-31,159881.SZ,801050.SI,0.9983627426845042
2024-12-31,159883.SZ,801150.SI,0.8873522419313462
2024-12-31,159886.SZ,801730.SI,0.6260614156938445
2024-12-31,159887.SZ,801780.SI,0.9998949807826258
2024-12-31,159888.SZ,801080.SI,0.5014577347963615
2024-12-31,159889.SZ,801080.SI,0.5007740096779855
2024-12-31,159890.SZ,801750.SI,0.7776259107975675
2024-12-31,159891.SZ,801150.SI,0.8997955376538697
2024-12-31,159898.SZ,801150.SI,0.8891538825122244
2024-12-31,159899.SZ,801750.SI,0.9987712150141317
2024-12-31,159929.SZ,801150.SI,0.9541236786759231
2024-12-31,159930.SZ,801950.SI,0.5380802098079861
2024-12-31,159931.SZ,801780.SI,0.5406979823927248
2024-12-31,159933.SZ,801780.SI,0.531956904957702
2024-12-31,159938.SZ,801150.SI,0.9542913654983558
2024-12-31,159939.SZ,801080.SI,0.8304149312950533
2024-12-31,159940.SZ,801780.SI,0.5317659802916741
2024-12-31,159992.SZ,801150.SI,0.9999572205443382
2024-12-31,159993.SZ,801790.SI,1.0
2024-12-31,159995.SZ,801080.SI,1.0
2024-12-31,159996.SZ,801110.SI,0.9675981885121029
2024-12-31,159997.SZ,801080.SI,0.8977835486640801
2024-12-31,159998.SZ,801750.SI,0.9998374796748873
2024-12-31,510200.SH,801790.SI,0.9998123607553859
2024-12-31,510650.SH,801780.SI,0.6065501140342666
2024-12-31,510660.SH,801150.SI,1.0
2024-12-31,512000.SH,801790.SI,0.9999900721022926
2024-12-31,512010.SH,801150.SI,0.9542991075554679
2024-12-31,512070.SH,801790.SI,1.0
2024-12-31,512120.SH,801150.SI,0.9426122641267377
2024-12-31,512170.SH,801150.SI,0.9183016878857353
2024-12-31,512290.SH,801150.SI,0.9997159504571062
2024-12-31,512400.SH,801050.SI,0.9998919070130206
2024-12-31,512560.SH,801740.SI,0.9443844952668721
2024-12-31,512570.SH,801790.SI,1.0
2024-12-31,512580.SH,801730.SI,0.6163764297578731
2024-12-31,512640.SH,801780.SI,0.5314666805371976
2024-12-31,512660.SH,801740.SI,0.9442344587851949
2024-12-31,512670.SH,801740.SI,0.9997975386840388
2024-12-31,512680.SH,801740.SI,0.9436170038899576
2024-12-31,512690.SH,801120.SI,1.0
2024-12-31,512700.SH,801780.SI,0.9999936870550679
2024-12-31,512710.SH,801740.SI,0.9999680105182099
2024-12-31,512720.SH,801750.SI,0.9997720218984062
2024-12-31,512730.SH,801780.SI,1.0
2024-12-31,512760.SH,801080.SI,0.9999811877465019
2024-12-31,512800.SH,801780.SI,0.9999505790026376
2024-12-31,512810.SH,801740.SI,0.9436299228051858
2024-12-31,512820.SH,801780.SI,1.0
2024-12-31,512880.SH,801790.SI,0.9999881607110479
2024-12-31,512900.SH,801790.SI,0.9999448947648603
2024-12-31,512980.SH,801760.SI,1.0
2024-12-31,515010.SH,801790.SI,1.0
2024-12-31,515020.SH,801780.SI,1.0
2024-12-31,515120.SH,801150.SI,1.0
2024-12-31,515170.SH,801120.SI,1.0
2024-12-31,515210.SH,801040.SI,0.9996995525736068
2024-12-31,515220.SH,801950.SI,0.999915622813648
2024-12-31,515230.SH,801750.SI,0.999724674818695
2024-12-31,515250.SH,801080.SI,0.500396770213359
2024-12-31,515260.SH,801080.SI,0.897744519805125
2024-12-31,515290.SH,801780.SI,0.9999106905233148
2024-12-31,515320.SH,801080.SI,0.8981406043275622
2024-12-31,515400.SH,801750.SI,0.9380774788793834
2024-12-31,515560.SH,801790.SI,1.0
2024-12-31,515710.SH,801120.SI,0.9997506300290048
2024-12-31,515790.SH,801730.SI,0.8547942371575369
2024-12-31,515850.SH,801790.SI,0.9996594341618664
2024-12-31,515880.SH,801770.SI,0.6878755494224571
2024-12-31,515950.SH,801150.SI,0.9511249043762948
2024-12-31,515960.SH,801150.SI,0.882756690138289
2024-12-31,516000.SH,801750.SI,0.9383304247980366
2024-12-31,516010.SH,801760.SI,0.9995633836320417
2024-12-31,516020.SH,801030.SI,0.8771201190669756
2024-12-31,516060.SH,801150.SI,0.9995637014986594
2024-12-31,516080.SH,801150.SI,1.0
2024-12-31,516090.SH,801730.SI,0.727657112526573
2024-12-31,516100.SH,801750.SI,0.7840732375992715
2024-12-31,516120.SH,801030.SI,0.8765802257002193
2024-12-31,516150.SH,801050.SI,0.57127880267549
2024-12-31,516160.SH,801730.SI,0.7277835557971025
2024-12-31,516180.SH,801730.SI,0.8554602098726736
2024-12-31,516190.SH,801760.SI,0.7498232485155656
2024-12-31,516200.SH,801790.SI,1.0
2024-12-31,516210.SH,801780.SI,1.0
2024-12-31,516220.SH,801030.SI,0.8769735542680709
2024-12-31,516270.SH,801730.SI,0.7272437650584277
2024-12-31,516290.SH,801730.SI,0.854939009308016
2024-12-31,516310.SH,801780.SI,1.0
2024-12-31,516320.SH,801730.SI,0.6263981166869278
2024-12-31,516350.SH,801080.SI,1.0
2024-12-31,516500.SH,801150.SI,1.0
2024-12-31,516510.SH,801750.SI,0.7786556462255151
2024-12-31,516520.SH,801080.SI,0.5046709924510858
2024-12-31,516530.SH,801170.SI,1.0
2024-12-31,516570.SH,801030.SI,0.5338513411090534
2024-12-31,516580.SH,801730.SI,0.7281252236424806
2024-12-31,516610.SH,801150.SI,0.8990972764040494
2024-12-31,516620.SH,801760.SI,1.0
2024-12-31,516630.SH,801750.SI,0.7774744776600155
2024-12-31,516640.SH,801080.SI,0.9997636714002545
2024-12-31,516650.SH,801050.SI,1.0
2024-12-31,516670.SH,801010.SI,0.864688721307878
2024-12-31,516700.SH,801750.SI,0.9381567365589039
2024-12-31,516730.SH,801790.SI,1.0
2024-12-31,516750.SH,801710.SI,1.0
2024-12-31,516760.SH,801010.SI,0.8636310840880563
2024-12-31,516770.SH,801760.SI,0.9988392860366287
2024-12-31,516780.SH,801050.SI,0.5707976701246016
2024-12-31,516790.SH,801150.SI,0.8989000412962281
2024-12-31,516800.SH,801080.SI,0.5881677304700427
2024-12-31,516810.SH,801010.SI,0.7557017515409407
2024-12-31,516820.SH,801150.SI,0.924045046917694
2024-12-31,516850.SH,801730.SI,0.7294133614068615
2024-12-31,516860.SH,801750.SI,0.78590593354115
2024-12-31,516880.SH,801730.SI,0.8545798246085909
2024-12-31,516900.SH,801120.SI,1.0
2024-12-31,516910.SH,801170.SI,0.9999796023124753
2024-12-31,516920.SH,801080.SI,1.0
2024-12-31,516930.SH,801150.SI,1.0
2024-12-31,516950.SH,801720.SI,0.7498044036903251
2024-12-31,516960.SH,801730.SI,0.6270936394330342
2024-12-31,516970.SH,801720.SI,0.9488465263606537
2024-12-31,516980.SH,801790.SI,1.0
2024-12-31,517110.SH,801150.SI,0.5113972759634436
2024-12-31,517770.SH,801760.SI,0.5044616072765388
2024-12-31,560080.SH,801150.SI,1.0
2024-12-31,560090.SH,801790.SI,1.0
2024-12-31,560260.SH,801150.SI,0.9210537903136807
2024-12-31,560280.SH,801890.SI,0.7475649015019348
2024-12-31,560300.SH,801770.SI,0.7653627112438357
2024-12-31,560360.SH,801750.SI,1.0
2024-12-31,560580.SH,801160.SI,1.0
2024-12-31,560660.SH,801750.SI,0.6601966311754045
2024-12-31,560690.SH,801770.SI,0.7652494197030343
2024-12-31,560780.SH,801080.SI,1.0
2024-12-31,560850.SH,801750.SI,0.7678841512453661
2024-12-31,560860.SH,801050.SI,0.9990558746545677
2024-12-31,560880.SH,801110.SI,0.9675921290393352
2024-12-31,560900.SH,801150.SI,1.0
2024-12-31,560980.SH,801730.SI,1.0
2024-12-31,561010.SH,801750.SI,1.0
2024-12-31,561100.SH,801080.SI,0.9387030322822106
2024-12-31,561120.SH,801110.SI,0.9665927553556838
2024-12-31,561160.SH,801730.SI,0.8919988677938895
2024-12-31,561170.SH,801160.SI,0.9998151233246081
2024-12-31,561310.SH,801080.SI,0.9383317339686065
2024-12-31,561320.SH,801170.SI,0.9998994291007869
2024-12-31,561330.SH,801050.SI,1.0
2024-12-31,561360.SH,801960.SI,0.7909334080353838
2024-12-31,561510.SH,801150.SI,0.9999797433394435
2024-12-31,561560.SH,801160.SI,0.9995994176405114
2024-12-31,561600.SH,801080.SI,0.938643090230671
2024-12-31,561700.SH,801160.SI,1.0
2024-12-31,561760.SH,801960.SI,0.6975301299224771
2024-12-31,561800.SH,801050.SI,0.7049596976659326
2024-12-31,561910.SH,801730.SI,0.8916494267422559
2024-12-31,561920.SH,801150.SI,1.0
2024-12-31,561980.SH,801080.SI,0.9991987596911444
2024-12-31,562010.SH,801730.SI,0.515848220094486
2024-12-31,562030.SH,801750.SI,0.7718027115534308
2024-12-31,562350.SH,801160.SI,1.0
2024-12-31,562390.SH,801150.SI,1.0
2024-12-31,562550.SH,801160.SI,1.0
2024-12-31,562560.SH,801080.SI,0.8305881225682192
2024-12-31,562570.SH,801750.SI,0.768756201969052
2024-12-31,562590.SH,801080.SI,1.0
2024-12-31,562600.SH,801150.SI,0.8881511747030646
2024-12-31,562800.SH,801050.SI,0.7040211339381605
2024-12-31,562820.SH,801080.SI,1.0
2024-12-31,562860.SH,801150.SI,1.0
2024-12-31,562880.SH,801730.SI,0.8920627905511826
2024-12-31,562900.SH,801010.SI,0.9117276687162739
2024-12-31,562910.SH,801730.SI,0.6280079711818123
2024-12-31,562920.SH,801750.SI,0.8892839520364584
2024-12-31,562930.SH,801750.SI,1.0
2024-12-31,562950.SH,801080.SI,0.93922955642726
2024-12-31,562960.SH,801160.SI,1.0
2024-12-31,563010.SH,801770.SI,0.7650711943646844
2024-12-31,563150.SH,801960.SI,0.6975720392985529
2024-12-31,588200.SH,801080.SI,1.0
2024-12-31,588290.SH,801080.SI,1.0
2024-12-31,588700.SH,801150.SI,0.9257608233793025
2024-12-31,588830.SH,801730.SI,1.0
2024-12-31,588890.SH,801080.SI,1.0
2025-01-27,159301.SZ,801160.SI,1.0
2025-01-27,159306.SZ,801880.SI,0.5512025354029833
2025-01-27,159309.SZ,801960.SI,0.697747930735965
2025-01-27,159310.SZ,801080.SI,0.9995996300903734
2025-01-27,159327.SZ,801080.SI,1.0
2025-01-27,159363.SZ,801770.SI,0.6376440651816568
2025-01-27,159507.SZ,801770.SI,0.9413674594694978
2025-01-27,159508.SZ,801150.SI,0.9088326913418002
2025-01-27,159511.SZ,801770.SI,0.8066887193816605
2025-01-27,159512.SZ,801880.SI,1.0
2025-01-27,159516.SZ,801080.SI,0.9997599739812589
2025-01-27,159527.SZ,801750.SI,0.7797556551042797
2025-01-27,159537.SZ,801080.SI,0.6351973908699321
2025-01-27,159538.SZ,801080.SI,0.5635985699958921
2025-01-27,159539.SZ,801080.SI,0.5628521928587241
2025-01-27,159540.SZ,801080.SI,0.6342688530423524
2025-01-27,159542.SZ,801890.SI,0.7475271862012498
2025-01-27,159546.SZ,801080.SI,1.0
2025-01-27,159558.SZ,801080.SI,1.0
2025-01-27,159560.SZ,801080.SI,0.9997395995512439
2025-01-27,159565.SZ,801880.SI,0.5381594484290714
2025-01-27,159566.SZ,801730.SI,0.8824080941544807
2025-01-27,159582.SZ,801080.SI,1.0
2025-01-27,159583.SZ,801770.SI,0.7780138680695431
2025-01-27,159586.SZ,801750.SI,1.0
2025-01-27,159588.SZ,801960.SI,0.8611706751242676
2025-01-27,159599.SZ,801080.SI,0.9936586353281059
2025-01-27,159608.SZ,801050.SI,0.7050208611083074
2025-01-27,159609.SZ,801730.SI,0.8545551026643268
2025-01-27,159611.SZ,801160.SI,1.0
2025-01-27,159613.SZ,801750.SI,0.8894815096299463
2025-01-27,159618.SZ,801730.SI,0.8554368232859254
2025-01-27,159619.SZ,801720.SI,0.750042461918729
2025-01-27,159625.SZ,801160.SI,1.0
2025-01-27,159635.SZ,801720.SI,0.750269912620367
2025-01-27,159638.SZ,801740.SI,0.9406440669261942
2025-01-27,159643.SZ,801150.SI,1.0
2025-01-27,159645.SZ,801150.SI,1.0
2025-01-27,159647.SZ,801150.SI,1.0
2025-01-27,159652.SZ,801050.SI,1.0
2025-01-27,159657.SZ,801150.SI,0.9989942731154876
2025-01-27,159662.SZ,801170.SI,0.9998084874397285
2025-01-27,159663.SZ,801890.SI,0.6545537498692643
2025-01-27,159665.SZ,801080.SI,0.9996831741438401
2025-01-27,159667.SZ,801890.SI,0.6543621206072368
2025-01-27,159669.SZ,801160.SI,1.0
2025-01-27,159671.SZ,801050.SI,0.7034831736465137
2025-01-27,159690.SZ,801050.SI,1.0
2025-01-27,159692.SZ,801790.SI,0.9997632984151824
2025-01-27,159695.SZ,801770.SI,0.9408258405165109
2025-01-27,159697.SZ,801960.SI,0.8613472940964302
2025-01-27,159698.SZ,801010.SI,0.5016160910302174
2025-01-27,159707.SZ,801180.SI,0.9998511942416524
2025-01-27,159713.SZ,801050.SI,0.5710220642372701
2025-01-27,159715.SZ,801050.SI,0.5713668571772297
2025-01-27,159730.SZ,801110.SI,0.8637859521988518
2025-01-27,159731.SZ,801030.SI,0.5328009029609935
2025-01-27,159732.SZ,801080.SI,1.0
2025-01-27,159736.SZ,801120.SI,0.9999259854581277
2025-01-27,159739.SZ,801750.SI,0.7775707625172472
2025-01-27,159745.SZ,801710.SI,0.9981113771180256
2025-01-27,159752.SZ,801730.SI,0.7272731493749828
2025-01-27,159755.SZ,801730.SI,0.5385974002458639
2025-01-27,159757.SZ,801730.SI,0.5385059836675784
2025-01-27,159760.SZ,801150.SI,0.9999125223418415
2025-01-27,159767.SZ,801730.SI,0.5375373632909785
2025-01-27,159768.SZ,801180.SI,0.9997445685860381
2025-01-27,159775.SZ,801730.SI,0.5372631965653842
2025-01-27,159779.SZ,801080.SI,0.938033195904391
2025-01-27,159786.SZ,801080.SI,0.9012369017281543
2025-01-27,159787.SZ,801710.SI,1.0
2025-01-27,159795.SZ,801080.SI,0.5011682484396875
2025-01-27,159796.SZ,801730.SI,0.8922859881911868
2025-01-27,159797.SZ,801150.SI,0.8877300954113717
2025-01-27,159801.SZ,801080.SI,1.0
2025-01-27,159805.SZ,801760.SI,0.9989688399290411
2025-01-27,159811.SZ,801770.SI,0.6759112492616499
2025-01-27,159813.SZ,801080.SI,0.9999251247483523
2025-01-27,159825.SZ,801010.SI,0.7552788678727751
2025-01-27,159827.SZ,801010.SI,0.7546239174178176
2025-01-27,159828.SZ,801150.SI,0.9200542388297887
2025-01-27,159835.SZ,801150.SI,1.0
2025-01-27,159837.SZ,801150.SI,1.0
2025-01-27,159838.SZ,801150.SI,0.9507201876312142
2025-01-27,159839.SZ,801150.SI,0.9103014025880114
2025-01-27,159840.SZ,801730.SI,0.5381961541558088
2025-01-27,159841.SZ,801790.SI,0.9999164528340241
2025-01-27,159842.SZ,801790.SI,0.999741278878509
2025-01-27,159843.SZ,801120.SI,0.9991260178721616
2025-01-27,159847.SZ,801150.SI,0.9212335926379354
2025-01-27,159848.SZ,801790.SI,1.0
2025-01-27,159849.SZ,801150.SI,0.9998031235475799
2025-01-27,159851.SZ,801750.SI,0.7788995152717495
2025-01-27,159852.SZ,801750.SI,1.0
2025-01-27,159855.SZ,801760.SI,1.0
2025-01-27,159857.SZ,801730.SI,0.8548076600022417
2025-01-27,159858.SZ,801150.SI,0.9996161368971627
2025-01-27,159859.SZ,801150.SI,0.910161940440712
2025-01-27,159861.SZ,801730.SI,0.619302612060922
2025-01-27,159862.SZ,801120.SI,1.0
2025-01-27,159863.SZ,801730.SI,0.8549305270824671
2025-01-27,159864.SZ,801730.SI,0.854462882510043
2025-01-27,159865.SZ,801010.SI,0.8612748188152883
2025-01-27,159867.SZ,801010.SI,0.8657420501279963
2025-01-27,159869.SZ,801760.SI,1.0
2025-01-27,159870.SZ,801030.SI,0.8774617305534896
2025-01-27,159871.SZ,801050.SI,1.0
2025-01-27,159873.SZ,801150.SI,0.8977499706381317
2025-01-27,159875.SZ,801730.SI,0.7278233439245129
2025-01-27,159876.SZ,801050.SI,1.0
2025-01-27,159877.SZ,801150.SI,0.8992698459054661
2025-01-27,159880.SZ,801050.SI,1.0
2025-01-27,159881.SZ,801050.SI,0.9983627426845042
2025-01-27,159883.SZ,801150.SI,0.8873522419313462
2025-01-27,159886.SZ,801730.SI,0.6260614156938445
2025-01-27,159887.SZ,801780.SI,0.9998949807826258
2025-01-27,159888.SZ,801080.SI,0.5014577347963615
2025-01-27,159889.SZ,801080.SI,0.5007740096779855
2025-01-27,159890.SZ,801750.SI,0.7776259107975675
2025-01-27,159891.SZ,801150.SI,0.8997955376538697
2025-01-27,159898.SZ,801150.SI,0.8891538825122244
2025-01-27,159899.SZ,801750.SI,0.9987712150141317
2025-01-27,159929.SZ,801150.SI,0.9541236786759231
2025-01-27,159930.SZ,801950.SI,0.5380802098079861
2025-01-27,159931.SZ,801780.SI,0.5406979823927248
2025-01-27,159933.SZ,801780.SI,0.531956904957702
2025-01-27,159938.SZ,801150.SI,0.9542913654983558
2025-01-27,159939.SZ,801080.SI,0.8304149312950533
2025-01-27,159940.SZ,801780.SI,0.5317659802916741
2025-01-27,159992.SZ,801150.SI,0.9999572205443382
2025-01-27,159993.SZ,801790.SI,1.0
2025-01-27,159995.SZ,801080.SI,1.0
2025-01-27,159996.SZ,801110.SI,0.9675981885121029
2025-01-27,159997.SZ,801080.SI,0.8977835486640801
2025-01-27,159998.SZ,801750.SI,0.9998374796748873
2025-01-27,510200.SH,801790.SI,0.9998123607553859
2025-01-27,510650.SH,801780.SI,0.6065501140342666
2025-01-27,510660.SH,801150.SI,1.0
2025-01-27,512000.SH,801790.SI,0.9999900721022926
2025-01-27,512010.SH,801150.SI,0.9542991075554679
2025-01-27,512070.SH,801790.SI,1.0
2025-01-27,512120.SH,801150.SI,0.9426122641267377
2025-01-27,512170.SH,801150.SI,0.9183016878857353
2025-01-27,512290.SH,801150.SI,0.9997159504571062
2025-01-27,512400.SH,801050.SI,0.9998919070130206
2025-01-27,512560.SH,801740.SI,0.9443844952668721
2025-01-27,512570.SH,801790.SI,1.0
2025-01-27,512580.SH,801730.SI,0.6163764297578731
2025-01-27,512640.SH,801780.SI,0.5314666805371976
2025-01-27,512660.SH,801740.SI,0.9442344587851949
2025-01-27,512670.SH,801740.SI,0.9997975386840388
2025-01-27,512680.SH,801740.SI,0.9436170038899576
2025-01-27,512690.SH,801120.SI,1.0
2025-01-27,512700.SH,801780.SI,0.9999936870550679
2025-01-27,512710.SH,801740.SI,0.9999680105182099
2025-01-27,512720.SH,801750.SI,0.9997720218984062
2025-01-27,512730.SH,801780.SI,1.0
2025-01-27,512760.SH,801080.SI,0.9999811877465019
2025-01-27,512800.SH,801780.SI,0.9999505790026376
2025-01-27,512810.SH,801740.SI,0.9436299228051858
2025-01-27,512820.SH,801780.SI,1.0
2025-01-27,512880.SH,801790.SI,0.9999881607110479
2025-01-27,512900.SH,801790.SI,0.9999448947648603
2025-01-27,512980.SH,801760.SI,1.0
2025-01-27,515010.SH,801790.SI,1.0
2025-01-27,515020.SH,801780.SI,1.0
2025-01-27,515120.SH,801150.SI,1.0
2025-01-27,515170.SH,801120.SI,1.0
2025-01-27,515210.SH,801040.SI,0.9996995525736068
2025-01-27,515220.SH,801950.SI,0.999915622813648
2025-01-27,515230.SH,801750.SI,0.999724674818695
2025-01-27,515250.SH,801080.SI,0.500396770213359
2025-01-27,515260.SH,801080.SI,0.897744519805125
2025-01-27,515290.SH,801780.SI,0.9999106905233148
2025-01-27,515320.SH,801080.SI,0.8981406043275622
2025-01-27,515400.SH,801750.SI,0.9380774788793834
2025-01-27,515560.SH,801790.SI,1.0
2025-01-27,515710.SH,801120.SI,0.9997506300290048
2025-01-27,515790.SH,801730.SI,0.8547942371575369
2025-01-27,515850.SH,801790.SI,0.9996594341618664
2025-01-27,515880.SH,801770.SI,0.6878755494224571
2025-01-27,515950.SH,801150.SI,0.9511249043762948
2025-01-27,515960.SH,801150.SI,0.882756690138289
2025-01-27,516000.SH,801750.SI,0.9383304247980366
2025-01-27,516010.SH,801760.SI,0.9995633836320417
2025-01-27,516020.SH,801030.SI,0.8771201190669756
2025-01-27,516060.SH,801150.SI,0.9995637014986594
2025-01-27,516080.SH,801150.SI,1.0
2025-01-27,516090.SH,801730.SI,0.727657112526573
2025-01-27,516100.SH,801750.SI,0.7840732375992715
2025-01-27,516120.SH,801030.SI,0.8765802257002193
2025-01-27,516150.SH,801050.SI,0.57127880267549
2025-01-27,516160.SH,801730.SI,0.7277835557971025
2025-01-27,516180.SH,801730.SI,0.8554602098726736
2025-01-27,516190.SH,801760.SI,0.7498232485155656
2025-01-27,516200.SH,801790.SI,1.0
2025-01-27,516210.SH,801780.SI,1.0
2025-01-27,516220.SH,801030.SI,0.8769735542680709
2025-01-27,516270.SH,801730.SI,0.7272437650584277
2025-01-27,516290.SH,801730.SI,0.854939009308016
2025-01-27,516310.SH,801780.SI,1.0
2025-01-27,516320.SH,801730.SI,0.6263981166869278
2025-01-27,516350.SH,801080.SI,1.0
2025-01-27,516500.SH,801150.SI,1.0
2025-01-27,516510.SH,801750.SI,0.7786556462255151
2025-01-27,516520.SH,801080.SI,0.5046709924510858
2025-01-27,516530.SH,801170.SI,1.0
2025-01-27,516570.SH,801030.SI,0.5338513411090534
2025-01-27,516580.SH,801730.SI,0.7281252236424806
2025-01-27,516610.SH,801150.SI,0.8990972764040494
2025-01-27,516620.SH,801760.SI,1.0
2025-01-27,516630.SH,801750.SI,0.7774744776600155
2025-01-27,516640.SH,801080.SI,0.9997636714002545
2025-01-27,516650.SH,801050.SI,1.0
2025-01-27,516670.SH,801010.SI,0.864688721307878
2025-01-27,516700.SH,801750.SI,0.9381567365589039
2025-01-27,516730.SH,801790.SI,1.0
2025-01-27,516750.SH,801710.SI,1.0
2025-01-27,516760.SH,801010.SI,0.8636310840880563
2025-01-27,516770.SH,801760.SI,0.9988392860366287
2025-01-27,516780.SH,801050.SI,0.5707976701246016
2025-01-27,516790.SH,801150.SI,0.8989000412962281
2025-01-27,516800.SH,801080.SI,0.5881677304700427
2025-01-27,516810.SH,801010.SI,0.7557017515409407
2025-01-27,516820.SH,801150.SI,0.924045046917694
2025-01-27,516850.SH,801730.SI,0.7294133614068615
2025-01-27,516860.SH,801750.SI,0.78590593354115
2025-01-27,516880.SH,801730.SI,0.8545798246085909
2025-01-27,516900.SH,801120.SI,1.0
2025-01-27,516910.SH,801170.SI,0.9999796023124753
2025-01-27,516920.SH,801080.SI,1.0
2025-01-27,516930.SH,801150.SI,1.0
2025-01-27,516950.SH,801720.SI,0.7498044036903251
2025-01-27,516960.SH,801730.SI,0.6270936394330342
2025-01-27,516970.SH,801720.SI,0.9488465263606537
2025-01-27,516980.SH,801790.SI,1.0
2025-01-27,517110.SH,801150.SI,0.5113972759634436
2025-01-27,517770.SH,801760.SI,0.5044616072765388
2025-01-27,560080.SH,801150.SI,1.0
2025-01-27,560090.SH,801790.SI,1.0
2025-01-27,560260.SH,801150.SI,0.9210537903136807
2025-01-27,560280.SH,801890.SI,0.7475649015019348
2025-01-27,560300.SH,801770.SI,0.7653627112438357
2025-01-27,560360.SH,801750.SI,1.0
2025-01-27,560580.SH,801160.SI,1.0
2025-01-27,560660.SH,801750.SI,0.6601966311754045
2025-01-27,560690.SH,801770.SI,0.7652494197030343
2025-01-27,560780.SH,801080.SI,1.0
2025-01-27,560850.SH,801750.SI,0.7678841512453661
2025-01-27,560860.SH,801050.SI,0.9990558746545677
2025-01-27,560880.SH,801110.SI,0.9675921290393352
2025-01-27,560900.SH,801150.SI,1.0
2025-01-27,560980.SH,801730.SI,1.0
2025-01-27,561010.SH,801750.SI,1.0
2025-01-27,561100.SH,801080.SI,0.9387030322822106
2025-01-27,561120.SH,801110.SI,0.9665927553556838
2025-01-27,561160.SH,801730.SI,0.8919988677938895
2025-01-27,561170.SH,801160.SI,0.9998151233246081
2025-01-27,561310.SH,801080.SI,0.9383317339686065
2025-01-27,561320.SH,801170.SI,0.9998994291007869
2025-01-27,561330.SH,801050.SI,1.0
2025-01-27,561360.SH,801960.SI,0.7909334080353838
2025-01-27,561510.SH,801150.SI,0.9999797433394435
2025-01-27,561560.SH,801160.SI,0.9995994176405114
2025-01-27,561600.SH,801080.SI,0.938643090230671
2025-01-27,561700.SH,801160.SI,1.0
2025-01-27,561760.SH,801960.SI,0.6975301299224771
2025-01-27,561800.SH,801050.SI,0.7049596976659326
2025-01-27,561910.SH,801730.SI,0.8916494267422559
2025-01-27,561920.SH,801150.SI,1.0
2025-01-27,561980.SH,801080.SI,0.9991987596911444
2025-01-27,562010.SH,801730.SI,0.515848220094486
2025-01-27,562030.SH,801750.SI,0.7718027115534308
2025-01-27,562350.SH,801160.SI,1.0
2025-01-27,562390.SH,801150.SI,1.0
2025-01-27,562550.SH,801160.SI,1.0
2025-01-27,562560.SH,801080.SI,0.8305881225682192
2025-01-27,562570.SH,801750.SI,0.768756201969052
2025-01-27,562590.SH,801080.SI,1.0
2025-01-27,562600.SH,801150.SI,0.8881511747030646
2025-01-27,562800.SH,801050.SI,0.7040211339381605
2025-01-27,562820.SH,801080.SI,1.0
2025-01-27,562860.SH,801150.SI,1.0
2025-01-27,562880.SH,801730.SI,0.8920627905511826
2025-01-27,562900.SH,801010.SI,0.9117276687162739
2025-01-27,562910.SH,801730.SI,0.6280079711818123
2025-01-27,562920.SH,801750.SI,0.8892839520364584
2025-01-27,562930.SH,801750.SI,1.0
2025-01-27,562950.SH,801080.SI,0.93922955642726
2025-01-27,562960.SH,801160.SI,1.0
2025-01-27,563010.SH,801770.SI,0.7650711943646844
2025-01-27,563150.SH,801960.SI,0.6975720392985529
2025-01-27,588200.SH,801080.SI,1.0
2025-01-27,588290.SH,801080.SI,1.0
2025-01-27,588700.SH,801150.SI,0.9257608233793025
2025-01-27,588830.SH,801730.SI,1.0
2025-01-27,588890.SH,801080.SI,1.0
2025-02-28,159301.SZ,801160.SI,1.0
2025-02-28,159306.SZ,801880.SI,0.5512025354029833
2025-02-28,159309.SZ,801960.SI,0.697747930735965
2025-02-28,159310.SZ,801080.SI,0.9995996300903734
2025-02-28,159327.SZ,801080.SI,1.0
2025-02-28,159363.SZ,801770.SI,0.6376440651816568
2025-02-28,159507.SZ,801770.SI,0.9413674594694978
2025-02-28,159508.SZ,801150.SI,0.9088326913418002
2025-02-28,159511.SZ,801770.SI,0.8066887193816605
2025-02-28,159512.SZ,801880.SI,1.0
2025-02-28,159516.SZ,801080.SI,0.9997599739812589
2025-02-28,159527.SZ,801750.SI,0.7797556551042797
2025-02-28,159537.SZ,801080.SI,0.6351973908699321
2025-02-28,159538.SZ,801080.SI,0.5635985699958921
2025-02-28,159539.SZ,801080.SI,0.5628521928587241
2025-02-28,159540.SZ,801080.SI,0.6342688530423524
2025-02-28,159542.SZ,801890.SI,0.7475271862012498
2025-02-28,159546.SZ,801080.SI,1.0
2025-02-28,159558.SZ,801080.SI,1.0
2025-02-28,159560.SZ,801080.SI,0.9997395995512439
2025-02-28,159565.SZ,801880.SI,0.5381594484290714
2025-02-28,159566.SZ,801730.SI,0.8824080941544807
2025-02-28,159582.SZ,801080.SI,1.0
2025-02-28,159583.SZ,801770.SI,0.7780138680695431
2025-02-28,159586.SZ,801750.SI,1.0
2025-02-28,159588.SZ,801960.SI,0.8611706751242676
2025-02-28,159599.SZ,801080.SI,0.9936586353281059
2025-02-28,159608.SZ,801050.SI,0.7050208611083074
2025-02-28,159609.SZ,801730.SI,0.8545551026643268
2025-02-28,159611.SZ,801160.SI,1.0
2025-02-28,159613.SZ,801750.SI,0.8894815096299463
2025-02-28,159618.SZ,801730.SI,0.8554368232859254
2025-02-28,159619.SZ,801720.SI,0.750042461918729
2025-02-28,159625.SZ,801160.SI,1.0
2025-02-28,159635.SZ,801720.SI,0.750269912620367
2025-02-28,159638.SZ,801740.SI,0.9406440669261942
2025-02-28,159643.SZ,801150.SI,1.0
2025-02-28,159645.SZ,801150.SI,1.0
2025-02-28,159647.SZ,801150.SI,1.0
2025-02-28,159652.SZ,801050.SI,1.0
2025-02-28,159657.SZ,801150.SI,0.9989942731154876
2025-02-28,159662.SZ,801170.SI,0.9998084874397285
2025-02-28,159663.SZ,801890.SI,0.6545537498692643
2025-02-28,159665.SZ,801080.SI,0.9996831741438401
2025-02-28,159667.SZ,801890.SI,0.6543621206072368
2025-02-28,159669.SZ,801160.SI,1.0
2025-02-28,159671.SZ,801050.SI,0.7034831736465137
2025-02-28,159690.SZ,801050.SI,1.0
2025-02-28,159692.SZ,801790.SI,0.9997632984151824
2025-02-28,159695.SZ,801770.SI,0.9408258405165109
2025-02-28,159697.SZ,801960.SI,0.8613472940964302
2025-02-28,159698.SZ,801010.SI,0.5016160910302174
2025-02-28,159707.SZ,801180.SI,0.9998511942416524
2025-02-28,159713.SZ,801050.SI,0.5710220642372701
2025-02-28,159715.SZ,801050.SI,0.5713668571772297
2025-02-28,159730.SZ,801110.SI,0.8637859521988518
2025-02-28,159731.SZ,801030.SI,0.5328009029609935
2025-02-28,159732.SZ,801080.SI,1.0
2025-02-28,159736.SZ,801120.SI,0.9999259854581277
2025-02-28,159739.SZ,801750.SI,0.7775707625172472
2025-02-28,159745.SZ,801710.SI,0.9981113771180256
2025-02-28,159752.SZ,801730.SI,0.7272731493749828
2025-02-28,159755.SZ,801730.SI,0.5385974002458639
2025-02-28,159757.SZ,801730.SI,0.5385059836675784
2025-02-28,159760.SZ,801150.SI,0.9999125223418415
2025-02-28,159767.SZ,801730.SI,0.5375373632909785
2025-02-28,159768.SZ,801180.SI,0.9997445685860381
2025-02-28,159775.SZ,801730.SI,0.5372631965653842
2025-02-28,159779.SZ,801080.SI,0.938033195904391
2025-02-28,159786.SZ,801080.SI,0.9012369017281543
2025-02-28,159787.SZ,801710.SI,1.0
2025-02-28,159795.SZ,801080.SI,0.5011682484396875
2025-02-28,159796.SZ,801730.SI,0.8922859881911868
2025-02-28,159797.SZ,801150.SI,0.8877300954113717
2025-02-28,159801.SZ,801080.SI,1.0
2025-02-28,159805.SZ,801760.SI,0.9989688399290411
2025-02-28,159811.SZ,801770.SI,0.6759112492616499
2025-02-28,159813.SZ,801080.SI,0.9999251247483523
2025-02-28,159825.SZ,801010.SI,0.7552788678727751
2025-02-28,159827.SZ,801010.SI,0.7546239174178176
2025-02-28,159828.SZ,801150.SI,0.9200542388297887
2025-02-28,159835.SZ,801150.SI,1.0
2025-02-28,159837.SZ,801150.SI,1.0
2025-02-28,159838.SZ,801150.SI,0.9507201876312142
2025-02-28,159839.SZ,801150.SI,0.9103014025880114
2025-02-28,159840.SZ,801730.SI,0.5381961541558088
2025-02-28,159841.SZ,801790.SI,0.9999164528340241
2025-02-28,159842.SZ,801790.SI,0.999741278878509
2025-02-28,159843.SZ,801120.SI,0.9991260178721616
2025-02-28,159847.SZ,801150.SI,0.9212335926379354
2025-02-28,159848.SZ,801790.SI,1.0
2025-02-28,159849.SZ,801150.SI,0.9998031235475799
2025-02-28,159851.SZ,801750.SI,0.7788995152717495
2025-02-28,159852.SZ,801750.SI,1.0
2025-02-28,159855.SZ,801760.SI,1.0
2025-02-28,159857.SZ,801730.SI,0.8548076600022417
2025-02-28,159858.SZ,801150.SI,0.9996161368971627
2025-02-28,159859.SZ,801150.SI,0.910161940440712
2025-02-28,159861.SZ,801730.SI,0.619302612060922
2025-02-28,159862.SZ,801120.SI,1.0
2025-02-28,159863.SZ,801730.SI,0.8549305270824671
2025-02-28,159864.SZ,801730.SI,0.854462882510043
2025-02-28,159865.SZ,801010.SI,0.8612748188152883
2025-02-28,159867.SZ,801010.SI,0.8657420501279963
2025-02-28,159869.SZ,801760.SI,1.0
2025-02-28,159870.SZ,801030.SI,0.8774617305534896
2025-02-28,159871.SZ,801050.SI,1.0
2025-02-28,159873.SZ,801150.SI,0.8977499706381317
2025-02-28,159875.SZ,801730.SI,0.7278233439245129
2025-02-28,159876.SZ,801050.SI,1.0
2025-02-28,159877.SZ,801150.SI,0.8992698459054661
2025-02-28,159880.SZ,801050.SI,1.0
2025-02-28,159881.SZ,801050.SI,0.9983627426845042
2025-02-28,159883.SZ,801150.SI,0.8873522419313462
2025-02-28,159886.SZ,801730.SI,0.6260614156938445
2025-02-28,159887.SZ,801780.SI,0.9998949807826258
2025-02-28,159888.SZ,801080.SI,0.5014577347963615
2025-02-28,159889.SZ,801080.SI,0.5007740096779855
2025-02-28,159890.SZ,801750.SI,0.7776259107975675
2025-02-28,159891.SZ,801150.SI,0.8997955376538697
2025-02-28,159898.SZ,801150.SI,0.8891538825122244
2025-02-28,159899.SZ,801750.SI,0.9987712150141317
2025-02-28,159929.SZ,801150.SI,0.9541236786759231
2025-02-28,159930.SZ,801950.SI,0.5380802098079861
2025-02-28,159931.SZ,801780.SI,0.5406979823927248
2025-02-28,159933.SZ,801780.SI,0.531956904957702
2025-02-28,159938.SZ,801150.SI,0.9542913654983558
2025-02-28,159939.SZ,801080.SI,0.8304149312950533
2025-02-28,159940.SZ,801780.SI,0.5317659802916741
2025-02-28,159992.SZ,801150.SI,0.9999572205443382
2025-02-28,159993.SZ,801790.SI,1.0
2025-02-28,159995.SZ,801080.SI,1.0
2025-02-28,159996.SZ,801110.SI,0.9675981885121029
2025-02-28,159997.SZ,801080.SI,0.8977835486640801
2025-02-28,159998.SZ,801750.SI,0.9998374796748873
2025-02-28,510200.SH,801790.SI,0.9998123607553859
2025-02-28,510650.SH,801780.SI,0.6065501140342666
2025-02-28,510660.SH,801150.SI,1.0
2025-02-28,512000.SH,801790.SI,0.9999900721022926
2025-02-28,512010.SH,801150.SI,0.9542991075554679
2025-02-28,512070.SH,801790.SI,1.0
2025-02-28,512120.SH,801150.SI,0.9426122641267377
2025-02-28,512170.SH,801150.SI,0.9183016878857353
2025-02-28,512290.SH,801150.SI,0.9997159504571062
2025-02-28,512400.SH,801050.SI,0.9998919070130206
2025-02-28,512560.SH,801740.SI,0.9443844952668721
2025-02-28,512570.SH,801790.SI,1.0
2025-02-28,512580.SH,801730.SI,0.6163764297578731
2025-02-28,512640.SH,801780.SI,0.5314666805371976
2025-02-28,512660.SH,801740.SI,0.9442344587851949
2025-02-28,512670.SH,801740.SI,0.9997975386840388
2025-02-28,512680.SH,801740.SI,0.9436170038899576
2025-02-28,512690.SH,801120.SI,1.0
2025-02-28,512700.SH,801780.SI,0.9999936870550679
2025-02-28,512710.SH,801740.SI,0.9999680105182099
2025-02-28,512720.SH,801750.SI,0.9997720218984062
2025-02-28,512730.SH,801780.SI,1.0
2025-02-28,512760.SH,801080.SI,0.9999811877465019
2025-02-28,512800.SH,801780.SI,0.9999505790026376
2025-02-28,512810.SH,801740.SI,0.9436299228051858
2025-02-28,512820.SH,801780.SI,1.0
2025-02-28,512880.SH,801790.SI,0.9999881607110479
2025-02-28,512900.SH,801790.SI,0.9999448947648603
2025-02-28,512980.SH,801760.SI,1.0
2025-02-28,515010.SH,801790.SI,1.0
2025-02-28,515020.SH,801780.SI,1.0
2025-02-28,515120.SH,801150.SI,1.0
2025-02-28,515170.SH,801120.SI,1.0
2025-02-28,515210.SH,801040.SI,0.9996995525736068
2025-02-28,515220.SH,801950.SI,0.999915622813648
2025-02-28,515230.SH,801750.SI,0.999724674818695
2025-02-28,515250.SH,801080.SI,0.500396770213359
2025-02-28,515260.SH,801080.SI,0.897744519805125
2025-02-28,515290.SH,801780.SI,0.9999106905233148
2025-02-28,515320.SH,801080.SI,0.8981406043275622
2025-02-28,515400.SH,801750.SI,0.9380774788793834
2025-02-28,515560.SH,801790.SI,1.0
2025-02-28,515710.SH,801120.SI,0.9997506300290048
2025-02-28,515790.SH,801730.SI,0.8547942371575369
2025-02-28,515850.SH,801790.SI,0.9996594341618664
2025-02-28,515880.SH,801770.SI,0.6878755494224571
2025-02-28,515950.SH,801150.SI,0.9511249043762948
2025-02-28,515960.SH,801150.SI,0.882756690138289
2025-02-28,516000.SH,801750.SI,0.9383304247980366
2025-02-28,516010.SH,801760.SI,0.9995633836320417
2025-02-28,516020.SH,801030.SI,0.8771201190669756
2025-02-28,516060.SH,801150.SI,0.9995637014986594
2025-02-28,516080.SH,801150.SI,1.0
2025-02-28,516090.SH,801730.SI,0.727657112526573
2025-02-28,516100.SH,801750.SI,0.7840732375992715
2025-02-28,516120.SH,801030.SI,0.8765802257002193
2025-02-28,516150.SH,801050.SI,0.57127880267549
2025-02-28,516160.SH,801730.SI,0.7277835557971025
2025-02-28,516180.SH,801730.SI,0.8554602098726736
2025-02-28,516190.SH,801760.SI,0.7498232485155656
2025-02-28,516200.SH,801790.SI,1.0
2025-02-28,516210.SH,801780.SI,1.0
2025-02-28,516220.SH,801030.SI,0.8769735542680709
2025-02-28,516270.SH,801730.SI,0.7272437650584277
2025-02-28,516290.SH,801730.SI,0.854939009308016
2025-02-28,516310.SH,801780.SI,1.0
2025-02-28,516320.SH,801730.SI,0.6263981166869278
2025-02-28,516350.SH,801080.SI,1.0
2025-02-28,516500.SH,801150.SI,1.0
2025-02-28,516510.SH,801750.SI,0.7786556462255151
2025-02-28,516520.SH,801080.SI,0.5046709924510858
2025-02-28,516530.SH,801170.SI,1.0
2025-02-28,516570.SH,801030.SI,0.5338513411090534
2025-02-28,516580.SH,801730.SI,0.7281252236424806
2025-02-28,516610.SH,801150.SI,0.8990972764040494
2025-02-28,516620.SH,801760.SI,1.0
2025-02-28,516630.SH,801750.SI,0.7774744776600155
2025-02-28,516640.SH,801080.SI,0.9997636714002545
2025-02-28,516650.SH,801050.SI,1.0
2025-02-28,516670.SH,801010.SI,0.864688721307878
2025-02-28,516700.SH,801750.SI,0.9381567365589039
2025-02-28,516730.SH,801790.SI,1.0
2025-02-28,516750.SH,801710.SI,1.0
2025-02-28,516760.SH,801010.SI,0.8636310840880563
2025-02-28,516770.SH,801760.SI,0.9988392860366287
2025-02-28,516780.SH,801050.SI,0.5707976701246016
2025-02-28,516790.SH,801150.SI,0.8989000412962281
2025-02-28,516800.SH,801080.SI,0.5881677304700427
2025-02-28,516810.SH,801010.SI,0.7557017515409407
2025-02-28,516820.SH,801150.SI,0.924045046917694
2025-02-28,516850.SH,801730.SI,0.7294133614068615
2025-02-28,516860.SH,801750.SI,0.78590593354115
2025-02-28,516880.SH,801730.SI,0.8545798246085909
2025-02-28,516900.SH,801120.SI,1.0
2025-02-28,516910.SH,801170.SI,0.9999796023124753
2025-02-28,516920.SH,801080.SI,1.0
2025-02-28,516930.SH,801150.SI,1.0
2025-02-28,516950.SH,801720.SI,0.7498044036903251
2025-02-28,516960.SH,801730.SI,0.6270936394330342
2025-02-28,516970.SH,801720.SI,0.9488465263606537
2025-02-28,516980.SH,801790.SI,1.0
2025-02-28,517110.SH,801150.SI,0.5113972759634436
2025-02-28,517770.SH,801760.SI,0.5044616072765388
2025-02-28,560080.SH,801150.SI,1.0
2025-02-28,560090.SH,801790.SI,1.0
2025-02-28,560260.SH,801150.SI,0.9210537903136807
2025-02-28,560280.SH,801890.SI,0.7475649015019348
2025-02-28,560300.SH,801770.SI,0.7653627112438357
2025-02-28,560360.SH,801750.SI,1.0
2025-02-28,560580.SH,801160.SI,1.0
2025-02-28,560660.SH,801750.SI,0.6601966311754045
2025-02-28,560690.SH,801770.SI,0.7652494197030343
2025-02-28,560780.SH,801080.SI,1.0
2025-02-28,560850.SH,801750.SI,0.7678841512453661
2025-02-28,560860.SH,801050.SI,0.9990558746545677
2025-02-28,560880.SH,801110.SI,0.9675921290393352
2025-02-28,560900.SH,801150.SI,1.0
2025-02-28,560980.SH,801730.SI,1.0
2025-02-28,561010.SH,801750.SI,1.0
2025-02-28,561100.SH,801080.SI,0.9387030322822106
2025-02-28,561120.SH,801110.SI,0.9665927553556838
2025-02-28,561160.SH,801730.SI,0.8919988677938895
2025-02-28,561170.SH,801160.SI,0.9998151233246081
2025-02-28,561310.SH,801080.SI,0.9383317339686065
2025-02-28,561320.SH,801170.SI,0.9998994291007869
2025-02-28,561330.SH,801050.SI,1.0
2025-02-28,561360.SH,801960.SI,0.7909334080353838
2025-02-28,561510.SH,801150.SI,0.9999797433394435
2025-02-28,561560.SH,801160.SI,0.9995994176405114
2025-02-28,561600.SH,801080.SI,0.938643090230671
2025-02-28,561700.SH,801160.SI,1.0
2025-02-28,561760.SH,801960.SI,0.6975301299224771
2025-02-28,561800.SH,801050.SI,0.7049596976659326
2025-02-28,561910.SH,801730.SI,0.8916494267422559
2025-02-28,561920.SH,801150.SI,1.0
2025-02-28,561980.SH,801080.SI,0.9991987596911444
2025-02-28,562010.SH,801730.SI,0.515848220094486
2025-02-28,562030.SH,801750.SI,0.7718027115534308
2025-02-28,562350.SH,801160.SI,1.0
2025-02-28,562390.SH,801150.SI,1.0
2025-02-28,562550.SH,801160.SI,1.0
2025-02-28,562560.SH,801080.SI,0.8305881225682192
2025-02-28,562570.SH,801750.SI,0.768756201969052
2025-02-28,562590.SH,801080.SI,1.0
2025-02-28,562600.SH,801150.SI,0.8881511747030646
2025-02-28,562800.SH,801050.SI,0.7040211339381605
2025-02-28,562820.SH,801080.SI,1.0
2025-02-28,562860.SH,801150.SI,1.0
2025-02-28,562880.SH,801730.SI,0.8920627905511826
2025-02-28,562900.SH,801010.SI,0.9117276687162739
2025-02-28,562910.SH,801730.SI,0.6280079711818123
2025-02-28,562920.SH,801750.SI,0.8892839520364584
2025-02-28,562930.SH,801750.SI,1.0
2025-02-28,562950.SH,801080.SI,0.93922955642726
2025-02-28,562960.SH,801160.SI,1.0
2025-02-28,563010.SH,801770.SI,0.7650711943646844
2025-02-28,563150.SH,801960.SI,0.6975720392985529
2025-02-28,588200.SH,801080.SI,1.0
2025-02-28,588290.SH,801080.SI,1.0
2025-02-28,588700.SH,801150.SI,0.9257608233793025
2025-02-28,588830.SH,801730.SI,1.0
2025-02-28,588890.SH,801080.SI,1.0
2025-03-31,159301.SZ,801160.SI,0.9519021841957532
2025-03-31,159305.SZ,801730.SI,0.7558609948391
2025-03-31,159306.SZ,801880.SI,0.6669810501179249
2025-03-31,159309.SZ,801960.SI,0.6573475052542188
2025-03-31,159310.SZ,801080.SI,0.9711098034876872
2025-03-31,159325.SZ,801080.SI,0.9577509703117745
2025-03-31,159326.SZ,801730.SI,0.8017939368391869
2025-03-31,159327.SZ,801080.SI,0.9647002471882276
2025-03-31,159363.SZ,801770.SI,0.6376440651816568
2025-03-31,159507.SZ,801770.SI,0.8362623031171682
2025-03-31,159508.SZ,801150.SI,0.9313735186728355
2025-03-31,159511.SZ,801770.SI,0.5939026888560165
2025-03-31,159512.SZ,801880.SI,0.9873389099432971
2025-03-31,159516.SZ,801080.SI,0.9645629670021388
2025-03-31,159526.SZ,801890.SI,0.5586868221194743
2025-03-31,159527.SZ,801750.SI,0.7866012184240924
2025-03-31,159530.SZ,801890.SI,0.5194057224807251
2025-03-31,159542.SZ,801890.SI,0.7441328780008669
2025-03-31,159546.SZ,801080.SI,0.9487176952304878
2025-03-31,159551.SZ,801890.SI,0.5547422022225112
2025-03-31,159558.SZ,801080.SI,0.9646839606289899
2025-03-31,159559.SZ,801890.SI,0.519721245854467
2025-03-31,159560.SZ,801080.SI,0.971345355902751
2025-03-31,159565.SZ,801880.SI,0.6665227921858486
2025-03-31,159566.SZ,801730.SI,0.7559540296154872
2025-03-31,159582.SZ,801080.SI,0.997721234474205
2025-03-31,159583.SZ,801770.SI,0.703901299586477
2025-03-31,159586.SZ,801750.SI,0.9418978150636825
2025-03-31,159588.SZ,801960.SI,0.6935656181609935
2025-03-31,159590.SZ,801750.SI,0.9898074291798244
2025-03-31,159599.SZ,801080.SI,0.9701373720409762
2025-03-31,159608.SZ,801050.SI,0.7282403648211874
2025-03-31,159609.SZ,801730.SI,0.769307887227412
2025-03-31,159611.SZ,801160.SI,0.9996909192524557
2025-03-31,159613.SZ,801750.SI,0.7765860972734864
2025-03-31,159618.SZ,801730.SI,0.7699964355455982
2025-03-31,159619.SZ,801720.SI,0.7182562599247643
2025-03-31,159622.SZ,801150.SI,0.6601290455692739
2025-03-31,159625.SZ,801160.SI,0.966029178801021
2025-03-31,159635.SZ,801720.SI,0.7186528741994421
2025-03-31,159638.SZ,801740.SI,0.8792169333831578
2025-03-31,159643.SZ,801150.SI,0.996953480044022
2025-03-31,159645.SZ,801150.SI,0.9969297316948297
2025-03-31,159647.SZ,801150.SI,1.0
2025-03-31,159652.SZ,801050.SI,0.9476337599586822
2025-03-31,159657.SZ,801150.SI,0.9951473753608668
2025-03-31,159662.SZ,801170.SI,0.9807392833423602
2025-03-31,159663.SZ,801890.SI,0.7435754687639273
2025-03-31,159665.SZ,801080.SI,0.9541948448592756
2025-03-31,159667.SZ,801890.SI,0.7434622257566537
2025-03-31,159669.SZ,801160.SI,0.9660084802387611
2025-03-31,159671.SZ,801050.SI,0.7291074287189804
2025-03-31,159690.SZ,801050.SI,0.984244469491286
2025-03-31,159692.SZ,801790.SI,0.9997322376346728
2025-03-31,159695.SZ,801770.SI,0.8364128793433225
2025-03-31,159697.SZ,801960.SI,0.6936167893101162
2025-03-31,159707.SZ,801180.SI,0.9989882489046571
2025-03-31,159713.SZ,801050.SI,0.5912869989147705
2025-03-31,159715.SZ,801050.SI,0.5910225736039568
2025-03-31,159730.SZ,801110.SI,0.8985599946495065
2025-03-31,159731.SZ,801030.SI,0.579162826288522
2025-03-31,159732.SZ,801080.SI,0.9242674570459296
2025-03-31,159736.SZ,801120.SI,0.9439346215743696
2025-03-31,159738.SZ,801750.SI,0.5270821446299736
2025-03-31,159739.SZ,801750.SI,0.7858965766358641
2025-03-31,159745.SZ,801710.SI,0.925715912495406
2025-03-31,159748.SZ,801150.SI,0.6581247103456036
2025-03-31,159752.SZ,801730.SI,0.6918390118785023
2025-03-31,159755.SZ,801730.SI,0.6358787051494773
2025-03-31,159757.SZ,801730.SI,0.6356220691423401
2025-03-31,159760.SZ,801150.SI,0.9665752114986924
2025-03-31,159767.SZ,801730.SI,0.6382855329475813
2025-03-31,159768.SZ,801180.SI,0.9992478111204794
2025-03-31,159770.SZ,801890.SI,0.5586166677877688
2025-03-31,159775.SZ,801730.SI,0.6356413826648365
2025-03-31,159779.SZ,801080.SI,0.9032488550302473
2025-03-31,159786.SZ,801080.SI,0.7317936058090918
2025-03-31,159787.SZ,801710.SI,0.9268445771259979
2025-03-31,159796.SZ,801730.SI,0.8548277701985755
2025-03-31,159797.SZ,801150.SI,0.9551779456537735
2025-03-31,159801.SZ,801080.SI,0.9549110782324558
2025-03-31,159805.SZ,801760.SI,0.9121066537892422
2025-03-31,159813.SZ,801080.SI,0.9550082979380009
2025-03-31,159825.SZ,801010.SI,0.7451457217568906
2025-03-31,159827.SZ,801010.SI,0.7444235368748446
2025-03-31,159828.SZ,801150.SI,0.9440189804287987
2025-03-31,159835.SZ,801150.SI,1.0
2025-03-31,159837.SZ,801150.SI,0.9996561647031468
2025-03-31,159838.SZ,801150.SI,0.9756689161580194
2025-03-31,159839.SZ,801150.SI,0.9315485371891326
2025-03-31,159840.SZ,801730.SI,0.6357543863292947
2025-03-31,159841.SZ,801790.SI,0.9999206929416762
2025-03-31,159842.SZ,801790.SI,0.9998250982094059
2025-03-31,159843.SZ,801120.SI,0.9575286190344144
2025-03-31,159847.SZ,801150.SI,0.9436928318565128
2025-03-31,159848.SZ,801790.SI,0.9999131233928947
2025-03-31,159849.SZ,801150.SI,1.0
2025-03-31,159851.SZ,801750.SI,0.8513832589247571
2025-03-31,159852.SZ,801750.SI,0.9527214997020779
2025-03-31,159855.SZ,801760.SI,0.9259961772238593
2025-03-31,159857.SZ,801730.SI,0.7701766509059957
2025-03-31,159858.SZ,801150.SI,0.9997836586549396
2025-03-31,159859.SZ,801150.SI,0.930929939433867
2025-03-31,159861.SZ,801730.SI,0.697164743283091
2025-03-31,159862.SZ,801120.SI,0.960456117660011
2025-03-31,159863.SZ,801730.SI,0.7703537090701326
2025-03-31,159864.SZ,801730.SI,0.7694885685530709
2025-03-31,159865.SZ,801010.SI,0.8423888055263543
2025-03-31,159867.SZ,801010.SI,0.8420436554663496
2025-03-31,159869.SZ,801760.SI,0.9540282983096352
2025-03-31,159870.SZ,801030.SI,0.7635541096794215
2025-03-31,159871.SZ,801050.SI,0.9477157706749526
2025-03-31,159873.SZ,801150.SI,0.9550847331442959
2025-03-31,159875.SZ,801730.SI,0.7385507475514765
2025-03-31,159876.SZ,801050.SI,0.9473793569984778
2025-03-31,159877.SZ,801150.SI,0.9571542628640001
2025-03-31,159880.SZ,801050.SI,0.9321274772206449
2025-03-31,159881.SZ,801050.SI,0.9468619802369569
2025-03-31,159883.SZ,801150.SI,0.9549058384519559
2025-03-31,159886.SZ,801730.SI,0.6305447129711704
2025-03-31,159887.SZ,801780.SI,0.999835045115134
2025-03-31,159890.SZ,801750.SI,0.7861471798373383
2025-03-31,159891.SZ,801150.SI,0.9570273001103923
2025-03-31,159898.SZ,801150.SI,0.9529646910311543
2025-03-31,159899.SZ,801750.SI,0.9884126151693857
2025-03-31,159929.SZ,801150.SI,0.9684821706090873
2025-03-31,159930.SZ,801950.SI,0.5502296640724633
2025-03-31,159933.SZ,801780.SI,0.5192307415487396
2025-03-31,159938.SZ,801150.SI,0.9716058362495084
2025-03-31,159939.SZ,801080.SI,0.7216075323550081
2025-03-31,159992.SZ,801150.SI,0.9999594592573142
2025-03-31,159993.SZ,801790.SI,1.0
2025-03-31,159995.SZ,801080.SI,0.9549929158043472
2025-03-31,159996.SZ,801110.SI,0.8939997945520832
2025-03-31,159997.SZ,801080.SI,0.8439233534123859
2025-03-31,159998.SZ,801750.SI,0.9149068191166829
2025-03-31,510200.SH,801790.SI,0.9997394317361458
2025-03-31,510650.SH,801780.SI,0.5981446498508163
2025-03-31,510660.SH,801150.SI,0.9993957678325736
2025-03-31,512000.SH,801790.SI,0.9999859858410066
2025-03-31,512010.SH,801150.SI,0.9507977146311818
2025-03-31,512070.SH,801790.SI,0.9999628006945699
2025-03-31,512120.SH,801150.SI,0.9738231993409808
2025-03-31,512170.SH,801150.SI,0.9437976634092411
2025-03-31,512290.SH,801150.SI,0.9998694137966394
2025-03-31,512400.SH,801050.SI,0.9888236147355182
2025-03-31,512560.SH,801740.SI,0.7988761456047463
2025-03-31,512570.SH,801790.SI,0.9996298648691222
2025-03-31,512580.SH,801730.SI,0.6411970953954255
2025-03-31,512660.SH,801740.SI,0.7990833376687521
2025-03-31,512670.SH,801740.SI,0.904042930562462
2025-03-31,512680.SH,801740.SI,0.7991945697748336
2025-03-31,512690.SH,801120.SI,0.9963126800788837
2025-03-31,512700.SH,801780.SI,0.9999973577026461
2025-03-31,512710.SH,801740.SI,0.9848832240308779
2025-03-31,512720.SH,801750.SI,0.9145475615833336
2025-03-31,512730.SH,801780.SI,1.0
2025-03-31,512760.SH,801080.SI,0.9628067442219889
2025-03-31,512800.SH,801780.SI,0.9999409157652976
2025-03-31,512810.SH,801740.SI,0.7984002075571711
2025-03-31,512820.SH,801780.SI,1.0
2025-03-31,512880.SH,801790.SI,0.9999873999146501
2025-03-31,512900.SH,801790.SI,0.9999422416268062
2025-03-31,512980.SH,801760.SI,0.9131531751352023
2025-03-31,515010.SH,801790.SI,0.9996505516854047
2025-03-31,515020.SH,801780.SI,0.9996806129322997
2025-03-31,515120.SH,801150.SI,0.9998277899212457
2025-03-31,515170.SH,801120.SI,0.960247606764875
2025-03-31,515210.SH,801040.SI,0.9431466663296512
2025-03-31,515220.SH,801950.SI,0.9864463988777726
2025-03-31,515230.SH,801750.SI,0.989385623755228
2025-03-31,515260.SH,801080.SI,0.8620106693646244
2025-03-31,515290.SH,801780.SI,0.9998740072868063
2025-03-31,515320.SH,801080.SI,0.8623910893412934
2025-03-31,515400.SH,801750.SI,0.8631170409985744
2025-03-31,515560.SH,801790.SI,1.0
2025-03-31,515710.SH,801120.SI,0.9598645075434751
2025-03-31,515790.SH,801730.SI,0.7704307019978155
2025-03-31,515850.SH,801790.SI,0.9997591598933743
2025-03-31,515880.SH,801770.SI,0.7232732638783872
2025-03-31,515950.SH,801150.SI,0.9750307520314009
2025-03-31,515960.SH,801150.SI,0.9526747706191033
2025-03-31,516000.SH,801750.SI,0.8618282743578248
2025-03-31,516010.SH,801760.SI,0.9538509462260671
2025-03-31,516020.SH,801030.SI,0.763083476691132
2025-03-31,516060.SH,801150.SI,0.999695198789764
2025-03-31,516080.SH,801150.SI,0.9987959437286896
2025-03-31,516090.SH,801730.SI,0.7374659940552226
2025-03-31,516100.SH,801750.SI,0.8454283341436272
2025-03-31,516120.SH,801030.SI,0.7627520073957557
2025-03-31,516150.SH,801050.SI,0.5916284905010659
2025-03-31,516160.SH,801730.SI,0.7376903974327238
2025-03-31,516180.SH,801730.SI,0.7698927448717678
2025-03-31,516190.SH,801760.SI,0.8367743183440063
2025-03-31,516200.SH,801790.SI,1.0
2025-03-31,516210.SH,801780.SI,1.0
2025-03-31,516220.SH,801030.SI,0.7635553571878182
2025-03-31,516270.SH,801730.SI,0.6919247483485048
2025-03-31,516290.SH,801730.SI,0.7704727174657093
2025-03-31,516310.SH,801780.SI,0.9997732791640882
2025-03-31,516320.SH,801730.SI,0.5376700384195584
2025-03-31,516350.SH,801080.SI,0.9712127291034539
2025-03-31,516500.SH,801150.SI,1.0
2025-03-31,516510.SH,801750.SI,0.7861092941090659
2025-03-31,516530.SH,801170.SI,0.9574623133283033
2025-03-31,516570.SH,801030.SI,0.5792446820631533
2025-03-31,516580.SH,801730.SI,0.7388353239547123
2025-03-31,516610.SH,801150.SI,0.9570416872293207
2025-03-31,516620.SH,801760.SI,0.9299051547945604
2025-03-31,516630.SH,801750.SI,0.7865323067806491
2025-03-31,516640.SH,801080.SI,0.9712540515534569
2025-03-31,516650.SH,801050.SI,0.9475089165458777
2025-03-31,516670.SH,801010.SI,0.8417406612358753
2025-03-31,516700.SH,801750.SI,0.8628225027258218
2025-03-31,516730.SH,801790.SI,1.0
2025-03-31,516750.SH,801710.SI,0.9267785401316951
2025-03-31,516760.SH,801010.SI,0.842127202931815
2025-03-31,516770.SH,801760.SI,0.9529830205068953
2025-03-31,516780.SH,801050.SI,0.5874930715669018
2025-03-31,516790.SH,801150.SI,0.9563867659153816
2025-03-31,516800.SH,801080.SI,0.5011918126554689
2025-03-31,516810.SH,801010.SI,0.7439198367057208
2025-03-31,516820.SH,801150.SI,0.9640248790687259
2025-03-31,516850.SH,801730.SI,0.7383951958057186
2025-03-31,516860.SH,801750.SI,0.8461375559545311
2025-03-31,516880.SH,801730.SI,0.7700236817152153
2025-03-31,516900.SH,801120.SI,1.0
2025-03-31,516910.SH,801170.SI,0.9574495934666738
2025-03-31,516920.SH,801080.SI,0.9715141807252602
2025-03-31,516930.SH,801150.SI,1.0
2025-03-31,516950.SH,801720.SI,0.7181729651640636
2025-03-31,516960.SH,801730.SI,0.630042838590506
2025-03-31,516970.SH,801720.SI,0.961054279256317
2025-03-31,516980.SH,801790.SI,1.0
2025-03-31,517110.SH,801150.SI,0.6744721586839627
2025-03-31,517120.SH,801150.SI,0.6495326787446807
2025-03-31,517390.SH,801750.SI,0.5148576384619246
2025-03-31,517770.SH,801760.SI,0.5802212788782396
2025-03-31,560080.SH,801150.SI,1.0
2025-03-31,560090.SH,801790.SI,1.0
2025-03-31,560260.SH,801150.SI,0.944402065208477
2025-03-31,560280.SH,801890.SI,0.7392957688086939
2025-03-31,560300.SH,801770.SI,0.79109929896409
2025-03-31,560360.SH,801750.SI,0.9526091836025204
2025-03-31,560580.SH,801160.SI,1.0
2025-03-31,560620.SH,801160.SI,0.9519061902300692
2025-03-31,560660.SH,801750.SI,0.697325764185486
2025-03-31,560690.SH,801770.SI,0.7920900813585364
2025-03-31,560780.SH,801080.SI,0.9645784705157623
2025-03-31,560850.SH,801750.SI,0.8981314407518869
2025-03-31,560860.SH,801050.SI,0.8836940185622466
2025-03-31,560880.SH,801110.SI,0.893039885271273
2025-03-31,560900.SH,801150.SI,1.0
2025-03-31,560980.SH,801730.SI,0.8432480250547996
2025-03-31,561010.SH,801750.SI,0.985000447669854
2025-03-31,561100.SH,801080.SI,0.9021761352808619
2025-03-31,561120.SH,801110.SI,0.89307792873159
2025-03-31,561160.SH,801730.SI,0.8545117887818103
2025-03-31,561170.SH,801160.SI,0.999660007376969
2025-03-31,561310.SH,801080.SI,0.9035843180386344
2025-03-31,561320.SH,801170.SI,0.9998117022884833
2025-03-31,561330.SH,801050.SI,0.9842734836379
2025-03-31,561360.SH,801960.SI,0.6609645303711237
2025-03-31,561510.SH,801150.SI,0.9999878720104862
2025-03-31,561560.SH,801160.SI,0.9994664851597794
2025-03-31,561570.SH,801960.SI,0.6609422971891273
2025-03-31,561600.SH,801080.SI,0.9020848978232904
2025-03-31,561700.SH,801160.SI,1.0
2025-03-31,561760.SH,801960.SI,0.6571874752742776
2025-03-31,561800.SH,801050.SI,0.7286937061023459
2025-03-31,561910.SH,801730.SI,0.8555709405495583
2025-03-31,561920.SH,801150.SI,0.9888972990192506
2025-03-31,561980.SH,801080.SI,0.9972988417501977
2025-03-31,562010.SH,801730.SI,0.5935406833328575
2025-03-31,562030.SH,801750.SI,0.897229813138522
2025-03-31,562350.SH,801160.SI,1.0
2025-03-31,562360.SH,801890.SI,0.5588244129452729
2025-03-31,562390.SH,801150.SI,1.0
2025-03-31,562500.SH,801890.SI,0.5588028796071736
2025-03-31,562550.SH,801160.SI,1.0
2025-03-31,562560.SH,801080.SI,0.7227081517217732
2025-03-31,562570.SH,801750.SI,0.8978768412147343
2025-03-31,562590.SH,801080.SI,0.9643996406468432
2025-03-31,562600.SH,801150.SI,0.9551371200924759
2025-03-31,562700.SH,801880.SI,0.6658763688358343
2025-03-31,562800.SH,801050.SI,0.7294092619897302
2025-03-31,562820.SH,801080.SI,0.9483542562134968
2025-03-31,562860.SH,801150.SI,0.9889808552602627
2025-03-31,562880.SH,801730.SI,0.85669915354422
2025-03-31,562900.SH,801010.SI,0.9019075909779258
2025-03-31,562910.SH,801730.SI,0.5377455726427977
2025-03-31,562920.SH,801750.SI,0.7762882283110502
2025-03-31,562930.SH,801750.SI,0.9527120905278571
2025-03-31,562950.SH,801080.SI,0.9025548077327172
2025-03-31,562960.SH,801160.SI,0.9997754771780011
2025-03-31,562970.SH,801730.SI,0.7703973797823199
2025-03-31,563010.SH,801770.SI,0.7916357291268247
2025-03-31,563150.SH,801960.SI,0.6569399780380462
2025-03-31,588200.SH,801080.SI,0.9762649783970491
2025-03-31,588290.SH,801080.SI,0.9762434507438087
2025-03-31,588700.SH,801150.SI,0.9510851688577634
2025-03-31,588830.SH,801730.SI,0.9365814289492034
2025-03-31,588860.SH,801150.SI,0.9511003804830138
2025-03-31,588890.SH,801080.SI,0.9763282840317035
2025-03-31,588990.SH,801080.SI,0.9762813375325601
2025-04-30,159206.SZ,801770.SI,0.654608099300845
2025-04-30,159301.SZ,801160.SI,1.0
2025-04-30,159305.SZ,801730.SI,0.8119109569486375
2025-04-30,159306.SZ,801880.SI,0.5714402329550027
2025-04-30,159309.SZ,801960.SI,0.7150151974350022
2025-04-30,159310.SZ,801080.SI,0.9998187967561434
2025-04-30,159325.SZ,801080.SI,0.999519988192299
2025-04-30,159326.SZ,801730.SI,0.8057087462067439
2025-04-30,159327.SZ,801080.SI,1.0
2025-04-30,159328.SZ,801110.SI,0.9027644143286992
2025-04-30,159363.SZ,801770.SI,0.5956228791572296
2025-04-30,159378.SZ,801740.SI,0.5588533623213159
2025-04-30,159507.SZ,801770.SI,0.9047367983908184
2025-04-30,159508.SZ,801150.SI,0.9190335831629021
2025-04-30,159511.SZ,801770.SI,0.8288401325841963
2025-04-30,159512.SZ,801880.SI,1.0
2025-04-30,159516.SZ,801080.SI,0.9998921848917331
2025-04-30,159527.SZ,801750.SI,0.7595626890086775
2025-04-30,159537.SZ,801080.SI,0.630757563731007
2025-04-30,159538.SZ,801080.SI,0.6336974323616629
2025-04-30,159539.SZ,801080.SI,0.5615330307911185
2025-04-30,159540.SZ,801080.SI,0.5633014574413903
2025-04-30,159542.SZ,801890.SI,0.7329854236745461
2025-04-30,159546.SZ,801080.SI,1.0
2025-04-30,159558.SZ,801080.SI,1.0
2025-04-30,159560.SZ,801080.SI,0.9992132798594504
2025-04-30,159565.SZ,801880.SI,0.5721491511469068
2025-04-30,159566.SZ,801730.SI,0.8111717647129034
2025-04-30,159582.SZ,801080.SI,1.0
2025-04-30,159583.SZ,801770.SI,0.6966008234241603
2025-04-30,159586.SZ,801750.SI,1.0
2025-04-30,159587.SZ,801010.SI,0.9442737283284715
2025-04-30,159588.SZ,801960.SI,0.7538263865553921
2025-04-30,159590.SZ,801750.SI,1.0
2025-04-30,159599.SZ,801080.SI,0.9986766605503412
2025-04-30,159608.SZ,801050.SI,0.7764368941363168
2025-04-30,159609.SZ,801730.SI,0.8334515704564306
2025-04-30,159611.SZ,801160.SI,1.0
2025-04-30,159613.SZ,801750.SI,0.8850395856010992
2025-04-30,159618.SZ,801730.SI,0.8358569509910374
2025-04-30,159619.SZ,801720.SI,0.7076721933697493
2025-04-30,159625.SZ,801160.SI,1.0
2025-04-30,159635.SZ,801720.SI,0.7078815587766933
2025-04-30,159638.SZ,801740.SI,0.9158194800050502
2025-04-30,159643.SZ,801150.SI,1.0
2025-04-30,159645.SZ,801150.SI,1.0
2025-04-30,159647.SZ,801150.SI,1.0
2025-04-30,159652.SZ,801050.SI,1.0
2025-04-30,159657.SZ,801150.SI,0.9990344252820444
2025-04-30,159658.SZ,801080.SI,0.5742491868182119
2025-04-30,159662.SZ,801170.SI,0.9998804592746033
2025-04-30,159663.SZ,801890.SI,0.6873126489136888
2025-04-30,159665.SZ,801080.SI,0.9995445141685865
2025-04-30,159667.SZ,801890.SI,0.6859882659942055
2025-04-30,159669.SZ,801160.SI,1.0
2025-04-30,159671.SZ,801050.SI,0.7757992115235707
2025-04-30,159690.SZ,801050.SI,1.0
2025-04-30,159692.SZ,801790.SI,0.9993007482419402
2025-04-30,159695.SZ,801770.SI,0.9051929468565151
2025-04-30,159697.SZ,801960.SI,0.7537985269348153
2025-04-30,159698.SZ,801010.SI,0.9428233524971456
2025-04-30,159707.SZ,801180.SI,0.9995150774635113
2025-04-30,159713.SZ,801050.SI,0.5757050362770415
2025-04-30,159715.SZ,801050.SI,0.5755105421748672
2025-04-30,159730.SZ,801110.SI,0.8733565199565292
2025-04-30,159731.SZ,801030.SI,0.5533866955327099
2025-04-30,159732.SZ,801080.SI,1.0
2025-04-30,159736.SZ,801120.SI,0.9999277608573213
2025-04-30,159739.SZ,801750.SI,0.7591793192420521
2025-04-30,159745.SZ,801710.SI,0.9995360112867394
2025-04-30,159752.SZ,801730.SI,0.6537739948508487
2025-04-30,159760.SZ,801150.SI,0.952626259000795
2025-04-30,159768.SZ,801180.SI,0.9996704550190528
2025-04-30,159779.SZ,801080.SI,0.9496256448494914
2025-04-30,159786.SZ,801080.SI,0.9984368816662389
2025-04-30,159787.SZ,801710.SI,1.0
2025-04-30,159795.SZ,801080.SI,0.516905935475954
2025-04-30,159796.SZ,801730.SI,0.8605864279254688
2025-04-30,159797.SZ,801150.SI,0.9086241810788575
2025-04-30,159801.SZ,801080.SI,1.0
2025-04-30,159805.SZ,801760.SI,0.8159681278525632
2025-04-30,159811.SZ,801770.SI,0.5501862108005692
2025-04-30,159813.SZ,801080.SI,0.999969339384294
2025-04-30,159825.SZ,801010.SI,0.765742649802982
2025-04-30,159827.SZ,801010.SI,0.7645310856243118
2025-04-30,159828.SZ,801150.SI,0.935039670507202
2025-04-30,159835.SZ,801150.SI,1.0
2025-04-30,159837.SZ,801150.SI,1.0
2025-04-30,159838.SZ,801150.SI,1.0
2025-04-30,159839.SZ,801150.SI,0.9183719711658607
2025-04-30,159841.SZ,801790.SI,0.9999457439504911
2025-04-30,159842.SZ,801790.SI,0.9998610968116708
2025-04-30,159843.SZ,801120.SI,0.9991277206294737
2025-04-30,159847.SZ,801150.SI,0.9364480547881484
2025-04-30,159848.SZ,801790.SI,0.9997908267513977
2025-04-30,159849.SZ,801150.SI,1.0
2025-04-30,159851.SZ,801750.SI,0.8347387288823057
2025-04-30,159852.SZ,801750.SI,0.999916862879114
2025-04-30,159855.SZ,801760.SI,1.0
2025-04-30,159857.SZ,801730.SI,0.834661095275594
2025-04-30,159858.SZ,801150.SI,0.9997756547844346
2025-04-30,159859.SZ,801150.SI,0.9182906552143633
2025-04-30,159861.SZ,801730.SI,0.6009125540602527
2025-04-30,159862.SZ,801120.SI,1.0
2025-04-30,159863.SZ,801730.SI,0.8348304693944877
2025-04-30,159864.SZ,801730.SI,0.8341341467162655
2025-04-30,159865.SZ,801010.SI,0.8727451813508189
2025-04-30,159867.SZ,801010.SI,0.8706815459437414
2025-04-30,159869.SZ,801760.SI,1.0
2025-04-30,159870.SZ,801030.SI,0.8633006284699978
2025-04-30,159871.SZ,801050.SI,0.9997665945075803
2025-04-30,159873.SZ,801150.SI,0.9144496775314465
2025-04-30,159875.SZ,801730.SI,0.7156955861730273
2025-04-30,159876.SZ,801050.SI,1.0
2025-04-30,159877.SZ,801150.SI,0.9171143374678415
2025-04-30,159880.SZ,801050.SI,1.0
2025-04-30,159881.SZ,801050.SI,1.0
2025-04-30,159883.SZ,801150.SI,0.9083597670476621
2025-04-30,159886.SZ,801730.SI,0.5200464298922413
2025-04-30,159887.SZ,801780.SI,0.9998591920239484
2025-04-30,159888.SZ,801080.SI,0.5149423086209218
2025-04-30,159889.SZ,801080.SI,0.5146347479916586
2025-04-30,159890.SZ,801750.SI,0.75846268383526
2025-04-30,159891.SZ,801150.SI,0.9167200903523922
2025-04-30,159898.SZ,801150.SI,0.9062982552094987
2025-04-30,159899.SZ,801750.SI,0.9983738201962428
2025-04-30,159929.SZ,801150.SI,0.9592227826638705
2025-04-30,159930.SZ,801950.SI,0.5213900372837613
2025-04-30,159931.SZ,801780.SI,0.5500796411800991
2025-04-30,159933.SZ,801780.SI,0.5521568006486414
2025-04-30,159938.SZ,801150.SI,0.9598327268400607
2025-04-30,159939.SZ,801080.SI,0.8433617472945673
2025-04-30,159940.SZ,801780.SI,0.5501499916679293
2025-04-30,159992.SZ,801150.SI,0.9999620443599918
2025-04-30,159993.SZ,801790.SI,1.0
2025-04-30,159994.SZ,801080.SI,0.5237465968478109
2025-04-30,159995.SZ,801080.SI,1.0
2025-04-30,159996.SZ,801110.SI,0.9267305492594481
2025-04-30,159997.SZ,801080.SI,0.8433351157134977
2025-04-30,159998.SZ,801750.SI,0.9411437065482895
2025-04-30,510200.SH,801790.SI,0.9996396793592505
2025-04-30,510650.SH,801780.SI,0.6301386943078942
2025-04-30,510660.SH,801150.SI,1.0
2025-04-30,512000.SH,801790.SI,0.9999862388342774
2025-04-30,512010.SH,801150.SI,0.9597854108358819
2025-04-30,512070.SH,801790.SI,1.0
2025-04-30,512120.SH,801150.SI,0.9497817484230766
2025-04-30,512170.SH,801150.SI,0.9354143274247222
2025-04-30,512290.SH,801150.SI,0.9999077230290873
2025-04-30,512400.SH,801050.SI,0.9999404405430371
2025-04-30,512560.SH,801740.SI,0.8801640702768737
2025-04-30,512570.SH,801790.SI,1.0
2025-04-30,512580.SH,801730.SI,0.5895762277023044
2025-04-30,512640.SH,801780.SI,0.5496415358426457
2025-04-30,512660.SH,801740.SI,0.8800425271358224
2025-04-30,512670.SH,801740.SI,0.999818716405634
2025-04-30,512680.SH,801740.SI,0.8801906187915446
2025-04-30,512690.SH,801120.SI,1.0
2025-04-30,512700.SH,801780.SI,0.9999862986117465
2025-04-30,512710.SH,801740.SI,0.9999524145903316
2025-04-30,512720.SH,801750.SI,0.9403783446643237
2025-04-30,512730.SH,801780.SI,1.0
2025-04-30,512760.SH,801080.SI,0.9999768277130767
2025-04-30,512800.SH,801780.SI,0.9999592902927475
2025-04-30,512810.SH,801740.SI,0.8792888302752133
2025-04-30,512820.SH,801780.SI,1.0
2025-04-30,512880.SH,801790.SI,0.9999914597310313
2025-04-30,512900.SH,801790.SI,0.9999571432533619
2025-04-30,512980.SH,801760.SI,0.8179402191205488
2025-04-30,515010.SH,801790.SI,1.0
2025-04-30,515020.SH,801780.SI,1.0
2025-04-30,515050.SH,801080.SI,0.5237839440469124
2025-04-30,515120.SH,801150.SI,1.0
2025-04-30,515170.SH,801120.SI,1.0
2025-04-30,515210.SH,801040.SI,0.9997096668893576
2025-04-30,515220.SH,801950.SI,0.9999398909645832
2025-04-30,515230.SH,801750.SI,0.9996469775937159
2025-04-30,515250.SH,801080.SI,0.5145677750916332
2025-04-30,515260.SH,801080.SI,0.8432500245692942
2025-04-30,515290.SH,801780.SI,0.9999134411732661
2025-04-30,515320.SH,801080.SI,0.8434944765987563
2025-04-30,515400.SH,801750.SI,0.9190988231827998
2025-04-30,515560.SH,801790.SI,1.0
2025-04-30,515710.SH,801120.SI,0.9996832883916792
2025-04-30,515790.SH,801730.SI,0.8348586325881534
2025-04-30,515850.SH,801790.SI,0.9994344965627402
2025-04-30,515880.SH,801770.SI,0.682362475376768
2025-04-30,515950.SH,801150.SI,0.9994550330840245
2025-04-30,515960.SH,801150.SI,0.879624842613295
2025-04-30,516000.SH,801750.SI,0.9181395452233763
2025-04-30,516010.SH,801760.SI,0.999867139109401
2025-04-30,516020.SH,801030.SI,0.8621441982667413
2025-04-30,516060.SH,801150.SI,0.9994709711024072
2025-04-30,516080.SH,801150.SI,1.0
2025-04-30,516090.SH,801730.SI,0.7159932119511245
2025-04-30,516100.SH,801750.SI,0.8336735648994391
2025-04-30,516120.SH,801030.SI,0.8627362427741841
2025-04-30,516150.SH,801050.SI,0.5753511099130509
2025-04-30,516160.SH,801730.SI,0.715856557344056
2025-04-30,516180.SH,801730.SI,0.8350567476106667
2025-04-30,516190.SH,801760.SI,0.7532994351097054
2025-04-30,516200.SH,801790.SI,1.0
2025-04-30,516210.SH,801780.SI,1.0
2025-04-30,516220.SH,801030.SI,0.8633899528294985
2025-04-30,516270.SH,801730.SI,0.6537971654395011
2025-04-30,516290.SH,801730.SI,0.8349226723803159
2025-04-30,516310.SH,801780.SI,1.0
2025-04-30,516320.SH,801730.SI,0.5186944393741483
2025-04-30,516350.SH,801080.SI,1.0
2025-04-30,516500.SH,801150.SI,1.0
2025-04-30,516510.SH,801750.SI,0.7591840766313774
2025-04-30,516520.SH,801080.SI,0.5146022107538744
2025-04-30,516530.SH,801170.SI,0.9566637351399659
2025-04-30,516570.SH,801030.SI,0.5532349341598752
2025-04-30,516580.SH,801730.SI,0.7159406831633188
2025-04-30,516610.SH,801150.SI,0.916924910098764
2025-04-30,516620.SH,801760.SI,1.0
2025-04-30,516630.SH,801750.SI,0.7596017868849789
2025-04-30,516640.SH,801080.SI,0.9997611645372817
2025-04-30,516650.SH,801050.SI,1.0
2025-04-30,516670.SH,801010.SI,0.8703899675841622
2025-04-30,516700.SH,801750.SI,0.9212430684331522
2025-04-30,516730.SH,801790.SI,1.0
2025-04-30,516750.SH,801710.SI,1.0
2025-04-30,516760.SH,801010.SI,0.8701418737754401
2025-04-30,516770.SH,801760.SI,0.9984709669021646
2025-04-30,516780.SH,801050.SI,0.5733924849240901
2025-04-30,516790.SH,801150.SI,0.9148966666982558
2025-04-30,516800.SH,801080.SI,0.6059973635461595
2025-04-30,516810.SH,801010.SI,0.7656714535938486
2025-04-30,516820.SH,801150.SI,0.9998420387997079
2025-04-30,516850.SH,801730.SI,0.7158393130973042
2025-04-30,516860.SH,801750.SI,0.8329961004948406
2025-04-30,516880.SH,801730.SI,0.8344701157855711
2025-04-30,516900.SH,801120.SI,1.0
2025-04-30,516910.SH,801170.SI,0.9566235997031848
2025-04-30,516920.SH,801080.SI,1.0
2025-04-30,516930.SH,801150.SI,1.0
2025-04-30,516950.SH,801720.SI,0.7072720118772334
2025-04-30,516960.SH,801730.SI,0.5198928812916334
2025-04-30,516970.SH,801720.SI,0.9548279540056935
2025-04-30,516980.SH,801790.SI,1.0
2025-04-30,517900.SH,801780.SI,0.5823774577787739
2025-04-30,560080.SH,801150.SI,1.0
2025-04-30,560090.SH,801790.SI,1.0
2025-04-30,560190.SH,801160.SI,1.0
2025-04-30,560260.SH,801150.SI,0.936515136959282
2025-04-30,560280.SH,801890.SI,0.7321007369513952
2025-04-30,560300.SH,801770.SI,0.8113727201133123
2025-04-30,560360.SH,801750.SI,0.9991034891275202
2025-04-30,560580.SH,801160.SI,1.0
2025-04-30,560620.SH,801160.SI,1.0
2025-04-30,560660.SH,801750.SI,0.6757317584095599
2025-04-30,560690.SH,801770.SI,0.8117046043277845
2025-04-30,560780.SH,801080.SI,1.0
2025-04-30,560800.SH,801080.SI,0.5727699238031456
2025-04-30,560850.SH,801750.SI,0.8853907531843455
2025-04-30,560860.SH,801050.SI,0.9991856639413573
2025-04-30,560880.SH,801110.SI,0.9267594957772113
2025-04-30,560900.SH,801150.SI,1.0
2025-04-30,560980.SH,801730.SI,1.0
2025-04-30,561010.SH,801750.SI,1.0
2025-04-30,561100.SH,801080.SI,0.9490643924689173
2025-04-30,561120.SH,801110.SI,0.9258169664155818
2025-04-30,561160.SH,801730.SI,0.860040883272064
2025-04-30,561170.SH,801160.SI,0.9997538168170383
2025-04-30,561310.SH,801080.SI,0.9488813497423786
2025-04-30,561320.SH,801170.SI,0.9998021626148462
2025-04-30,561330.SH,801050.SI,1.0
2025-04-30,561360.SH,801960.SI,0.7331089266088885
2025-04-30,561510.SH,801150.SI,0.9999692817335872
2025-04-30,561560.SH,801160.SI,0.9996707477698349
2025-04-30,561570.SH,801960.SI,0.779836951158386
2025-04-30,561600.SH,801080.SI,0.949718413446174
2025-04-30,561700.SH,801160.SI,1.0
2025-04-30,561760.SH,801960.SI,0.7149524993964945
2025-04-30,561800.SH,801050.SI,0.7748364560031556
2025-04-30,561910.SH,801730.SI,0.8595154461227826
2025-04-30,561920.SH,801150.SI,1.0
2025-04-30,561980.SH,801080.SI,0.9998442058560001
2025-04-30,562030.SH,801750.SI,0.8839354266891967
2025-04-30,562350.SH,801160.SI,1.0
2025-04-30,562390.SH,801150.SI,1.0
2025-04-30,562550.SH,801160.SI,1.0
2025-04-30,562560.SH,801080.SI,0.8439076277420529
2025-04-30,562570.SH,801750.SI,0.8852910476934758
2025-04-30,562590.SH,801080.SI,1.0
2025-04-30,562600.SH,801150.SI,0.9084319130423683
2025-04-30,562700.SH,801880.SI,0.5719959965919602
2025-04-30,562800.SH,801050.SI,0.7775247235282621
2025-04-30,562820.SH,801080.SI,1.0
2025-04-30,562860.SH,801150.SI,0.9990378525729546
2025-04-30,562880.SH,801730.SI,0.8605269706489268
2025-04-30,562900.SH,801010.SI,0.9133374298479365
2025-04-30,562910.SH,801730.SI,0.5186407145378946
2025-04-30,562920.SH,801750.SI,0.8849813152446963
2025-04-30,562930.SH,801750.SI,1.0
2025-04-30,562950.SH,801080.SI,0.9497382758226645
2025-04-30,562960.SH,801160.SI,1.0
2025-04-30,562970.SH,801730.SI,0.8343413973194507
2025-04-30,563010.SH,801770.SI,0.8114106347559801
2025-04-30,563150.SH,801960.SI,0.7150507439120398
2025-04-30,588170.SH,801080.SI,1.0
2025-04-30,588200.SH,801080.SI,0.9999967833891296
2025-04-30,588290.SH,801080.SI,1.0
2025-04-30,588700.SH,801150.SI,0.9995633025165415
2025-04-30,588750.SH,801080.SI,1.0
2025-04-30,588780.SH,801080.SI,0.9387894207246843
2025-04-30,588810.SH,801080.SI,0.9996742378595947
2025-04-30,588830.SH,801730.SI,1.0
2025-04-30,588860.SH,801150.SI,0.9998791036907142
2025-04-30,588890.SH,801080.SI,0.9999871592071377
2025-04-30,588990.SH,801080.SI,1.0
2025-05-30,159206.SZ,801770.SI,0.654608099300845
2025-05-30,159301.SZ,801160.SI,1.0
2025-05-30,159305.SZ,801730.SI,0.8119109569486375
2025-05-30,159306.SZ,801880.SI,0.5714402329550027
2025-05-30,159309.SZ,801960.SI,0.7150151974350022
2025-05-30,159310.SZ,801080.SI,0.9998187967561434
2025-05-30,159325.SZ,801080.SI,0.999519988192299
2025-05-30,159326.SZ,801730.SI,0.8057087462067439
2025-05-30,159327.SZ,801080.SI,1.0
2025-05-30,159328.SZ,801110.SI,0.9027644143286992
2025-05-30,159363.SZ,801770.SI,0.5956228791572296
2025-05-30,159378.SZ,801740.SI,0.5588533623213159
2025-05-30,159507.SZ,801770.SI,0.9047367983908184
2025-05-30,159508.SZ,801150.SI,0.9190335831629021
2025-05-30,159511.SZ,801770.SI,0.8288401325841963
2025-05-30,159512.SZ,801880.SI,1.0
2025-05-30,159516.SZ,801080.SI,0.9998921848917331
2025-05-30,159527.SZ,801750.SI,0.7595626890086775
2025-05-30,159537.SZ,801080.SI,0.630757563731007
2025-05-30,159538.SZ,801080.SI,0.6336974323616629
2025-05-30,159539.SZ,801080.SI,0.5615330307911185
2025-05-30,159540.SZ,801080.SI,0.5633014574413903
2025-05-30,159542.SZ,801890.SI,0.7329854236745461
2025-05-30,159546.SZ,801080.SI,1.0
2025-05-30,159558.SZ,801080.SI,1.0
2025-05-30,159560.SZ,801080.SI,0.9992132798594504
2025-05-30,159565.SZ,801880.SI,0.5721491511469068
2025-05-30,159566.SZ,801730.SI,0.8111717647129034
2025-05-30,159582.SZ,801080.SI,1.0
2025-05-30,159583.SZ,801770.SI,0.6966008234241603
2025-05-30,159586.SZ,801750.SI,1.0
2025-05-30,159587.SZ,801010.SI,0.9442737283284715
2025-05-30,159588.SZ,801960.SI,0.7538263865553921
2025-05-30,159590.SZ,801750.SI,1.0
2025-05-30,159599.SZ,801080.SI,0.9986766605503412
2025-05-30,159608.SZ,801050.SI,0.7764368941363168
2025-05-30,159609.SZ,801730.SI,0.8334515704564306
2025-05-30,159611.SZ,801160.SI,1.0
2025-05-30,159613.SZ,801750.SI,0.8850395856010992
2025-05-30,159618.SZ,801730.SI,0.8358569509910374
2025-05-30,159619.SZ,801720.SI,0.7076721933697493
2025-05-30,159625.SZ,801160.SI,1.0
2025-05-30,159635.SZ,801720.SI,0.7078815587766933
2025-05-30,159638.SZ,801740.SI,0.9158194800050502
2025-05-30,159643.SZ,801150.SI,1.0
2025-05-30,159645.SZ,801150.SI,1.0
2025-05-30,159647.SZ,801150.SI,1.0
2025-05-30,159652.SZ,801050.SI,1.0
2025-05-30,159657.SZ,801150.SI,0.9990344252820444
2025-05-30,159658.SZ,801080.SI,0.5742491868182119
2025-05-30,159662.SZ,801170.SI,0.9998804592746033
2025-05-30,159663.SZ,801890.SI,0.6873126489136888
2025-05-30,159665.SZ,801080.SI,0.9995445141685865
2025-05-30,159667.SZ,801890.SI,0.6859882659942055
2025-05-30,159669.SZ,801160.SI,1.0
2025-05-30,159671.SZ,801050.SI,0.7757992115235707
2025-05-30,159690.SZ,801050.SI,1.0
2025-05-30,159692.SZ,801790.SI,0.9993007482419402
2025-05-30,159695.SZ,801770.SI,0.9051929468565151
2025-05-30,159697.SZ,801960.SI,0.7537985269348153
2025-05-30,159698.SZ,801010.SI,0.9428233524971456
2025-05-30,159707.SZ,801180.SI,0.9995150774635113
2025-05-30,159713.SZ,801050.SI,0.5757050362770415
2025-05-30,159715.SZ,801050.SI,0.5755105421748672
2025-05-30,159730.SZ,801110.SI,0.8733565199565292
2025-05-30,159731.SZ,801030.SI,0.5533866955327099
2025-05-30,159732.SZ,801080.SI,1.0
2025-05-30,159736.SZ,801120.SI,0.9999277608573213
2025-05-30,159739.SZ,801750.SI,0.7591793192420521
2025-05-30,159745.SZ,801710.SI,0.9995360112867394
2025-05-30,159752.SZ,801730.SI,0.6537739948508487
2025-05-30,159760.SZ,801150.SI,0.952626259000795
2025-05-30,159768.SZ,801180.SI,0.9996704550190528
2025-05-30,159779.SZ,801080.SI,0.9496256448494914
2025-05-30,159786.SZ,801080.SI,0.9984368816662389
2025-05-30,159787.SZ,801710.SI,1.0
2025-05-30,159795.SZ,801080.SI,0.516905935475954
2025-05-30,159796.SZ,801730.SI,0.8605864279254688
2025-05-30,159797.SZ,801150.SI,0.9086241810788575
2025-05-30,159801.SZ,801080.SI,1.0
2025-05-30,159805.SZ,801760.SI,0.8159681278525632
2025-05-30,159811.SZ,801770.SI,0.5501862108005692
2025-05-30,159813.SZ,801080.SI,0.999969339384294
2025-05-30,159825.SZ,801010.SI,0.765742649802982
2025-05-30,159827.SZ,801010.SI,0.7645310856243118
2025-05-30,159828.SZ,801150.SI,0.935039670507202
2025-05-30,159835.SZ,801150.SI,1.0
2025-05-30,159837.SZ,801150.SI,1.0
2025-05-30,159838.SZ,801150.SI,1.0
2025-05-30,159839.SZ,801150.SI,0.9183719711658607
2025-05-30,159841.SZ,801790.SI,0.9999457439504911
2025-05-30,159842.SZ,801790.SI,0.9998610968116708
2025-05-30,159843.SZ,801120.SI,0.9991277206294737
2025-05-30,159847.SZ,801150.SI,0.9364480547881484
2025-05-30,159848.SZ,801790.SI,0.9997908267513977
2025-05-30,159849.SZ,801150.SI,1.0
2025-05-30,159851.SZ,801750.SI,0.8347387288823057
2025-05-30,159852.SZ,801750.SI,0.999916862879114
2025-05-30,159855.SZ,801760.SI,1.0
2025-05-30,159857.SZ,801730.SI,0.834661095275594
2025-05-30,159858.SZ,801150.SI,0.9997756547844346
2025-05-30,159859.SZ,801150.SI,0.9182906552143633
2025-05-30,159861.SZ,801730.SI,0.6009125540602527
2025-05-30,159862.SZ,801120.SI,1.0
2025-05-30,159863.SZ,801730.SI,0.8348304693944877
2025-05-30,159864.SZ,801730.SI,0.8341341467162655
2025-05-30,159865.SZ,801010.SI,0.8727451813508189
2025-05-30,159867.SZ,801010.SI,0.8706815459437414
2025-05-30,159869.SZ,801760.SI,1.0
2025-05-30,159870.SZ,801030.SI,0.8633006284699978
2025-05-30,159871.SZ,801050.SI,0.9997665945075803
2025-05-30,159873.SZ,801150.SI,0.9144496775314465
2025-05-30,159875.SZ,801730.SI,0.7156955861730273
2025-05-30,159876.SZ,801050.SI,1.0
2025-05-30,159877.SZ,801150.SI,0.9171143374678415
2025-05-30,159880.SZ,801050.SI,1.0
2025-05-30,159881.SZ,801050.SI,1.0
2025-05-30,159883.SZ,801150.SI,0.9083597670476621
2025-05-30,159886.SZ,801730.SI,0.5200464298922413
2025-05-30,159887.SZ,801780.SI,0.9998591920239484
2025-05-30,159888.SZ,801080.SI,0.5149423086209218
2025-05-30,159889.SZ,801080.SI,0.5146347479916586
2025-05-30,159890.SZ,801750.SI,0.75846268383526
2025-05-30,159891.SZ,801150.SI,0.9167200903523922
2025-05-30,159898.SZ,801150.SI,0.9062982552094987
2025-05-30,159899.SZ,801750.SI,0.9983738201962428
2025-05-30,159929.SZ,801150.SI,0.9592227826638705
2025-05-30,159930.SZ,801950.SI,0.5213900372837613
2025-05-30,159931.SZ,801780.SI,0.5500796411800991
2025-05-30,159933.SZ,801780.SI,0.5521568006486414
2025-05-30,159938.SZ,801150.SI,0.9598327268400607
2025-05-30,159939.SZ,801080.SI,0.8433617472945673
2025-05-30,159940.SZ,801780.SI,0.5501499916679293
2025-05-30,159992.SZ,801150.SI,0.9999620443599918
2025-05-30,159993.SZ,801790.SI,1.0
2025-05-30,159994.SZ,801080.SI,0.5237465968478109
2025-05-30,159995.SZ,801080.SI,1.0
2025-05-30,159996.SZ,801110.SI,0.9267305492594481
2025-05-30,159997.SZ,801080.SI,0.8433351157134977
2025-05-30,159998.SZ,801750.SI,0.9411437065482895
2025-05-30,510200.SH,801790.SI,0.9996396793592505
2025-05-30,510650.SH,801780.SI,0.6301386943078942
2025-05-30,510660.SH,801150.SI,1.0
2025-05-30,512000.SH,801790.SI,0.9999862388342774
2025-05-30,512010.SH,801150.SI,0.9597854108358819
2025-05-30,512070.SH,801790.SI,1.0
2025-05-30,512120.SH,801150.SI,0.9497817484230766
2025-05-30,512170.SH,801150.SI,0.9354143274247222
2025-05-30,512290.SH,801150.SI,0.9999077230290873
2025-05-30,512400.SH,801050.SI,0.9999404405430371
2025-05-30,512560.SH,801740.SI,0.8801640702768737
2025-05-30,512570.SH,801790.SI,1.0
2025-05-30,512580.SH,801730.SI,0.5895762277023044
2025-05-30,512640.SH,801780.SI,0.5496415358426457
2025-05-30,512660.SH,801740.SI,0.8800425271358224
2025-05-30,512670.SH,801740.SI,0.999818716405634
2025-05-30,512680.SH,801740.SI,0.8801906187915446
2025-05-30,512690.SH,801120.SI,1.0
2025-05-30,512700.SH,801780.SI,0.9999862986117465
2025-05-30,512710.SH,801740.SI,0.9999524145903316
2025-05-30,512720.SH,801750.SI,0.9403783446643237
2025-05-30,512730.SH,801780.SI,1.0
2025-05-30,512760.SH,801080.SI,0.9999768277130767
2025-05-30,512800.SH,801780.SI,0.9999592902927475
2025-05-30,512810.SH,801740.SI,0.8792888302752133
2025-05-30,512820.SH,801780.SI,1.0
2025-05-30,512880.SH,801790.SI,0.9999914597310313
2025-05-30,512900.SH,801790.SI,0.9999571432533619
2025-05-30,512980.SH,801760.SI,0.8179402191205488
2025-05-30,515010.SH,801790.SI,1.0
2025-05-30,515020.SH,801780.SI,1.0
2025-05-30,515050.SH,801080.SI,0.5237839440469124
2025-05-30,515120.SH,801150.SI,1.0
2025-05-30,515170.SH,801120.SI,1.0
2025-05-30,515210.SH,801040.SI,0.9997096668893576
2025-05-30,515220.SH,801950.SI,0.9999398909645832
2025-05-30,515230.SH,801750.SI,0.9996469775937159
2025-05-30,515250.SH,801080.SI,0.5145677750916332
2025-05-30,515260.SH,801080.SI,0.8432500245692942
2025-05-30,515290.SH,801780.SI,0.9999134411732661
2025-05-30,515320.SH,801080.SI,0.8434944765987563
2025-05-30,515400.SH,801750.SI,0.9190988231827998
2025-05-30,515560.SH,801790.SI,1.0
2025-05-30,515710.SH,801120.SI,0.9996832883916792
2025-05-30,515790.SH,801730.SI,0.8348586325881534
2025-05-30,515850.SH,801790.SI,0.9994344965627402
2025-05-30,515880.SH,801770.SI,0.682362475376768
2025-05-30,515950.SH,801150.SI,0.9994550330840245
2025-05-30,515960.SH,801150.SI,0.879624842613295
2025-05-30,516000.SH,801750.SI,0.9181395452233763
2025-05-30,516010.SH,801760.SI,0.999867139109401
2025-05-30,516020.SH,801030.SI,0.8621441982667413
2025-05-30,516060.SH,801150.SI,0.9994709711024072
2025-05-30,516080.SH,801150.SI,1.0
2025-05-30,516090.SH,801730.SI,0.7159932119511245
2025-05-30,516100.SH,801750.SI,0.8336735648994391
2025-05-30,516120.SH,801030.SI,0.8627362427741841
2025-05-30,516150.SH,801050.SI,0.5753511099130509
2025-05-30,516160.SH,801730.SI,0.715856557344056
2025-05-30,516180.SH,801730.SI,0.8350567476106667
2025-05-30,516190.SH,801760.SI,0.7532994351097054
2025-05-30,516200.SH,801790.SI,1.0
2025-05-30,516210.SH,801780.SI,1.0
2025-05-30,516220.SH,801030.SI,0.8633899528294985
2025-05-30,516270.SH,801730.SI,0.6537971654395011
2025-05-30,516290.SH,801730.SI,0.8349226723803159
2025-05-30,516310.SH,801780.SI,1.0
2025-05-30,516320.SH,801730.SI,0.5186944393741483
2025-05-30,516350.SH,801080.SI,1.0
2025-05-30,516500.SH,801150.SI,1.0
2025-05-30,516510.SH,801750.SI,0.7591840766313774
2025-05-30,516520.SH,801080.SI,0.5146022107538744
2025-05-30,516530.SH,801170.SI,0.9566637351399659
2025-05-30,516570.SH,801030.SI,0.5532349341598752
2025-05-30,516580.SH,801730.SI,0.7159406831633188
2025-05-30,516610.SH,801150.SI,0.916924910098764
2025-05-30,516620.SH,801760.SI,1.0
2025-05-30,516630.SH,801750.SI,0.7596017868849789
2025-05-30,516640.SH,801080.SI,0.9997611645372817
2025-05-30,516650.SH,801050.SI,1.0
2025-05-30,516670.SH,801010.SI,0.8703899675841622
2025-05-30,516700.SH,801750.SI,0.9212430684331522
2025-05-30,516730.SH,801790.SI,1.0
2025-05-30,516750.SH,801710.SI,1.0
2025-05-30,516760.SH,801010.SI,0.8701418737754401
2025-05-30,516770.SH,801760.SI,0.9984709669021646
2025-05-30,516780.SH,801050.SI,0.5733924849240901
2025-05-30,516790.SH,801150.SI,0.9148966666982558
2025-05-30,516800.SH,801080.SI,0.6059973635461595
2025-05-30,516810.SH,801010.SI,0.7656714535938486
2025-05-30,516820.SH,801150.SI,0.9998420387997079
2025-05-30,516850.SH,801730.SI,0.7158393130973042
2025-05-30,516860.SH,801750.SI,0.8329961004948406
2025-05-30,516880.SH,801730.SI,0.8344701157855711
2025-05-30,516900.SH,801120.SI,1.0
2025-05-30,516910.SH,801170.SI,0.9566235997031848
2025-05-30,516920.SH,801080.SI,1.0
2025-05-30,516930.SH,801150.SI,1.0
2025-05-30,516950.SH,801720.SI,0.7072720118772334
2025-05-30,516960.SH,801730.SI,0.5198928812916334
2025-05-30,516970.SH,801720.SI,0.9548279540056935
2025-05-30,516980.SH,801790.SI,1.0
2025-05-30,517900.SH,801780.SI,0.5823774577787739
2025-05-30,560080.SH,801150.SI,1.0
2025-05-30,560090.SH,801790.SI,1.0
2025-05-30,560190.SH,801160.SI,1.0
2025-05-30,560260.SH,801150.SI,0.936515136959282
2025-05-30,560280.SH,801890.SI,0.7321007369513952
2025-05-30,560300.SH,801770.SI,0.8113727201133123
2025-05-30,560360.SH,801750.SI,0.9991034891275202
2025-05-30,560580.SH,801160.SI,1.0
2025-05-30,560620.SH,801160.SI,1.0
2025-05-30,560660.SH,801750.SI,0.6757317584095599
2025-05-30,560690.SH,801770.SI,0.8117046043277845
2025-05-30,560780.SH,801080.SI,1.0
2025-05-30,560800.SH,801080.SI,0.5727699238031456
2025-05-30,560850.SH,801750.SI,0.8853907531843455
2025-05-30,560860.SH,801050.SI,0.9991856639413573
2025-05-30,560880.SH,801110.SI,0.9267594957772113
2025-05-30,560900.SH,801150.SI,1.0
2025-05-30,560980.SH,801730.SI,1.0
2025-05-30,561010.SH,801750.SI,1.0
2025-05-30,561100.SH,801080.SI,0.9490643924689173
2025-05-30,561120.SH,801110.SI,0.9258169664155818
2025-05-30,561160.SH,801730.SI,0.860040883272064
2025-05-30,561170.SH,801160.SI,0.9997538168170383
2025-05-30,561310.SH,801080.SI,0.9488813497423786
2025-05-30,561320.SH,801170.SI,0.9998021626148462
2025-05-30,561330.SH,801050.SI,1.0
2025-05-30,561360.SH,801960.SI,0.7331089266088885
2025-05-30,561510.SH,801150.SI,0.9999692817335872
2025-05-30,561560.SH,801160.SI,0.9996707477698349
2025-05-30,561570.SH,801960.SI,0.779836951158386
2025-05-30,561600.SH,801080.SI,0.949718413446174
2025-05-30,561700.SH,801160.SI,1.0
2025-05-30,561760.SH,801960.SI,0.7149524993964945
2025-05-30,561800.SH,801050.SI,0.7748364560031556
2025-05-30,561910.SH,801730.SI,0.8595154461227826
2025-05-30,561920.SH,801150.SI,1.0
2025-05-30,561980.SH,801080.SI,0.9998442058560001
2025-05-30,562030.SH,801750.SI,0.8839354266891967
2025-05-30,562350.SH,801160.SI,1.0
2025-05-30,562390.SH,801150.SI,1.0
2025-05-30,562550.SH,801160.SI,1.0
2025-05-30,562560.SH,801080.SI,0.8439076277420529
2025-05-30,562570.SH,801750.SI,0.8852910476934758
2025-05-30,562590.SH,801080.SI,1.0
2025-05-30,562600.SH,801150.SI,0.9084319130423683
2025-05-30,562700.SH,801880.SI,0.5719959965919602
2025-05-30,562800.SH,801050.SI,0.7775247235282621
2025-05-30,562820.SH,801080.SI,1.0
2025-05-30,562860.SH,801150.SI,0.9990378525729546
2025-05-30,562880.SH,801730.SI,0.8605269706489268
2025-05-30,562900.SH,801010.SI,0.9133374298479365
2025-05-30,562910.SH,801730.SI,0.5186407145378946
2025-05-30,562920.SH,801750.SI,0.8849813152446963
2025-05-30,562930.SH,801750.SI,1.0
2025-05-30,562950.SH,801080.SI,0.9497382758226645
2025-05-30,562960.SH,801160.SI,1.0
2025-05-30,562970.SH,801730.SI,0.8343413973194507
2025-05-30,563010.SH,801770.SI,0.8114106347559801
2025-05-30,563150.SH,801960.SI,0.7150507439120398
2025-05-30,588170.SH,801080.SI,1.0
2025-05-30,588200.SH,801080.SI,0.9999967833891296
2025-05-30,588290.SH,801080.SI,1.0
2025-05-30,588700.SH,801150.SI,0.9995633025165415
2025-05-30,588750.SH,801080.SI,1.0
2025-05-30,588780.SH,801080.SI,0.9387894207246843
2025-05-30,588810.SH,801080.SI,0.9996742378595947
2025-05-30,588830.SH,801730.SI,1.0
2025-05-30,588860.SH,801150.SI,0.9998791036907142
2025-05-30,588890.SH,801080.SI,0.9999871592071377
2025-05-30,588990.SH,801080.SI,1.0
2025-06-30,159206.SZ,801770.SI,0.654608099300845
2025-06-30,159301.SZ,801160.SI,1.0
2025-06-30,159305.SZ,801730.SI,0.8119109569486375
2025-06-30,159306.SZ,801880.SI,0.5714402329550027
2025-06-30,159309.SZ,801960.SI,0.7150151974350022
2025-06-30,159310.SZ,801080.SI,0.9998187967561434
2025-06-30,159325.SZ,801080.SI,0.999519988192299
2025-06-30,159326.SZ,801730.SI,0.8057087462067439
2025-06-30,159327.SZ,801080.SI,1.0
2025-06-30,159328.SZ,801110.SI,0.9027644143286992
2025-06-30,159363.SZ,801770.SI,0.5956228791572296
2025-06-30,159378.SZ,801740.SI,0.5588533623213159
2025-06-30,159507.SZ,801770.SI,0.9047367983908184
2025-06-30,159508.SZ,801150.SI,0.9190335831629021
2025-06-30,159511.SZ,801770.SI,0.8288401325841963
2025-06-30,159512.SZ,801880.SI,1.0
2025-06-30,159516.SZ,801080.SI,0.9998921848917331
2025-06-30,159527.SZ,801750.SI,0.7595626890086775
2025-06-30,159537.SZ,801080.SI,0.630757563731007
2025-06-30,159538.SZ,801080.SI,0.6336974323616629
2025-06-30,159539.SZ,801080.SI,0.5615330307911185
2025-06-30,159540.SZ,801080.SI,0.5633014574413903
2025-06-30,159542.SZ,801890.SI,0.7329854236745461
2025-06-30,159546.SZ,801080.SI,1.0
2025-06-30,159558.SZ,801080.SI,1.0
2025-06-30,159560.SZ,801080.SI,0.9992132798594504
2025-06-30,159565.SZ,801880.SI,0.5721491511469068
2025-06-30,159566.SZ,801730.SI,0.8111717647129034
2025-06-30,159582.SZ,801080.SI,1.0
2025-06-30,159583.SZ,801770.SI,0.6966008234241603
2025-06-30,159586.SZ,801750.SI,1.0
2025-06-30,159587.SZ,801010.SI,0.9442737283284715
2025-06-30,159588.SZ,801960.SI,0.7538263865553921
2025-06-30,159590.SZ,801750.SI,1.0
2025-06-30,159599.SZ,801080.SI,0.9986766605503412
2025-06-30,159608.SZ,801050.SI,0.7764368941363168
2025-06-30,159609.SZ,801730.SI,0.8334515704564306
2025-06-30,159611.SZ,801160.SI,1.0
2025-06-30,159613.SZ,801750.SI,0.8850395856010992
2025-06-30,159618.SZ,801730.SI,0.8358569509910374
2025-06-30,159619.SZ,801720.SI,0.7076721933697493
2025-06-30,159625.SZ,801160.SI,1.0
2025-06-30,159635.SZ,801720.SI,0.7078815587766933
2025-06-30,159638.SZ,801740.SI,0.9158194800050502
2025-06-30,159643.SZ,801150.SI,1.0
2025-06-30,159645.SZ,801150.SI,1.0
2025-06-30,159647.SZ,801150.SI,1.0
2025-06-30,159652.SZ,801050.SI,1.0
2025-06-30,159657.SZ,801150.SI,0.9990344252820444
2025-06-30,159658.SZ,801080.SI,0.5742491868182119
2025-06-30,159662.SZ,801170.SI,0.9998804592746033
2025-06-30,159663.SZ,801890.SI,0.6873126489136888
2025-06-30,159665.SZ,801080.SI,0.9995445141685865
2025-06-30,159667.SZ,801890.SI,0.6859882659942055
2025-06-30,159669.SZ,801160.SI,1.0
2025-06-30,159671.SZ,801050.SI,0.7757992115235707
2025-06-30,159690.SZ,801050.SI,1.0
2025-06-30,159692.SZ,801790.SI,0.9993007482419402
2025-06-30,159695.SZ,801770.SI,0.9051929468565151
2025-06-30,159697.SZ,801960.SI,0.7537985269348153
2025-06-30,159698.SZ,801010.SI,0.9428233524971456
2025-06-30,159707.SZ,801180.SI,0.9995150774635113
2025-06-30,159713.SZ,801050.SI,0.5757050362770415
2025-06-30,159715.SZ,801050.SI,0.5755105421748672
2025-06-30,159730.SZ,801110.SI,0.8733565199565292
2025-06-30,159731.SZ,801030.SI,0.5533866955327099
2025-06-30,159732.SZ,801080.SI,1.0
2025-06-30,159736.SZ,801120.SI,0.9999277608573213
2025-06-30,159739.SZ,801750.SI,0.7591793192420521
2025-06-30,159745.SZ,801710.SI,0.9995360112867394
2025-06-30,159752.SZ,801730.SI,0.6537739948508487
2025-06-30,159760.SZ,801150.SI,0.952626259000795
2025-06-30,159768.SZ,801180.SI,0.9996704550190528
2025-06-30,159779.SZ,801080.SI,0.9496256448494914
2025-06-30,159786.SZ,801080.SI,0.9984368816662389
2025-06-30,159787.SZ,801710.SI,1.0
2025-06-30,159795.SZ,801080.SI,0.516905935475954
2025-06-30,159796.SZ,801730.SI,0.8605864279254688
2025-06-30,159797.SZ,801150.SI,0.9086241810788575
2025-06-30,159801.SZ,801080.SI,1.0
2025-06-30,159805.SZ,801760.SI,0.8159681278525632
2025-06-30,159811.SZ,801770.SI,0.5501862108005692
2025-06-30,159813.SZ,801080.SI,0.999969339384294
2025-06-30,159825.SZ,801010.SI,0.765742649802982
2025-06-30,159827.SZ,801010.SI,0.7645310856243118
2025-06-30,159828.SZ,801150.SI,0.935039670507202
2025-06-30,159835.SZ,801150.SI,1.0
2025-06-30,159837.SZ,801150.SI,1.0
2025-06-30,159838.SZ,801150.SI,1.0
2025-06-30,159839.SZ,801150.SI,0.9183719711658607
2025-06-30,159841.SZ,801790.SI,0.9999457439504911
2025-06-30,159842.SZ,801790.SI,0.9998610968116708
2025-06-30,159843.SZ,801120.SI,0.9991277206294737
2025-06-30,159847.SZ,801150.SI,0.9364480547881484
2025-06-30,159848.SZ,801790.SI,0.9997908267513977
2025-06-30,159849.SZ,801150.SI,1.0
2025-06-30,159851.SZ,801750.SI,0.8347387288823057
2025-06-30,159852.SZ,801750.SI,0.999916862879114
2025-06-30,159855.SZ,801760.SI,1.0
2025-06-30,159857.SZ,801730.SI,0.834661095275594
2025-06-30,159858.SZ,801150.SI,0.9997756547844346
2025-06-30,159859.SZ,801150.SI,0.9182906552143633
2025-06-30,159861.SZ,801730.SI,0.6009125540602527
2025-06-30,159862.SZ,801120.SI,1.0
2025-06-30,159863.SZ,801730.SI,0.8348304693944877
2025-06-30,159864.SZ,801730.SI,0.8341341467162655
2025-06-30,159865.SZ,801010.SI,0.8727451813508189
2025-06-30,159867.SZ,801010.SI,0.8706815459437414
2025-06-30,159869.SZ,801760.SI,1.0
2025-06-30,159870.SZ,801030.SI,0.8633006284699978
2025-06-30,159871.SZ,801050.SI,0.9997665945075803
2025-06-30,159873.SZ,801150.SI,0.9144496775314465
2025-06-30,159875.SZ,801730.SI,0.7156955861730273
2025-06-30,159876.SZ,801050.SI,1.0
2025-06-30,159877.SZ,801150.SI,0.9171143374678415
2025-06-30,159880.SZ,801050.SI,1.0
2025-06-30,159881.SZ,801050.SI,1.0
2025-06-30,159883.SZ,801150.SI,0.9083597670476621
2025-06-30,159886.SZ,801730.SI,0.5200464298922413
2025-06-30,159887.SZ,801780.SI,0.9998591920239484
2025-06-30,159888.SZ,801080.SI,0.5149423086209218
2025-06-30,159889.SZ,801080.SI,0.5146347479916586
2025-06-30,159890.SZ,801750.SI,0.75846268383526
2025-06-30,159891.SZ,801150.SI,0.9167200903523922
2025-06-30,159898.SZ,801150.SI,0.9062982552094987
2025-06-30,159899.SZ,801750.SI,0.9983738201962428
2025-06-30,159929.SZ,801150.SI,0.9592227826638705
2025-06-30,159930.SZ,801950.SI,0.5213900372837613
2025-06-30,159931.SZ,801780.SI,0.5500796411800991
2025-06-30,159933.SZ,801780.SI,0.5521568006486414
2025-06-30,159938.SZ,801150.SI,0.9598327268400607
2025-06-30,159939.SZ,801080.SI,0.8433617472945673
2025-06-30,159940.SZ,801780.SI,0.5501499916679293
2025-06-30,159992.SZ,801150.SI,0.9999620443599918
2025-06-30,159993.SZ,801790.SI,1.0
2025-06-30,159994.SZ,801080.SI,0.5237465968478109
2025-06-30,159995.SZ,801080.SI,1.0
2025-06-30,159996.SZ,801110.SI,0.9267305492594481
2025-06-30,159997.SZ,801080.SI,0.8433351157134977
2025-06-30,159998.SZ,801750.SI,0.9411437065482895
2025-06-30,510200.SH,801790.SI,0.9996396793592505
2025-06-30,510650.SH,801780.SI,0.6301386943078942
2025-06-30,510660.SH,801150.SI,1.0
2025-06-30,512000.SH,801790.SI,0.9999862388342774
2025-06-30,512010.SH,801150.SI,0.9597854108358819
2025-06-30,512070.SH,801790.SI,1.0
2025-06-30,512120.SH,801150.SI,0.9497817484230766
2025-06-30,512170.SH,801150.SI,0.9354143274247222
2025-06-30,512290.SH,801150.SI,0.9999077230290873
2025-06-30,512400.SH,801050.SI,0.9999404405430371
2025-06-30,512560.SH,801740.SI,0.8801640702768737
2025-06-30,512570.SH,801790.SI,1.0
2025-06-30,512580.SH,801730.SI,0.5895762277023044
2025-06-30,512640.SH,801780.SI,0.5496415358426457
2025-06-30,512660.SH,801740.SI,0.8800425271358224
2025-06-30,512670.SH,801740.SI,0.999818716405634
2025-06-30,512680.SH,801740.SI,0.8801906187915446
2025-06-30,512690.SH,801120.SI,1.0
2025-06-30,512700.SH,801780.SI,0.9999862986117465
2025-06-30,512710.SH,801740.SI,0.9999524145903316
2025-06-30,512720.SH,801750.SI,0.9403783446643237
2025-06-30,512730.SH,801780.SI,1.0
2025-06-30,512760.SH,801080.SI,0.9999768277130767
2025-06-30,512800.SH,801780.SI,0.9999592902927475
2025-06-30,512810.SH,801740.SI,0.8792888302752133
2025-06-30,512820.SH,801780.SI,1.0
2025-06-30,512880.SH,801790.SI,0.9999914597310313
2025-06-30,512900.SH,801790.SI,0.9999571432533619
2025-06-30,512980.SH,801760.SI,0.8179402191205488
2025-06-30,515010.SH,801790.SI,1.0
2025-06-30,515020.SH,801780.SI,1.0
2025-06-30,515050.SH,801080.SI,0.5237839440469124
2025-06-30,515120.SH,801150.SI,1.0
2025-06-30,515170.SH,801120.SI,1.0
2025-06-30,515210.SH,801040.SI,0.9997096668893576
2025-06-30,515220.SH,801950.SI,0.9999398909645832
2025-06-30,515230.SH,801750.SI,0.9996469775937159
2025-06-30,515250.SH,801080.SI,0.5145677750916332
2025-06-30,515260.SH,801080.SI,0.8432500245692942
2025-06-30,515290.SH,801780.SI,0.9999134411732661
2025-06-30,515320.SH,801080.SI,0.8434944765987563
2025-06-30,515400.SH,801750.SI,0.9190988231827998
2025-06-30,515560.SH,801790.SI,1.0
2025-06-30,515710.SH,801120.SI,0.9996832883916792
2025-06-30,515790.SH,801730.SI,0.8348586325881534
2025-06-30,515850.SH,801790.SI,0.9994344965627402
2025-06-30,515880.SH,801770.SI,0.682362475376768
2025-06-30,515950.SH,801150.SI,0.9994550330840245
2025-06-30,515960.SH,801150.SI,0.879624842613295
2025-06-30,516000.SH,801750.SI,0.9181395452233763
2025-06-30,516010.SH,801760.SI,0.999867139109401
2025-06-30,516020.SH,801030.SI,0.8621441982667413
2025-06-30,516060.SH,801150.SI,0.9994709711024072
2025-06-30,516080.SH,801150.SI,1.0
2025-06-30,516090.SH,801730.SI,0.7159932119511245
2025-06-30,516100.SH,801750.SI,0.8336735648994391
2025-06-30,516120.SH,801030.SI,0.8627362427741841
2025-06-30,516150.SH,801050.SI,0.5753511099130509
2025-06-30,516160.SH,801730.SI,0.715856557344056
2025-06-30,516180.SH,801730.SI,0.8350567476106667
2025-06-30,516190.SH,801760.SI,0.7532994351097054
2025-06-30,516200.SH,801790.SI,1.0
2025-06-30,516210.SH,801780.SI,1.0
2025-06-30,516220.SH,801030.SI,0.8633899528294985
2025-06-30,516270.SH,801730.SI,0.6537971654395011
2025-06-30,516290.SH,801730.SI,0.8349226723803159
2025-06-30,516310.SH,801780.SI,1.0
2025-06-30,516320.SH,801730.SI,0.5186944393741483
2025-06-30,516350.SH,801080.SI,1.0
2025-06-30,516500.SH,801150.SI,1.0
2025-06-30,516510.SH,801750.SI,0.7591840766313774
2025-06-30,516520.SH,801080.SI,0.5146022107538744
2025-06-30,516530.SH,801170.SI,0.9566637351399659
2025-06-30,516570.SH,801030.SI,0.5532349341598752
2025-06-30,516580.SH,801730.SI,0.7159406831633188
2025-06-30,516610.SH,801150.SI,0.916924910098764
2025-06-30,516620.SH,801760.SI,1.0
2025-06-30,516630.SH,801750.SI,0.7596017868849789
2025-06-30,516640.SH,801080.SI,0.9997611645372817
2025-06-30,516650.SH,801050.SI,1.0
2025-06-30,516670.SH,801010.SI,0.8703899675841622
2025-06-30,516700.SH,801750.SI,0.9212430684331522
2025-06-30,516730.SH,801790.SI,1.0
2025-06-30,516750.SH,801710.SI,1.0
2025-06-30,516760.SH,801010.SI,0.8701418737754401
2025-06-30,516770.SH,801760.SI,0.9984709669021646
2025-06-30,516780.SH,801050.SI,0.5733924849240901
2025-06-30,516790.SH,801150.SI,0.9148966666982558
2025-06-30,516800.SH,801080.SI,0.6059973635461595
2025-06-30,516810.SH,801010.SI,0.7656714535938486
2025-06-30,516820.SH,801150.SI,0.9998420387997079
2025-06-30,516850.SH,801730.SI,0.7158393130973042
2025-06-30,516860.SH,801750.SI,0.8329961004948406
2025-06-30,516880.SH,801730.SI,0.8344701157855711
2025-06-30,516900.SH,801120.SI,1.0
2025-06-30,516910.SH,801170.SI,0.9566235997031848
2025-06-30,516920.SH,801080.SI,1.0
2025-06-30,516930.SH,801150.SI,1.0
2025-06-30,516950.SH,801720.SI,0.7072720118772334
2025-06-30,516960.SH,801730.SI,0.5198928812916334
2025-06-30,516970.SH,801720.SI,0.9548279540056935
2025-06-30,516980.SH,801790.SI,1.0
2025-06-30,517900.SH,801780.SI,0.5823774577787739
2025-06-30,560080.SH,801150.SI,1.0
2025-06-30,560090.SH,801790.SI,1.0
2025-06-30,560190.SH,801160.SI,1.0
2025-06-30,560260.SH,801150.SI,0.936515136959282
2025-06-30,560280.SH,801890.SI,0.7321007369513952
2025-06-30,560300.SH,801770.SI,0.8113727201133123
2025-06-30,560360.SH,801750.SI,0.9991034891275202
2025-06-30,560580.SH,801160.SI,1.0
2025-06-30,560620.SH,801160.SI,1.0
2025-06-30,560660.SH,801750.SI,0.6757317584095599
2025-06-30,560690.SH,801770.SI,0.8117046043277845
2025-06-30,560780.SH,801080.SI,1.0
2025-06-30,560800.SH,801080.SI,0.5727699238031456
2025-06-30,560850.SH,801750.SI,0.8853907531843455
2025-06-30,560860.SH,801050.SI,0.9991856639413573
2025-06-30,560880.SH,801110.SI,0.9267594957772113
2025-06-30,560900.SH,801150.SI,1.0
2025-06-30,560980.SH,801730.SI,1.0
2025-06-30,561010.SH,801750.SI,1.0
2025-06-30,561100.SH,801080.SI,0.9490643924689173
2025-06-30,561120.SH,801110.SI,0.9258169664155818
2025-06-30,561160.SH,801730.SI,0.860040883272064
2025-06-30,561170.SH,801160.SI,0.9997538168170383
2025-06-30,561310.SH,801080.SI,0.9488813497423786
2025-06-30,561320.SH,801170.SI,0.9998021626148462
2025-06-30,561330.SH,801050.SI,1.0
2025-06-30,561360.SH,801960.SI,0.7331089266088885
2025-06-30,561510.SH,801150.SI,0.9999692817335872
2025-06-30,561560.SH,801160.SI,0.9996707477698349
2025-06-30,561570.SH,801960.SI,0.779836951158386
2025-06-30,561600.SH,801080.SI,0.949718413446174
2025-06-30,561700.SH,801160.SI,1.0
2025-06-30,561760.SH,801960.SI,0.7149524993964945
2025-06-30,561800.SH,801050.SI,0.7748364560031556
2025-06-30,561910.SH,801730.SI,0.8595154461227826
2025-06-30,561920.SH,801150.SI,1.0
2025-06-30,561980.SH,801080.SI,0.9998442058560001
2025-06-30,562030.SH,801750.SI,0.8839354266891967
2025-06-30,562350.SH,801160.SI,1.0
2025-06-30,562390.SH,801150.SI,1.0
2025-06-30,562550.SH,801160.SI,1.0
2025-06-30,562560.SH,801080.SI,0.8439076277420529
2025-06-30,562570.SH,801750.SI,0.8852910476934758
2025-06-30,562590.SH,801080.SI,1.0
2025-06-30,562600.SH,801150.SI,0.9084319130423683
2025-06-30,562700.SH,801880.SI,0.5719959965919602
2025-06-30,562800.SH,801050.SI,0.7775247235282621
2025-06-30,562820.SH,801080.SI,1.0
2025-06-30,562860.SH,801150.SI,0.9990378525729546
2025-06-30,562880.SH,801730.SI,0.8605269706489268
2025-06-30,562900.SH,801010.SI,0.9133374298479365
2025-06-30,562910.SH,801730.SI,0.5186407145378946
2025-06-30,562920.SH,801750.SI,0.8849813152446963
2025-06-30,562930.SH,801750.SI,1.0
2025-06-30,562950.SH,801080.SI,0.9497382758226645
2025-06-30,562960.SH,801160.SI,1.0
2025-06-30,562970.SH,801730.SI,0.8343413973194507
2025-06-30,563010.SH,801770.SI,0.8114106347559801
2025-06-30,563150.SH,801960.SI,0.7150507439120398
2025-06-30,588170.SH,801080.SI,1.0
2025-06-30,588200.SH,801080.SI,0.9999967833891296
2025-06-30,588290.SH,801080.SI,1.0
2025-06-30,588700.SH,801150.SI,0.9995633025165415
2025-06-30,588750.SH,801080.SI,1.0
2025-06-30,588780.SH,801080.SI,0.9387894207246843
2025-06-30,588810.SH,801080.SI,0.9996742378595947
2025-06-30,588830.SH,801730.SI,1.0
2025-06-30,588860.SH,801150.SI,0.9998791036907142
2025-06-30,588890.SH,801080.SI,0.9999871592071377
2025-06-30,588990.SH,801080.SI,1.0
2025-07-31,159206.SZ,801770.SI,0.654608099300845
2025-07-31,159261.SZ,801730.SI,0.7700550869609968
2025-07-31,159301.SZ,801160.SI,1.0
2025-07-31,159305.SZ,801730.SI,0.8119109569486375
2025-07-31,159306.SZ,801880.SI,0.5714402329550027
2025-07-31,159309.SZ,801960.SI,0.7150151974350022
2025-07-31,159310.SZ,801080.SI,0.9998187967561434
2025-07-31,159325.SZ,801080.SI,0.999519988192299
2025-07-31,159326.SZ,801730.SI,0.8057087462067439
2025-07-31,159327.SZ,801080.SI,1.0
2025-07-31,159328.SZ,801110.SI,0.9027644143286992
2025-07-31,159363.SZ,801770.SI,0.5956228791572296
2025-07-31,159378.SZ,801740.SI,0.5588533623213159
2025-07-31,159507.SZ,801770.SI,0.9047367983908184
2025-07-31,159508.SZ,801150.SI,0.9190335831629021
2025-07-31,159511.SZ,801770.SI,0.8288401325841963
2025-07-31,159512.SZ,801880.SI,1.0
2025-07-31,159516.SZ,801080.SI,0.9998921848917331
2025-07-31,159527.SZ,801750.SI,0.7595626890086775
2025-07-31,159537.SZ,801080.SI,0.630757563731007
2025-07-31,159538.SZ,801080.SI,0.6336974323616629
2025-07-31,159539.SZ,801080.SI,0.5615330307911185
2025-07-31,159540.SZ,801080.SI,0.5633014574413903
2025-07-31,159542.SZ,801890.SI,0.7329854236745461
2025-07-31,159546.SZ,801080.SI,1.0
2025-07-31,159558.SZ,801080.SI,1.0
2025-07-31,159560.SZ,801080.SI,0.9992132798594504
2025-07-31,159565.SZ,801880.SI,0.5721491511469068
2025-07-31,159566.SZ,801730.SI,0.8111717647129034
2025-07-31,159582.SZ,801080.SI,1.0
2025-07-31,159583.SZ,801770.SI,0.6966008234241603
2025-07-31,159586.SZ,801750.SI,1.0
2025-07-31,159587.SZ,801010.SI,0.9442737283284715
2025-07-31,159588.SZ,801960.SI,0.7538263865553921
2025-07-31,159590.SZ,801750.SI,1.0
2025-07-31,159599.SZ,801080.SI,0.9986766605503412
2025-07-31,159608.SZ,801050.SI,0.7764368941363168
2025-07-31,159609.SZ,801730.SI,0.8334515704564306
2025-07-31,159611.SZ,801160.SI,1.0
2025-07-31,159613.SZ,801750.SI,0.8850395856010992
2025-07-31,159618.SZ,801730.SI,0.8358569509910374
2025-07-31,159619.SZ,801720.SI,0.7076721933697493
2025-07-31,159625.SZ,801160.SI,1.0
2025-07-31,159635.SZ,801720.SI,0.7078815587766933
2025-07-31,159638.SZ,801740.SI,0.9158194800050502
2025-07-31,159643.SZ,801150.SI,1.0
2025-07-31,159645.SZ,801150.SI,1.0
2025-07-31,159647.SZ,801150.SI,1.0
2025-07-31,159652.SZ,801050.SI,1.0
2025-07-31,159657.SZ,801150.SI,0.9990344252820444
2025-07-31,159658.SZ,801080.SI,0.5742491868182119
2025-07-31,159662.SZ,801170.SI,0.9998804592746033
2025-07-31,159663.SZ,801890.SI,0.6873126489136888
2025-07-31,159665.SZ,801080.SI,0.9995445141685865
2025-07-31,159667.SZ,801890.SI,0.6859882659942055
2025-07-31,159669.SZ,801160.SI,1.0
2025-07-31,159671.SZ,801050.SI,0.7757992115235707
2025-07-31,159690.SZ,801050.SI,1.0
2025-07-31,159692.SZ,801790.SI,0.9993007482419402
2025-07-31,159695.SZ,801770.SI,0.9051929468565151
2025-07-31,159697.SZ,801960.SI,0.7537985269348153
2025-07-31,159698.SZ,801010.SI,0.9428233524971456
2025-07-31,159707.SZ,801180.SI,0.9995150774635113
2025-07-31,159713.SZ,801050.SI,0.5757050362770415
2025-07-31,159715.SZ,801050.SI,0.5755105421748672
2025-07-31,159730.SZ,801110.SI,0.8733565199565292
2025-07-31,159731.SZ,801030.SI,0.5533866955327099
2025-07-31,159732.SZ,801080.SI,1.0
2025-07-31,159736.SZ,801120.SI,0.9999277608573213
2025-07-31,159739.SZ,801750.SI,0.7591793192420521
2025-07-31,159745.SZ,801710.SI,0.9995360112867394
2025-07-31,159752.SZ,801730.SI,0.6537739948508487
2025-07-31,159760.SZ,801150.SI,0.952626259000795
2025-07-31,159768.SZ,801180.SI,0.9996704550190528
2025-07-31,159779.SZ,801080.SI,0.9496256448494914
2025-07-31,159786.SZ,801080.SI,0.9984368816662389
2025-07-31,159787.SZ,801710.SI,1.0
2025-07-31,159795.SZ,801080.SI,0.516905935475954
2025-07-31,159796.SZ,801730.SI,0.8605864279254688
2025-07-31,159797.SZ,801150.SI,0.9086241810788575
2025-07-31,159801.SZ,801080.SI,1.0
2025-07-31,159805.SZ,801760.SI,0.8159681278525632
2025-07-31,159811.SZ,801770.SI,0.5501862108005692
2025-07-31,159813.SZ,801080.SI,0.999969339384294
2025-07-31,159825.SZ,801010.SI,0.765742649802982
2025-07-31,159827.SZ,801010.SI,0.7645310856243118
2025-07-31,159828.SZ,801150.SI,0.935039670507202
2025-07-31,159835.SZ,801150.SI,1.0
2025-07-31,159837.SZ,801150.SI,1.0
2025-07-31,159838.SZ,801150.SI,1.0
2025-07-31,159839.SZ,801150.SI,0.9183719711658607
2025-07-31,159841.SZ,801790.SI,0.9999457439504911
2025-07-31,159842.SZ,801790.SI,0.9998610968116708
2025-07-31,159843.SZ,801120.SI,0.9991277206294737
2025-07-31,159847.SZ,801150.SI,0.9364480547881484
2025-07-31,159848.SZ,801790.SI,0.9997908267513977
2025-07-31,159849.SZ,801150.SI,1.0
2025-07-31,159851.SZ,801750.SI,0.8347387288823057
2025-07-31,159852.SZ,801750.SI,0.999916862879114
2025-07-31,159855.SZ,801760.SI,1.0
2025-07-31,159857.SZ,801730.SI,0.834661095275594
2025-07-31,159858.SZ,801150.SI,0.9997756547844346
2025-07-31,159859.SZ,801150.SI,0.9182906552143633
2025-07-31,159861.SZ,801730.SI,0.6009125540602527
2025-07-31,159862.SZ,801120.SI,1.0
2025-07-31,159863.SZ,801730.SI,0.8348304693944877
2025-07-31,159864.SZ,801730.SI,0.8341341467162655
2025-07-31,159865.SZ,801010.SI,0.8727451813508189
2025-07-31,159867.SZ,801010.SI,0.8706815459437414
2025-07-31,159869.SZ,801760.SI,1.0
2025-07-31,159870.SZ,801030.SI,0.8633006284699978
2025-07-31,159871.SZ,801050.SI,0.9997665945075803
2025-07-31,159873.SZ,801150.SI,0.9144496775314465
2025-07-31,159875.SZ,801730.SI,0.7156955861730273
2025-07-31,159876.SZ,801050.SI,1.0
2025-07-31,159877.SZ,801150.SI,0.9171143374678415
2025-07-31,159880.SZ,801050.SI,1.0
2025-07-31,159881.SZ,801050.SI,1.0
2025-07-31,159883.SZ,801150.SI,0.9083597670476621
2025-07-31,159886.SZ,801730.SI,0.5200464298922413
2025-07-31,159887.SZ,801780.SI,0.9998591920239484
2025-07-31,159888.SZ,801080.SI,0.5149423086209218
2025-07-31,159889.SZ,801080.SI,0.5146347479916586
2025-07-31,159890.SZ,801750.SI,0.75846268383526
2025-07-31,159891.SZ,801150.SI,0.9167200903523922
2025-07-31,159898.SZ,801150.SI,0.9062982552094987
2025-07-31,159899.SZ,801750.SI,0.9983738201962428
2025-07-31,159929.SZ,801150.SI,0.9592227826638705
2025-07-31,159930.SZ,801950.SI,0.5213900372837613
2025-07-31,159931.SZ,801780.SI,0.5500796411800991
2025-07-31,159933.SZ,801780.SI,0.5521568006486414
2025-07-31,159938.SZ,801150.SI,0.9598327268400607
2025-07-31,159939.SZ,801080.SI,0.8433617472945673
2025-07-31,159940.SZ,801780.SI,0.5501499916679293
2025-07-31,159992.SZ,801150.SI,0.9999620443599918
2025-07-31,159993.SZ,801790.SI,1.0
2025-07-31,159994.SZ,801080.SI,0.5237465968478109
2025-07-31,159995.SZ,801080.SI,1.0
2025-07-31,159996.SZ,801110.SI,0.9267305492594481
2025-07-31,159997.SZ,801080.SI,0.8433351157134977
2025-07-31,159998.SZ,801750.SI,0.9411437065482895
2025-07-31,510200.SH,801790.SI,0.9996396793592505
2025-07-31,510650.SH,801780.SI,0.6301386943078942
2025-07-31,510660.SH,801150.SI,1.0
2025-07-31,512000.SH,801790.SI,0.9999862388342774
2025-07-31,512010.SH,801150.SI,0.9597854108358819
2025-07-31,512070.SH,801790.SI,1.0
2025-07-31,512120.SH,801150.SI,0.9497817484230766
2025-07-31,512170.SH,801150.SI,0.9354143274247222
2025-07-31,512290.SH,801150.SI,0.9999077230290873
2025-07-31,512400.SH,801050.SI,0.9999404405430371
2025-07-31,512560.SH,801740.SI,0.8801640702768737
2025-07-31,512570.SH,801790.SI,1.0
2025-07-31,512580.SH,801730.SI,0.5895762277023044
2025-07-31,512640.SH,801780.SI,0.5496415358426457
2025-07-31,512660.SH,801740.SI,0.8800425271358224
2025-07-31,512670.SH,801740.SI,0.999818716405634
2025-07-31,512680.SH,801740.SI,0.8801906187915446
2025-07-31,512690.SH,801120.SI,1.0
2025-07-31,512700.SH,801780.SI,0.9999862986117465
2025-07-31,512710.SH,801740.SI,0.9999524145903316
2025-07-31,512720.SH,801750.SI,0.9403783446643237
2025-07-31,512730.SH,801780.SI,1.0
2025-07-31,512760.SH,801080.SI,0.9999768277130767
2025-07-31,512800.SH,801780.SI,0.9999592902927475
2025-07-31,512810.SH,801740.SI,0.8792888302752133
2025-07-31,512820.SH,801780.SI,1.0
2025-07-31,512880.SH,801790.SI,0.9999914597310313
2025-07-31,512900.SH,801790.SI,0.9999571432533619
2025-07-31,512980.SH,801760.SI,0.8179402191205488
2025-07-31,515010.SH,801790.SI,1.0
2025-07-31,515020.SH,801780.SI,1.0
2025-07-31,515050.SH,801080.SI,0.5237839440469124
2025-07-31,515120.SH,801150.SI,1.0
2025-07-31,515170.SH,801120.SI,1.0
2025-07-31,515210.SH,801040.SI,0.9997096668893576
2025-07-31,515220.SH,801950.SI,0.9999398909645832
2025-07-31,515230.SH,801750.SI,0.9996469775937159
2025-07-31,515250.SH,801080.SI,0.5145677750916332
2025-07-31,515260.SH,801080.SI,0.8432500245692942
2025-07-31,515290.SH,801780.SI,0.9999134411732661
2025-07-31,515320.SH,801080.SI,0.8434944765987563
2025-07-31,515400.SH,801750.SI,0.9190988231827998
2025-07-31,515560.SH,801790.SI,1.0
2025-07-31,515710.SH,801120.SI,0.9996832883916792
2025-07-31,515790.SH,801730.SI,0.8348586325881534
2025-07-31,515850.SH,801790.SI,0.9994344965627402
2025-07-31,515880.SH,801770.SI,0.682362475376768
2025-07-31,515950.SH,801150.SI,0.9994550330840245
2025-07-31,515960.SH,801150.SI,0.879624842613295
2025-07-31,516000.SH,801750.SI,0.9181395452233763
2025-07-31,516010.SH,801760.SI,0.999867139109401
2025-07-31,516020.SH,801030.SI,0.8621441982667413
2025-07-31,516060.SH,801150.SI,0.9994709711024072
2025-07-31,516080.SH,801150.SI,1.0
2025-07-31,516090.SH,801730.SI,0.7159932119511245
2025-07-31,516100.SH,801750.SI,0.8336735648994391
2025-07-31,516120.SH,801030.SI,0.8627362427741841
2025-07-31,516150.SH,801050.SI,0.5753511099130509
2025-07-31,516160.SH,801730.SI,0.715856557344056
2025-07-31,516180.SH,801730.SI,0.8350567476106667
2025-07-31,516190.SH,801760.SI,0.7532994351097054
2025-07-31,516200.SH,801790.SI,1.0
2025-07-31,516210.SH,801780.SI,1.0
2025-07-31,516220.SH,801030.SI,0.8633899528294985
2025-07-31,516270.SH,801730.SI,0.6537971654395011
2025-07-31,516290.SH,801730.SI,0.8349226723803159
2025-07-31,516310.SH,801780.SI,1.0
2025-07-31,516320.SH,801730.SI,0.5186944393741483
2025-07-31,516350.SH,801080.SI,1.0
2025-07-31,516500.SH,801150.SI,1.0
2025-07-31,516510.SH,801750.SI,0.7591840766313774
2025-07-31,516520.SH,801080.SI,0.5146022107538744
2025-07-31,516530.SH,801170.SI,0.9566637351399659
2025-07-31,516570.SH,801030.SI,0.5532349341598752
2025-07-31,516580.SH,801730.SI,0.7159406831633188
2025-07-31,516610.SH,801150.SI,0.916924910098764
2025-07-31,516620.SH,801760.SI,1.0
2025-07-31,516630.SH,801750.SI,0.7596017868849789
2025-07-31,516640.SH,801080.SI,0.9997611645372817
2025-07-31,516650.SH,801050.SI,1.0
2025-07-31,516670.SH,801010.SI,0.8703899675841622
2025-07-31,516700.SH,801750.SI,0.9212430684331522
2025-07-31,516730.SH,801790.SI,1.0
2025-07-31,516750.SH,801710.SI,1.0
2025-07-31,516760.SH,801010.SI,0.8701418737754401
2025-07-31,516770.SH,801760.SI,0.9984709669021646
2025-07-31,516780.SH,801050.SI,0.5733924849240901
2025-07-31,516790.SH,801150.SI,0.9148966666982558
2025-07-31,516800.SH,801080.SI,0.6059973635461595
2025-07-31,516810.SH,801010.SI,0.7656714535938486
2025-07-31,516820.SH,801150.SI,0.9998420387997079
2025-07-31,516850.SH,801730.SI,0.7158393130973042
2025-07-31,516860.SH,801750.SI,0.8329961004948406
2025-07-31,516880.SH,801730.SI,0.8344701157855711
2025-07-31,516900.SH,801120.SI,1.0
2025-07-31,516910.SH,801170.SI,0.9566235997031848
2025-07-31,516920.SH,801080.SI,1.0
2025-07-31,516930.SH,801150.SI,1.0
2025-07-31,516950.SH,801720.SI,0.7072720118772334
2025-07-31,516960.SH,801730.SI,0.5198928812916334
2025-07-31,516970.SH,801720.SI,0.9548279540056935
2025-07-31,516980.SH,801790.SI,1.0
2025-07-31,517900.SH,801780.SI,0.5823774577787739
2025-07-31,560080.SH,801150.SI,1.0
2025-07-31,560090.SH,801790.SI,1.0
2025-07-31,560190.SH,801160.SI,1.0
2025-07-31,560260.SH,801150.SI,0.936515136959282
2025-07-31,560280.SH,801890.SI,0.7321007369513952
2025-07-31,560300.SH,801770.SI,0.8113727201133123
2025-07-31,560360.SH,801750.SI,0.9991034891275202
2025-07-31,560580.SH,801160.SI,1.0
2025-07-31,560620.SH,801160.SI,1.0
2025-07-31,560660.SH,801750.SI,0.6757317584095599
2025-07-31,560690.SH,801770.SI,0.8117046043277845
2025-07-31,560780.SH,801080.SI,1.0
2025-07-31,560800.SH,801080.SI,0.5727699238031456
2025-07-31,560850.SH,801750.SI,0.8853907531843455
2025-07-31,560860.SH,801050.SI,0.9991856639413573
2025-07-31,560880.SH,801110.SI,0.9267594957772113
2025-07-31,560900.SH,801150.SI,1.0
2025-07-31,560980.SH,801730.SI,1.0
2025-07-31,561010.SH,801750.SI,1.0
2025-07-31,561100.SH,801080.SI,0.9490643924689173
2025-07-31,561120.SH,801110.SI,0.9258169664155818
2025-07-31,561160.SH,801730.SI,0.860040883272064
2025-07-31,561170.SH,801160.SI,0.9997538168170383
2025-07-31,561310.SH,801080.SI,0.9488813497423786
2025-07-31,561320.SH,801170.SI,0.9998021626148462
2025-07-31,561330.SH,801050.SI,1.0
2025-07-31,561360.SH,801960.SI,0.7331089266088885
2025-07-31,561510.SH,801150.SI,0.9999692817335872
2025-07-31,561560.SH,801160.SI,0.9996707477698349
2025-07-31,561570.SH,801960.SI,0.779836951158386
2025-07-31,561600.SH,801080.SI,0.949718413446174
2025-07-31,561700.SH,801160.SI,1.0
2025-07-31,561760.SH,801960.SI,0.7149524993964945
2025-07-31,561800.SH,801050.SI,0.7748364560031556
2025-07-31,561910.SH,801730.SI,0.8595154461227826
2025-07-31,561920.SH,801150.SI,1.0
2025-07-31,561980.SH,801080.SI,0.9998442058560001
2025-07-31,562030.SH,801750.SI,0.8839354266891967
2025-07-31,562050.SH,801150.SI,0.9333291232430738
2025-07-31,562350.SH,801160.SI,1.0
2025-07-31,562390.SH,801150.SI,1.0
2025-07-31,562550.SH,801160.SI,1.0
2025-07-31,562560.SH,801080.SI,0.8439076277420529
2025-07-31,562570.SH,801750.SI,0.8852910476934758
2025-07-31,562590.SH,801080.SI,1.0
2025-07-31,562600.SH,801150.SI,0.9084319130423683
2025-07-31,562700.SH,801880.SI,0.5719959965919602
2025-07-31,562800.SH,801050.SI,0.7775247235282621
2025-07-31,562820.SH,801080.SI,1.0
2025-07-31,562860.SH,801150.SI,0.9990378525729546
2025-07-31,562880.SH,801730.SI,0.8605269706489268
2025-07-31,562900.SH,801010.SI,0.9133374298479365
2025-07-31,562910.SH,801730.SI,0.5186407145378946
2025-07-31,562920.SH,801750.SI,0.8849813152446963
2025-07-31,562930.SH,801750.SI,1.0
2025-07-31,562950.SH,801080.SI,0.9497382758226645
2025-07-31,562960.SH,801160.SI,1.0
2025-07-31,562970.SH,801730.SI,0.8343413973194507
2025-07-31,563010.SH,801770.SI,0.8114106347559801
2025-07-31,563150.SH,801960.SI,0.7150507439120398
2025-07-31,588170.SH,801080.SI,1.0
2025-07-31,588200.SH,801080.SI,0.9999967833891296
2025-07-31,588290.SH,801080.SI,1.0
2025-07-31,588700.SH,801150.SI,0.9995633025165415
2025-07-31,588750.SH,801080.SI,1.0
2025-07-31,588780.SH,801080.SI,0.9387894207246843
2025-07-31,588810.SH,801080.SI,0.9996742378595947
2025-07-31,588830.SH,801730.SI,1.0
2025-07-31,588860.SH,801150.SI,0.9998791036907142
2025-07-31,588890.SH,801080.SI,0.9999871592071377
2025-07-31,588990.SH,801080.SI,1.0
2025-08-29,159206.SZ,801740.SI,0.5008528204504559
2025-08-29,159208.SZ,801740.SI,0.9817704925835228
2025-08-29,159213.SZ,801890.SI,0.573493375240094
2025-08-29,159231.SZ,801740.SI,0.5954054289058787
2025-08-29,159261.SZ,801730.SI,0.7700550869609968
2025-08-29,159301.SZ,801160.SI,1.0
2025-08-29,159305.SZ,801730.SI,0.8119109569486375
2025-08-29,159306.SZ,801880.SI,0.5714402329550027
2025-08-29,159309.SZ,801960.SI,0.6778466264194625
2025-08-29,159310.SZ,801080.SI,0.9733558594170778
2025-08-29,159325.SZ,801080.SI,0.999519988192299
2025-08-29,159326.SZ,801730.SI,0.8057087462067439
2025-08-29,159327.SZ,801080.SI,0.950753216751997
2025-08-29,159328.SZ,801110.SI,0.9027644143286992
2025-08-29,159378.SZ,801740.SI,0.5963344315690181
2025-08-29,159507.SZ,801770.SI,0.9047367983908184
2025-08-29,159508.SZ,801150.SI,0.9190335831629021
2025-08-29,159511.SZ,801770.SI,0.8288401325841963
2025-08-29,159512.SZ,801880.SI,1.0
2025-08-29,159516.SZ,801080.SI,0.9998921848917331
2025-08-29,159526.SZ,801890.SI,0.5735730724209006
2025-08-29,159527.SZ,801750.SI,0.7595626890086775
2025-08-29,159537.SZ,801080.SI,0.630757563731007
2025-08-29,159538.SZ,801080.SI,0.6336974323616629
2025-08-29,159539.SZ,801080.SI,0.5615330307911185
2025-08-29,159540.SZ,801080.SI,0.5633014574413903
2025-08-29,159542.SZ,801890.SI,0.717352880147352
2025-08-29,159546.SZ,801080.SI,1.0
2025-08-29,159558.SZ,801080.SI,1.0
2025-08-29,159559.SZ,801890.SI,0.5212294382115356
2025-08-29,159560.SZ,801080.SI,0.9728820539075969
2025-08-29,159565.SZ,801880.SI,0.5721491511469068
2025-08-29,159566.SZ,801730.SI,0.8111717647129034
2025-08-29,159582.SZ,801080.SI,0.9981930997258854
2025-08-29,159583.SZ,801770.SI,0.6966008234241603
2025-08-29,159586.SZ,801750.SI,1.0
2025-08-29,159587.SZ,801010.SI,0.9442737283284715
2025-08-29,159588.SZ,801960.SI,0.6758087037641275
2025-08-29,159590.SZ,801750.SI,0.9838886616969016
2025-08-29,159599.SZ,801080.SI,0.9728714161050662
2025-08-29,159608.SZ,801050.SI,0.7764368941363168
2025-08-29,159609.SZ,801730.SI,0.8334515704564306
2025-08-29,159611.SZ,801160.SI,1.0
2025-08-29,159613.SZ,801750.SI,0.7740607508012536
2025-08-29,159618.SZ,801730.SI,0.8358569509910374
2025-08-29,159619.SZ,801720.SI,0.7076721933697493
2025-08-29,159622.SZ,801150.SI,0.5761655264841605
2025-08-29,159625.SZ,801160.SI,0.9701211534704456
2025-08-29,159635.SZ,801720.SI,0.7078815587766933
2025-08-29,159637.SZ,801730.SI,0.5050016743502069
2025-08-29,159638.SZ,801740.SI,0.8615463074009403
2025-08-29,159643.SZ,801150.SI,1.0
2025-08-29,159645.SZ,801150.SI,1.0
2025-08-29,159647.SZ,801150.SI,0.9996411586217618
2025-08-29,159652.SZ,801050.SI,0.9549716524737928
2025-08-29,159657.SZ,801150.SI,0.9982793101427763
2025-08-29,159658.SZ,801080.SI,0.5742491868182119
2025-08-29,159662.SZ,801170.SI,0.9998804592746033
2025-08-29,159663.SZ,801890.SI,0.6873126489136888
2025-08-29,159665.SZ,801080.SI,0.9564862533701233
2025-08-29,159667.SZ,801890.SI,0.6859882659942055
2025-08-29,159669.SZ,801160.SI,1.0
2025-08-29,159671.SZ,801050.SI,0.753269130626593
2025-08-29,159690.SZ,801050.SI,0.9857619871918641
2025-08-29,159692.SZ,801790.SI,0.9987586915453295
2025-08-29,159695.SZ,801770.SI,0.8508647329347291
2025-08-29,159697.SZ,801960.SI,0.6757903239015762
2025-08-29,159698.SZ,801010.SI,0.6914351660297943
2025-08-29,159707.SZ,801180.SI,0.9993684099849383
2025-08-29,159713.SZ,801050.SI,0.5757050362770415
2025-08-29,159715.SZ,801050.SI,0.5755105421748672
2025-08-29,159730.SZ,801110.SI,0.9079029890841166
2025-08-29,159731.SZ,801030.SI,0.5533866955327099
2025-08-29,159732.SZ,801080.SI,1.0
2025-08-29,159736.SZ,801120.SI,0.9276842921900483
2025-08-29,159739.SZ,801750.SI,0.7637195142017322
2025-08-29,159745.SZ,801710.SI,0.9995360112867394
2025-08-29,159752.SZ,801730.SI,0.7084547480816116
2025-08-29,159757.SZ,801730.SI,0.6377229399252117
2025-08-29,159760.SZ,801150.SI,0.9765743918501053
2025-08-29,159768.SZ,801180.SI,0.9995214139328068
2025-08-29,159770.SZ,801890.SI,0.5734857786670811
2025-08-29,159775.SZ,801730.SI,0.6373900816134407
2025-08-29,159779.SZ,801080.SI,0.9208895064026166
2025-08-29,159786.SZ,801080.SI,0.7139455944886315
2025-08-29,159787.SZ,801710.SI,1.0
2025-08-29,159796.SZ,801730.SI,0.8620184369518461
2025-08-29,159797.SZ,801150.SI,0.9426695590271803
2025-08-29,159801.SZ,801080.SI,1.0
2025-08-29,159805.SZ,801760.SI,0.9022345775715545
2025-08-29,159813.SZ,801080.SI,0.9571910451181919
2025-08-29,159824.SZ,801730.SI,0.5043487410179697
2025-08-29,159825.SZ,801010.SI,0.765742649802982
2025-08-29,159827.SZ,801010.SI,0.7075247351146541
2025-08-29,159828.SZ,801150.SI,0.935039670507202
2025-08-29,159835.SZ,801150.SI,1.0
2025-08-29,159837.SZ,801150.SI,1.0
2025-08-29,159838.SZ,801150.SI,0.9507311618658139
2025-08-29,159839.SZ,801150.SI,0.9368157794795162
2025-08-29,159840.SZ,801730.SI,0.6376818968316429
2025-08-29,159841.SZ,801790.SI,0.9999382201745954
2025-08-29,159842.SZ,801790.SI,0.9998765246292471
2025-08-29,159843.SZ,801120.SI,0.9447074059269384
2025-08-29,159847.SZ,801150.SI,0.9364480547881484
2025-08-29,159848.SZ,801790.SI,0.9998030459871063
2025-08-29,159849.SZ,801150.SI,0.9948202001270209
2025-08-29,159851.SZ,801750.SI,0.8338946943312755
2025-08-29,159852.SZ,801750.SI,0.9589520127568001
2025-08-29,159855.SZ,801760.SI,0.9553515675627438
2025-08-29,159857.SZ,801730.SI,0.7729718320519766
2025-08-29,159858.SZ,801150.SI,0.9997756547844346
2025-08-29,159859.SZ,801150.SI,0.936395679080839
2025-08-29,159861.SZ,801730.SI,0.6009125540602527
2025-08-29,159862.SZ,801120.SI,0.9523770699956878
2025-08-29,159863.SZ,801730.SI,0.7732354417244792
2025-08-29,159864.SZ,801730.SI,0.8341341467162655
2025-08-29,159865.SZ,801010.SI,0.8727451813508189
2025-08-29,159867.SZ,801010.SI,0.8403333401371758
2025-08-29,159869.SZ,801760.SI,1.0
2025-08-29,159870.SZ,801030.SI,0.7483639760794413
2025-08-29,159871.SZ,801050.SI,0.9431722642293906
2025-08-29,159873.SZ,801150.SI,0.9462091666320337
2025-08-29,159875.SZ,801730.SI,0.7288797505177198
2025-08-29,159876.SZ,801050.SI,0.9434960454424617
2025-08-29,159877.SZ,801150.SI,0.9171143374678415
2025-08-29,159880.SZ,801050.SI,0.933941806756223
2025-08-29,159881.SZ,801050.SI,1.0
2025-08-29,159883.SZ,801150.SI,0.9426234874397741
2025-08-29,159886.SZ,801730.SI,0.5200464298922413
2025-08-29,159887.SZ,801780.SI,0.9998591920239484
2025-08-29,159888.SZ,801080.SI,0.5149423086209218
2025-08-29,159889.SZ,801080.SI,0.5146347479916586
2025-08-29,159890.SZ,801750.SI,0.7606469233724732
2025-08-29,159891.SZ,801150.SI,0.946622237040607
2025-08-29,159898.SZ,801150.SI,0.9405465400374171
2025-08-29,159899.SZ,801750.SI,0.9825755183561804
2025-08-29,159929.SZ,801150.SI,0.9647547808434351
2025-08-29,159930.SZ,801950.SI,0.5212297901047549
2025-08-29,159931.SZ,801780.SI,0.5190034353918157
2025-08-29,159933.SZ,801780.SI,0.5613925038848817
2025-08-29,159938.SZ,801150.SI,0.9598327268400607
2025-08-29,159939.SZ,801080.SI,0.8433617472945673
2025-08-29,159940.SZ,801780.SI,0.5501499916679293
2025-08-29,159992.SZ,801150.SI,0.9999481548300551
2025-08-29,159993.SZ,801790.SI,1.0
2025-08-29,159995.SZ,801080.SI,1.0
2025-08-29,159996.SZ,801110.SI,0.9267305492594481
2025-08-29,159997.SZ,801080.SI,0.8586833121293607
2025-08-29,159998.SZ,801750.SI,0.8871262695119226
2025-08-29,510200.SH,801790.SI,0.9996396793592505
2025-08-29,510650.SH,801780.SI,0.6301386943078942
2025-08-29,510660.SH,801150.SI,1.0
2025-08-29,512000.SH,801790.SI,0.9999878680154369
2025-08-29,512010.SH,801150.SI,0.9597854108358819
2025-08-29,512070.SH,801790.SI,1.0
2025-08-29,512120.SH,801150.SI,0.9497817484230766
2025-08-29,512170.SH,801150.SI,0.9143704559753241
2025-08-29,512290.SH,801150.SI,0.9999077230290873
2025-08-29,512400.SH,801050.SI,0.9999404405430371
2025-08-29,512560.SH,801740.SI,0.8801640702768737
2025-08-29,512570.SH,801790.SI,1.0
2025-08-29,512580.SH,801730.SI,0.5895762277023044
2025-08-29,512640.SH,801780.SI,0.5187952046327606
2025-08-29,512660.SH,801740.SI,0.8800425271358224
2025-08-29,512670.SH,801740.SI,0.9051147943498096
2025-08-29,512680.SH,801740.SI,0.8801906187915446
2025-08-29,512690.SH,801120.SI,0.995261009202724
2025-08-29,512700.SH,801780.SI,0.9999862986117465
2025-08-29,512710.SH,801740.SI,0.9999524145903316
2025-08-29,512720.SH,801750.SI,0.9403783446643237
2025-08-29,512730.SH,801780.SI,1.0
2025-08-29,512760.SH,801080.SI,0.9999768277130767
2025-08-29,512800.SH,801780.SI,0.9999729228512315
2025-08-29,512810.SH,801740.SI,0.8131535569997732
2025-08-29,512820.SH,801780.SI,1.0
2025-08-29,512880.SH,801790.SI,0.9999914597310313
2025-08-29,512900.SH,801790.SI,0.9999571432533619
2025-08-29,512980.SH,801760.SI,0.8179402191205488
2025-08-29,515010.SH,801790.SI,1.0
2025-08-29,515020.SH,801780.SI,1.0
2025-08-29,515050.SH,801080.SI,0.5237839440469124
2025-08-29,515120.SH,801150.SI,1.0
2025-08-29,515170.SH,801120.SI,1.0
2025-08-29,515210.SH,801040.SI,0.9997096668893576
2025-08-29,515220.SH,801950.SI,0.9999398909645832
2025-08-29,515230.SH,801750.SI,0.9996469775937159
2025-08-29,515250.SH,801080.SI,0.5145677750916332
2025-08-29,515260.SH,801080.SI,0.8710432665025528
2025-08-29,515290.SH,801780.SI,0.9999363463902143
2025-08-29,515320.SH,801080.SI,0.8434944765987563
2025-08-29,515400.SH,801750.SI,0.9190988231827998
2025-08-29,515560.SH,801790.SI,1.0
2025-08-29,515700.SH,801730.SI,0.5059945653231404
2025-08-29,515710.SH,801120.SI,0.9519278072582144
2025-08-29,515790.SH,801730.SI,0.8348586325881534
2025-08-29,515850.SH,801790.SI,0.9994344965627402
2025-08-29,515880.SH,801770.SI,0.682362475376768
2025-08-29,515950.SH,801150.SI,0.9994550330840245
2025-08-29,515960.SH,801150.SI,0.9500719414042819
2025-08-29,516000.SH,801750.SI,0.9181395452233763
2025-08-29,516010.SH,801760.SI,0.999867139109401
2025-08-29,516020.SH,801030.SI,0.7489314658202791
2025-08-29,516060.SH,801150.SI,0.9996489289286584
2025-08-29,516080.SH,801150.SI,1.0
2025-08-29,516090.SH,801730.SI,0.7159932119511245
2025-08-29,516100.SH,801750.SI,0.8336735648994391
2025-08-29,516120.SH,801030.SI,0.8627362427741841
2025-08-29,516150.SH,801050.SI,0.5895928606990942
2025-08-29,516160.SH,801730.SI,0.715856557344056
2025-08-29,516180.SH,801730.SI,0.7731905895695835
2025-08-29,516190.SH,801760.SI,0.7532994351097054
2025-08-29,516200.SH,801790.SI,1.0
2025-08-29,516210.SH,801780.SI,1.0
2025-08-29,516220.SH,801030.SI,0.8633899528294985
2025-08-29,516270.SH,801730.SI,0.6537971654395011
2025-08-29,516290.SH,801730.SI,0.7730892705085299
2025-08-29,516310.SH,801780.SI,1.0
2025-08-29,516320.SH,801730.SI,0.5186944393741483
2025-08-29,516350.SH,801080.SI,1.0
2025-08-29,516390.SH,801730.SI,0.5059330173060583
2025-08-29,516500.SH,801150.SI,1.0
2025-08-29,516510.SH,801750.SI,0.7591840766313774
2025-08-29,516520.SH,801080.SI,0.5146022107538744
2025-08-29,516530.SH,801170.SI,0.9328995600827128
2025-08-29,516570.SH,801030.SI,0.5532349341598752
2025-08-29,516580.SH,801730.SI,0.7293331651400285
2025-08-29,516610.SH,801150.SI,0.946203574202202
2025-08-29,516620.SH,801760.SI,1.0
2025-08-29,516630.SH,801750.SI,0.7596017868849789
2025-08-29,516640.SH,801080.SI,0.9997611645372817
2025-08-29,516650.SH,801050.SI,1.0
2025-08-29,516670.SH,801010.SI,0.8400006525567282
2025-08-29,516700.SH,801750.SI,0.8454023440867187
2025-08-29,516730.SH,801790.SI,1.0
2025-08-29,516750.SH,801710.SI,1.0
2025-08-29,516760.SH,801010.SI,0.8403178216778208
2025-08-29,516770.SH,801760.SI,0.9984709669021646
2025-08-29,516780.SH,801050.SI,0.5733924849240901
2025-08-29,516790.SH,801150.SI,0.9148966666982558
2025-08-29,516810.SH,801010.SI,0.7656714535938486
2025-08-29,516820.SH,801150.SI,0.9314562789485413
2025-08-29,516850.SH,801730.SI,0.7158393130973042
2025-08-29,516860.SH,801750.SI,0.8261749459221619
2025-08-29,516880.SH,801730.SI,0.7727819656807118
2025-08-29,516900.SH,801120.SI,1.0
2025-08-29,516910.SH,801170.SI,0.9566235997031848
2025-08-29,516920.SH,801080.SI,0.9736832954515742
2025-08-29,516930.SH,801150.SI,0.9948193030088741
2025-08-29,516950.SH,801720.SI,0.687029275357325
2025-08-29,516960.SH,801730.SI,0.5198928812916334
2025-08-29,516970.SH,801720.SI,0.9548279540056935
2025-08-29,516980.SH,801790.SI,1.0
2025-08-29,517900.SH,801780.SI,0.6498034992999953
2025-08-29,560080.SH,801150.SI,1.0
2025-08-29,560090.SH,801790.SI,1.0
2025-08-29,560190.SH,801160.SI,0.9141605532528617
2025-08-29,560260.SH,801150.SI,0.936515136959282
2025-08-29,560280.SH,801890.SI,0.7321007369513952
2025-08-29,560300.SH,801770.SI,0.7615760710134022
2025-08-29,560360.SH,801750.SI,0.958292077851162
2025-08-29,560580.SH,801160.SI,1.0
2025-08-29,560620.SH,801160.SI,0.9137332126270769
2025-08-29,560630.SH,801890.SI,0.5733943648500975
2025-08-29,560660.SH,801750.SI,0.652277312621579
2025-08-29,560690.SH,801770.SI,0.7617216472269448
2025-08-29,560780.SH,801080.SI,1.0
2025-08-29,560800.SH,801080.SI,0.5727699238031456
2025-08-29,560850.SH,801750.SI,0.9386329397080734
2025-08-29,560860.SH,801050.SI,0.8935417633252588
2025-08-29,560880.SH,801110.SI,0.9267594957772113
2025-08-29,560900.SH,801150.SI,1.0
2025-08-29,560980.SH,801730.SI,1.0
2025-08-29,561010.SH,801750.SI,1.0
2025-08-29,561100.SH,801080.SI,0.9490643924689173
2025-08-29,561120.SH,801110.SI,0.9258169664155818
2025-08-29,561160.SH,801730.SI,0.860040883272064
2025-08-29,561170.SH,801160.SI,0.9997538168170383
2025-08-29,561310.SH,801080.SI,0.9488813497423786
2025-08-29,561320.SH,801170.SI,0.9998021626148462
2025-08-29,561330.SH,801050.SI,1.0
2025-08-29,561360.SH,801960.SI,0.7331089266088885
2025-08-29,561510.SH,801150.SI,0.9999692817335872
2025-08-29,561560.SH,801160.SI,0.9996707477698349
2025-08-29,561570.SH,801960.SI,0.779836951158386
2025-08-29,561600.SH,801080.SI,0.9207532986390682
2025-08-29,561700.SH,801160.SI,0.9622968641350854
2025-08-29,561760.SH,801960.SI,0.6792147288432754
2025-08-29,561800.SH,801050.SI,0.7748364560031556
2025-08-29,561910.SH,801730.SI,0.8614775585176682
2025-08-29,561920.SH,801150.SI,0.9888395860601698
2025-08-29,561980.SH,801080.SI,0.9978474142857945
2025-08-29,562010.SH,801730.SI,0.5851182126315232
2025-08-29,562030.SH,801750.SI,0.9392436070217542
2025-08-29,562050.SH,801150.SI,0.9333291232430738
2025-08-29,562350.SH,801160.SI,0.962267980493051
2025-08-29,562360.SH,801890.SI,0.5735665841677781
2025-08-29,562390.SH,801150.SI,1.0
2025-08-29,562550.SH,801160.SI,1.0
2025-08-29,562560.SH,801080.SI,0.8439076277420529
2025-08-29,562570.SH,801750.SI,0.8852910476934758
2025-08-29,562590.SH,801080.SI,1.0
2025-08-29,562600.SH,801150.SI,0.9084319130423683
2025-08-29,562700.SH,801880.SI,0.5719959965919602
2025-08-29,562800.SH,801050.SI,0.753844929511763
2025-08-29,562820.SH,801080.SI,0.9481960532975869
2025-08-29,562860.SH,801150.SI,0.9879687188234325
2025-08-29,562880.SH,801730.SI,0.8621158182892237
2025-08-29,562900.SH,801010.SI,0.9133374298479365
2025-08-29,562910.SH,801730.SI,0.5186407145378946
2025-08-29,562920.SH,801750.SI,0.8849813152446963
2025-08-29,562930.SH,801750.SI,1.0
2025-08-29,562950.SH,801080.SI,0.9497382758226645
2025-08-29,562960.SH,801160.SI,1.0
2025-08-29,562970.SH,801730.SI,0.8343413973194507
2025-08-29,563010.SH,801770.SI,0.8114106347559801
2025-08-29,563150.SH,801960.SI,0.6776729617055288
2025-08-29,588170.SH,801080.SI,1.0
2025-08-29,588200.SH,801080.SI,0.9782522873918015
2025-08-29,588250.SH,801150.SI,0.9615491035345365
2025-08-29,588290.SH,801080.SI,1.0
2025-08-29,588700.SH,801150.SI,0.9609331750705473
2025-08-29,588750.SH,801080.SI,0.9782464803930134
2025-08-29,588780.SH,801080.SI,0.9537668370117254
2025-08-29,588810.SH,801080.SI,0.9996742378595947
2025-08-29,588830.SH,801730.SI,0.9313042376797133
2025-08-29,588850.SH,801890.SI,0.8249683510048773
2025-08-29,588860.SH,801150.SI,0.9612064688716304
2025-08-29,588890.SH,801080.SI,0.9999871592071377
2025-08-29,588990.SH,801080.SI,0.9781713430401534
2025-09-30,159206.SZ,801740.SI,0.5008528204504559
2025-09-30,159208.SZ,801740.SI,0.9817704925835228
2025-09-30,159213.SZ,801890.SI,0.573493375240094
2025-09-30,159227.SZ,801740.SI,0.9824032039665881
2025-09-30,159231.SZ,801740.SI,0.5954054289058787
2025-09-30,159261.SZ,801730.SI,0.7700550869609968
2025-09-30,159301.SZ,801160.SI,0.9141865823888754
2025-09-30,159305.SZ,801730.SI,0.7649373306700764
2025-09-30,159306.SZ,801880.SI,0.6419443219013196
2025-09-30,159309.SZ,801960.SI,0.6778466264194625
2025-09-30,159310.SZ,801080.SI,0.9733558594170778
2025-09-30,159325.SZ,801080.SI,0.9565727155641229
2025-09-30,159326.SZ,801730.SI,0.7967527578780417
2025-09-30,159327.SZ,801080.SI,0.950753216751997
2025-09-30,159328.SZ,801110.SI,0.8747579951221371
2025-09-30,159368.SZ,801730.SI,0.7613528162003605
2025-09-30,159377.SZ,801150.SI,0.9572944090811824
2025-09-30,159378.SZ,801740.SI,0.5963344315690181
2025-09-30,159392.SZ,801740.SI,0.5966812397879255
2025-09-30,159507.SZ,801770.SI,0.8510893873403464
2025-09-30,159508.SZ,801150.SI,0.9367488956160546
2025-09-30,159511.SZ,801770.SI,0.6185521888075157
2025-09-30,159512.SZ,801880.SI,0.9833230416276032
2025-09-30,159516.SZ,801080.SI,0.9507514383473379
2025-09-30,159526.SZ,801890.SI,0.5735730724209006
2025-09-30,159527.SZ,801750.SI,0.7609990109210455
2025-09-30,159530.SZ,801890.SI,0.518448749029845
2025-09-30,159542.SZ,801890.SI,0.717352880147352
2025-09-30,159546.SZ,801080.SI,0.9484188879653945
2025-09-30,159551.SZ,801890.SI,0.573534452279836
2025-09-30,159558.SZ,801080.SI,0.9503576317204744
2025-09-30,159559.SZ,801890.SI,0.5212294382115356
2025-09-30,159560.SZ,801080.SI,0.9728820539075969
2025-09-30,159565.SZ,801880.SI,0.642301510266983
2025-09-30,159566.SZ,801730.SI,0.764109589573243
2025-09-30,159582.SZ,801080.SI,0.9981930997258854
2025-09-30,159583.SZ,801770.SI,0.717442556164612
2025-09-30,159586.SZ,801750.SI,0.9437409522682905
2025-09-30,159587.SZ,801010.SI,0.6961857159341795
2025-09-30,159588.SZ,801960.SI,0.6758087037641275
2025-09-30,159590.SZ,801750.SI,0.9838886616969016
2025-09-30,159599.SZ,801080.SI,0.9728714161050662
2025-09-30,159608.SZ,801050.SI,0.7527028867878989
2025-09-30,159609.SZ,801730.SI,0.772848910172355
2025-09-30,159611.SZ,801160.SI,0.9617393980265809
2025-09-30,159613.SZ,801750.SI,0.7740607508012536
2025-09-30,159618.SZ,801730.SI,0.7729671699112255
2025-09-30,159619.SZ,801720.SI,0.6874876317793297
2025-09-30,159622.SZ,801150.SI,0.5761655264841605
2025-09-30,159625.SZ,801160.SI,0.9701211534704456
2025-09-30,159635.SZ,801720.SI,0.6925383889144753
2025-09-30,159637.SZ,801730.SI,0.5050016743502069
2025-09-30,159638.SZ,801740.SI,0.8615463074009403
2025-09-30,159643.SZ,801150.SI,1.0
2025-09-30,159645.SZ,801150.SI,1.0
2025-09-30,159647.SZ,801150.SI,0.9996411586217618
2025-09-30,159652.SZ,801050.SI,0.9549716524737928
2025-09-30,159657.SZ,801150.SI,0.9982793101427763
2025-09-30,159662.SZ,801170.SI,0.9560687511531923
2025-09-30,159663.SZ,801890.SI,0.7544633063124554
2025-09-30,159665.SZ,801080.SI,0.9564862533701233
2025-09-30,159667.SZ,801890.SI,0.753834338705496
2025-09-30,159669.SZ,801160.SI,0.9703350358747788
2025-09-30,159671.SZ,801050.SI,0.753269130626593
2025-09-30,159690.SZ,801050.SI,0.9857619871918641
2025-09-30,159692.SZ,801790.SI,0.9987586915453295
2025-09-30,159695.SZ,801770.SI,0.8508647329347291
2025-09-30,159697.SZ,801960.SI,0.6757903239015762
2025-09-30,159698.SZ,801010.SI,0.6914351660297943
2025-09-30,159707.SZ,801180.SI,0.9993684099849383
2025-09-30,159713.SZ,801050.SI,0.5900258316298297
2025-09-30,159715.SZ,801050.SI,0.5893546785895152
2025-09-30,159730.SZ,801110.SI,0.9079029890841166
2025-09-30,159731.SZ,801030.SI,0.5812984985784121
2025-09-30,159732.SZ,801080.SI,0.92717225465942
2025-09-30,159736.SZ,801120.SI,0.9276842921900483
2025-09-30,159739.SZ,801750.SI,0.7637195142017322
2025-09-30,159745.SZ,801710.SI,0.9015446718005661
2025-09-30,159748.SZ,801150.SI,0.5752312241710489
2025-09-30,159752.SZ,801730.SI,0.7084547480816116
2025-09-30,159755.SZ,801730.SI,0.6378162329785316
2025-09-30,159757.SZ,801730.SI,0.6377229399252117
2025-09-30,159760.SZ,801150.SI,0.9765743918501053
2025-09-30,159767.SZ,801730.SI,0.6434633478183
2025-09-30,159768.SZ,801180.SI,0.9995214139328068
2025-09-30,159770.SZ,801890.SI,0.5734857786670811
2025-09-30,159775.SZ,801730.SI,0.6373900816134407
2025-09-30,159779.SZ,801080.SI,0.9208895064026166
2025-09-30,159786.SZ,801080.SI,0.7139455944886315
2025-09-30,159787.SZ,801710.SI,0.9021678680962669
2025-09-30,159796.SZ,801730.SI,0.8620184369518461
2025-09-30,159797.SZ,801150.SI,0.9426695590271803
2025-09-30,159801.SZ,801080.SI,0.9571144586239911
2025-09-30,159805.SZ,801760.SI,0.9022345775715545
2025-09-30,159806.SZ,801730.SI,0.5052781966665364
2025-09-30,159813.SZ,801080.SI,0.9571910451181919
2025-09-30,159824.SZ,801730.SI,0.5043487410179697
2025-09-30,159825.SZ,801010.SI,0.708350253671409
2025-09-30,159827.SZ,801010.SI,0.7075247351146541
2025-09-30,159828.SZ,801150.SI,0.9135818768288164
2025-09-30,159835.SZ,801150.SI,1.0
2025-09-30,159837.SZ,801150.SI,0.9944706588644402
2025-09-30,159838.SZ,801150.SI,0.9507311618658139
2025-09-30,159839.SZ,801150.SI,0.9368157794795162
2025-09-30,159840.SZ,801730.SI,0.6376818968316429
2025-09-30,159841.SZ,801790.SI,0.9999382201745954
2025-09-30,159842.SZ,801790.SI,0.9998765246292471
2025-09-30,159843.SZ,801120.SI,0.9447074059269384
2025-09-30,159847.SZ,801150.SI,0.9139698590308596
2025-09-30,159848.SZ,801790.SI,0.9998030459871063
2025-09-30,159849.SZ,801150.SI,0.9948202001270209
2025-09-30,159851.SZ,801750.SI,0.8338946943312755
2025-09-30,159852.SZ,801750.SI,0.9589520127568001
2025-09-30,159855.SZ,801760.SI,0.9553515675627438
2025-09-30,159857.SZ,801730.SI,0.7729718320519766
2025-09-30,159858.SZ,801150.SI,0.9998192902915822
2025-09-30,159859.SZ,801150.SI,0.936395679080839
2025-09-30,159861.SZ,801730.SI,0.6937290248703467
2025-09-30,159862.SZ,801120.SI,0.9523770699956878
2025-09-30,159863.SZ,801730.SI,0.7732354417244792
2025-09-30,159864.SZ,801730.SI,0.7724654738970996
2025-09-30,159865.SZ,801010.SI,0.8406546750595234
2025-09-30,159867.SZ,801010.SI,0.8403333401371758
2025-09-30,159869.SZ,801760.SI,0.967556165110725
2025-09-30,159870.SZ,801030.SI,0.7483639760794413
2025-09-30,159871.SZ,801050.SI,0.9431722642293906
2025-09-30,159873.SZ,801150.SI,0.9462091666320337
2025-09-30,159875.SZ,801730.SI,0.7288797505177198
2025-09-30,159876.SZ,801050.SI,0.9434960454424617
2025-09-30,159877.SZ,801150.SI,0.9464451232338844
2025-09-30,159880.SZ,801050.SI,0.933941806756223
2025-09-30,159881.SZ,801050.SI,0.9432344352548607
2025-09-30,159883.SZ,801150.SI,0.9426234874397741
2025-09-30,159886.SZ,801730.SI,0.600092847945507
2025-09-30,159887.SZ,801780.SI,0.9999244905848435
2025-09-30,159890.SZ,801750.SI,0.7606469233724732
2025-09-30,159891.SZ,801150.SI,0.946622237040607
2025-09-30,159898.SZ,801150.SI,0.9405465400374171
2025-09-30,159899.SZ,801750.SI,0.9825755183561804
2025-09-30,159929.SZ,801150.SI,0.9647547808434351
2025-09-30,159930.SZ,801950.SI,0.5212297901047549
2025-09-30,159931.SZ,801780.SI,0.5190034353918157
2025-09-30,159933.SZ,801780.SI,0.5613925038848817
2025-09-30,159938.SZ,801150.SI,0.9694220490090475
2025-09-30,159939.SZ,801080.SI,0.7305922194816117
2025-09-30,159940.SZ,801780.SI,0.5117063112555216
2025-09-30,159992.SZ,801150.SI,0.9999481548300551
2025-09-30,159993.SZ,801790.SI,1.0
2025-09-30,159995.SZ,801080.SI,0.9572149859725019
2025-09-30,159996.SZ,801110.SI,0.8946990281735414
2025-09-30,159997.SZ,801080.SI,0.8586833121293607
2025-09-30,159998.SZ,801750.SI,0.8871262695119226
2025-09-30,510200.SH,801790.SI,0.9998343284272337
2025-09-30,510650.SH,801780.SI,0.62029377856788
2025-09-30,510660.SH,801150.SI,0.9992939328583313
2025-09-30,512000.SH,801790.SI,0.9999878680154369
2025-09-30,512010.SH,801150.SI,0.9529080025867309
2025-09-30,512070.SH,801790.SI,0.9999630600154498
2025-09-30,512120.SH,801150.SI,0.9759760077597698
2025-09-30,512170.SH,801150.SI,0.9143704559753241
2025-09-30,512290.SH,801150.SI,0.9998542459219957
2025-09-30,512400.SH,801050.SI,0.988880188505772
2025-09-30,512560.SH,801740.SI,0.814149107235823
2025-09-30,512570.SH,801790.SI,0.9997766183164019
2025-09-30,512580.SH,801730.SI,0.65229970012558
2025-09-30,512640.SH,801780.SI,0.5187952046327606
2025-09-30,512660.SH,801740.SI,0.8140966562439569
2025-09-30,512670.SH,801740.SI,0.9051147943498096
2025-09-30,512680.SH,801740.SI,0.8139353382165098
2025-09-30,512690.SH,801120.SI,0.995261009202724
2025-09-30,512700.SH,801780.SI,0.9999202261227345
2025-09-30,512710.SH,801740.SI,0.9484079695436824
2025-09-30,512720.SH,801750.SI,0.8868478947950986
2025-09-30,512730.SH,801780.SI,1.0
2025-09-30,512760.SH,801080.SI,0.9603971488331446
2025-09-30,512800.SH,801780.SI,0.9999729228512315
2025-09-30,512810.SH,801740.SI,0.8131535569997732
2025-09-30,512820.SH,801780.SI,1.0
2025-09-30,512880.SH,801790.SI,0.999987695342974
2025-09-30,512900.SH,801790.SI,0.9999632965442957
2025-09-30,512980.SH,801760.SI,0.9030281210088551
2025-09-30,515010.SH,801790.SI,0.9998610586756441
2025-09-30,515020.SH,801780.SI,0.9998777881140106
2025-09-30,515030.SH,801730.SI,0.5037732862928953
2025-09-30,515120.SH,801150.SI,0.9999042414221768
2025-09-30,515170.SH,801120.SI,0.9521809776276063
2025-09-30,515210.SH,801040.SI,0.9433200651195313
2025-09-30,515220.SH,801950.SI,0.9902495496871319
2025-09-30,515230.SH,801750.SI,0.9892800445152138
2025-09-30,515260.SH,801080.SI,0.8710432665025528
2025-09-30,515290.SH,801780.SI,0.9999363463902143
2025-09-30,515320.SH,801080.SI,0.8714519985571965
2025-09-30,515400.SH,801750.SI,0.8419481701715515
2025-09-30,515560.SH,801790.SI,1.0
2025-09-30,515700.SH,801730.SI,0.5059945653231404
2025-09-30,515710.SH,801120.SI,0.9519278072582144
2025-09-30,515790.SH,801730.SI,0.7727445856208829
2025-09-30,515850.SH,801790.SI,0.9994113138745456
2025-09-30,515880.SH,801770.SI,0.7509850141076316
2025-09-30,515950.SH,801150.SI,0.9504560768229746
2025-09-30,515960.SH,801150.SI,0.9500719414042819
2025-09-30,516000.SH,801750.SI,0.8417721494134637
2025-09-30,516010.SH,801760.SI,0.9677369552910922
2025-09-30,516020.SH,801030.SI,0.7489314658202791
2025-09-30,516060.SH,801150.SI,0.9996489289286584
2025-09-30,516080.SH,801150.SI,0.9991153928500989
2025-09-30,516090.SH,801730.SI,0.7291142872341937
2025-09-30,516100.SH,801750.SI,0.8258301372371342
2025-09-30,516120.SH,801030.SI,0.7479058078616774
2025-09-30,516150.SH,801050.SI,0.5895928606990942
2025-09-30,516160.SH,801730.SI,0.7294964883273664
2025-09-30,516180.SH,801730.SI,0.7731905895695835
2025-09-30,516190.SH,801760.SI,0.8552480143457705
2025-09-30,516200.SH,801790.SI,1.0
2025-09-30,516210.SH,801780.SI,1.0
2025-09-30,516220.SH,801030.SI,0.7484983664598154
2025-09-30,516270.SH,801730.SI,0.7083820023054023
2025-09-30,516290.SH,801730.SI,0.7730892705085299
2025-09-30,516310.SH,801780.SI,0.9998577680664472
2025-09-30,516350.SH,801080.SI,0.9734328170408437
2025-09-30,516390.SH,801730.SI,0.5059330173060583
2025-09-30,516500.SH,801150.SI,0.9948156537657676
2025-09-30,516510.SH,801750.SI,0.7611203618814318
2025-09-30,516530.SH,801170.SI,0.9328995600827128
2025-09-30,516570.SH,801030.SI,0.5812947083165894
2025-09-30,516580.SH,801730.SI,0.7293331651400285
2025-09-30,516610.SH,801150.SI,0.946203574202202
2025-09-30,516620.SH,801760.SI,0.9551497110988459
2025-09-30,516630.SH,801750.SI,0.7609205259949752
2025-09-30,516640.SH,801080.SI,0.9735642954738979
2025-09-30,516650.SH,801050.SI,0.955194157032086
2025-09-30,516660.SH,801730.SI,0.5047780317974565
2025-09-30,516670.SH,801010.SI,0.8400006525567282
2025-09-30,516700.SH,801750.SI,0.8454023440867187
2025-09-30,516730.SH,801790.SI,1.0
2025-09-30,516750.SH,801710.SI,0.9020972240373959
2025-09-30,516760.SH,801010.SI,0.8403178216778208
2025-09-30,516770.SH,801760.SI,0.9670505463606553
2025-09-30,516780.SH,801050.SI,0.592934933708195
2025-09-30,516790.SH,801150.SI,0.9447324265729984
2025-09-30,516810.SH,801010.SI,0.7077681003222843
2025-09-30,516820.SH,801150.SI,0.9314562789485413
2025-09-30,516850.SH,801730.SI,0.7292767151961423
2025-09-30,516860.SH,801750.SI,0.8261749459221619
2025-09-30,516880.SH,801730.SI,0.7727819656807118
2025-09-30,516900.SH,801120.SI,1.0
2025-09-30,516910.SH,801170.SI,0.9328722582102109
2025-09-30,516920.SH,801080.SI,0.9736832954515742
2025-09-30,516930.SH,801150.SI,0.9948193030088741
2025-09-30,516950.SH,801720.SI,0.687029275357325
2025-09-30,516960.SH,801730.SI,0.5998204679592052
2025-09-30,516970.SH,801720.SI,0.953321405489552
2025-09-30,516980.SH,801790.SI,1.0
2025-09-30,517110.SH,801150.SI,0.5638301450498295
2025-09-30,517120.SH,801150.SI,0.5749676687589689
2025-09-30,517770.SH,801760.SI,0.5680190082256268
2025-09-30,517900.SH,801780.SI,0.6498034992999953
2025-09-30,560080.SH,801150.SI,1.0
2025-09-30,560090.SH,801790.SI,1.0
2025-09-30,560190.SH,801160.SI,0.9141605532528617
2025-09-30,560260.SH,801150.SI,0.914101740677001
2025-09-30,560280.SH,801890.SI,0.7129155539362367
2025-09-30,560300.SH,801770.SI,0.7615760710134022
2025-09-30,560360.SH,801750.SI,0.958292077851162
2025-09-30,560580.SH,801160.SI,0.9623093880491047
2025-09-30,560620.SH,801160.SI,0.9137332126270769
2025-09-30,560630.SH,801890.SI,0.5733943648500975
2025-09-30,560660.SH,801750.SI,0.652277312621579
2025-09-30,560690.SH,801770.SI,0.7617216472269448
2025-09-30,560780.SH,801080.SI,0.9497196410782591
2025-09-30,560850.SH,801750.SI,0.9386329397080734
2025-09-30,560860.SH,801050.SI,0.8935417633252588
2025-09-30,560880.SH,801110.SI,0.8941955349836314
2025-09-30,560900.SH,801150.SI,1.0
2025-09-30,560980.SH,801730.SI,0.7361518053666657
2025-09-30,561010.SH,801750.SI,0.9763203932509332
2025-09-30,561100.SH,801080.SI,0.9199346311987093
2025-09-30,561120.SH,801110.SI,0.893873103185559
2025-09-30,561160.SH,801730.SI,0.8614676753406333
2025-09-30,561170.SH,801160.SI,0.9997951548840283
2025-09-30,561310.SH,801080.SI,0.9201034322230341
2025-09-30,561320.SH,801170.SI,0.999922984133594
2025-09-30,561330.SH,801050.SI,1.0
2025-09-30,561360.SH,801960.SI,0.663393525942426
2025-09-30,561510.SH,801150.SI,0.9999816272932394
2025-09-30,561560.SH,801160.SI,0.9647614030176767
2025-09-30,561570.SH,801960.SI,0.6706358226339194
2025-09-30,561600.SH,801080.SI,0.9207532986390682
2025-09-30,561700.SH,801160.SI,0.9622968641350854
2025-09-30,561760.SH,801960.SI,0.6792147288432754
2025-09-30,561800.SH,801050.SI,0.753627790879781
2025-09-30,561910.SH,801730.SI,0.8614775585176682
2025-09-30,561920.SH,801150.SI,0.9888395860601698
2025-09-30,561980.SH,801080.SI,0.9978474142857945
2025-09-30,562010.SH,801730.SI,0.5851182126315232
2025-09-30,562030.SH,801750.SI,0.9392436070217542
2025-09-30,562050.SH,801150.SI,0.9333291232430738
2025-09-30,562350.SH,801160.SI,0.962267980493051
2025-09-30,562360.SH,801890.SI,0.5735665841677781
2025-09-30,562390.SH,801150.SI,1.0
2025-09-30,562500.SH,801890.SI,0.5735552464158706
2025-09-30,562550.SH,801160.SI,1.0
2025-09-30,562560.SH,801080.SI,0.7304196379531056
2025-09-30,562570.SH,801750.SI,0.9385161073462007
2025-09-30,562590.SH,801080.SI,0.9507124089495433
2025-09-30,562600.SH,801150.SI,0.942745636385415
2025-09-30,562700.SH,801880.SI,0.6425448302577498
2025-09-30,562800.SH,801050.SI,0.753844929511763
2025-09-30,562820.SH,801080.SI,0.9481960532975869
2025-09-30,562860.SH,801150.SI,0.9879687188234325
2025-09-30,562880.SH,801730.SI,0.8621158182892237
2025-09-30,562900.SH,801010.SI,0.9035412092168036
2025-09-30,562920.SH,801750.SI,0.773856765175097
2025-09-30,562930.SH,801750.SI,0.9583563319574866
2025-09-30,562950.SH,801080.SI,0.9196530776098043
2025-09-30,562960.SH,801160.SI,0.9998650878356569
2025-09-30,562970.SH,801730.SI,0.7724285988210331
2025-09-30,563010.SH,801770.SI,0.7613463072558165
2025-09-30,563150.SH,801960.SI,0.6776729617055288
2025-09-30,588170.SH,801080.SI,0.9791801657767664
2025-09-30,588200.SH,801080.SI,0.9782522873918015
2025-09-30,588250.SH,801150.SI,0.9615491035345365
2025-09-30,588290.SH,801080.SI,0.9782318379652293
2025-09-30,588700.SH,801150.SI,0.9609331750705473
2025-09-30,588750.SH,801080.SI,0.9782464803930134
2025-09-30,588780.SH,801080.SI,0.9537668370117254
2025-09-30,588810.SH,801080.SI,0.9779032780962283
2025-09-30,588830.SH,801730.SI,0.9313042376797133
2025-09-30,588850.SH,801890.SI,0.8249683510048773
2025-09-30,588860.SH,801150.SI,0.9612064688716304
2025-09-30,588890.SH,801080.SI,0.9782331450930707
2025-09-30,588960.SH,801730.SI,0.9314160502144309
2025-09-30,588990.SH,801080.SI,0.9781713430401534
2025-09-30,589100.SH,801080.SI,0.9781294406084338
2025-10-31,159206.SZ,801740.SI,0.6867772802152925
2025-10-31,159208.SZ,801740.SI,1.0
2025-10-31,159218.SZ,801740.SI,0.5905558284886423
2025-10-31,159227.SZ,801740.SI,1.0
2025-10-31,159230.SZ,801740.SI,0.5669503560993165
2025-10-31,159231.SZ,801740.SI,0.5676890130196459
2025-10-31,159241.SZ,801740.SI,0.9995558160604308
2025-10-31,159242.SZ,801770.SI,0.7440672519548872
2025-10-31,159246.SZ,801770.SI,0.7451558625805121
2025-10-31,159255.SZ,801740.SI,0.5668308332463433
2025-10-31,159256.SZ,801750.SI,0.758571590346331
2025-10-31,159257.SZ,801740.SI,0.5668536415881179
2025-10-31,159261.SZ,801730.SI,0.8028195406239496
2025-10-31,159267.SZ,801740.SI,1.0
2025-10-31,159275.SZ,801010.SI,0.9338121788185806
2025-10-31,159301.SZ,801160.SI,0.9241337638775683
2025-10-31,159305.SZ,801730.SI,0.8752720777520372
2025-10-31,159309.SZ,801960.SI,0.6089511710578586
2025-10-31,159310.SZ,801080.SI,0.9984161516971695
2025-10-31,159311.SZ,801080.SI,0.6809541705927761
2025-10-31,159325.SZ,801080.SI,1.0
2025-10-31,159326.SZ,801730.SI,0.7920563966432309
2025-10-31,159327.SZ,801080.SI,0.9992999912257419
2025-10-31,159328.SZ,801110.SI,0.9294220056642907
2025-10-31,159363.SZ,801770.SI,0.745029336764066
2025-10-31,159368.SZ,801730.SI,0.8027459790955404
2025-10-31,159377.SZ,801150.SI,0.9197363563170499
2025-10-31,159378.SZ,801740.SI,0.5669173925984862
2025-10-31,159381.SZ,801770.SI,0.7450948469015012
2025-10-31,159382.SZ,801770.SI,0.7445696976182125
2025-10-31,159385.SZ,801080.SI,0.7601845802351648
2025-10-31,159387.SZ,801730.SI,0.8028445374141212
2025-10-31,159388.SZ,801770.SI,0.7445384692359327
2025-10-31,159389.SZ,801080.SI,0.760753233212928
2025-10-31,159392.SZ,801740.SI,0.5679081675215948
2025-10-31,159507.SZ,801770.SI,0.9667638322328969
2025-10-31,159508.SZ,801150.SI,0.9140251902777548
2025-10-31,159511.SZ,801770.SI,0.858063700075529
2025-10-31,159512.SZ,801880.SI,1.0
2025-10-31,159516.SZ,801080.SI,0.9999902659022768
2025-10-31,159527.SZ,801750.SI,0.5812017014896457
2025-10-31,159537.SZ,801080.SI,0.743396873712875
2025-10-31,159538.SZ,801080.SI,0.6846093776856258
2025-10-31,159539.SZ,801080.SI,0.7423969356250764
2025-10-31,159540.SZ,801080.SI,0.7440706296094602
2025-10-31,159542.SZ,801890.SI,0.7527815633729459
2025-10-31,159546.SZ,801080.SI,1.0
2025-10-31,159558.SZ,801080.SI,1.0
2025-10-31,159560.SZ,801080.SI,0.9999358315314801
2025-10-31,159566.SZ,801730.SI,0.8750027309625593
2025-10-31,159582.SZ,801080.SI,1.0
2025-10-31,159583.SZ,801770.SI,0.8569339179449031
2025-10-31,159586.SZ,801750.SI,0.9993330572112165
2025-10-31,159587.SZ,801010.SI,0.7838664874067155
2025-10-31,159588.SZ,801960.SI,0.7057993355701514
2025-10-31,159590.SZ,801750.SI,1.0
2025-10-31,159599.SZ,801080.SI,0.9991133623544642
2025-10-31,159608.SZ,801050.SI,0.8383831833409646
2025-10-31,159609.SZ,801730.SI,0.8365777742448043
2025-10-31,159611.SZ,801160.SI,0.9164836377973946
2025-10-31,159613.SZ,801750.SI,0.8058834603039646
2025-10-31,159618.SZ,801730.SI,0.8867606374362037
2025-10-31,159619.SZ,801720.SI,0.6951483610408195
2025-10-31,159625.SZ,801160.SI,0.9995535375262902
2025-10-31,159635.SZ,801720.SI,0.6956334789659222
2025-10-31,159638.SZ,801740.SI,0.9188733573835915
2025-10-31,159643.SZ,801150.SI,1.0
2025-10-31,159645.SZ,801150.SI,1.0
2025-10-31,159647.SZ,801150.SI,0.9996221564467166
2025-10-31,159652.SZ,801050.SI,1.0
2025-10-31,159657.SZ,801150.SI,0.9992434552997128
2025-10-31,159658.SZ,801080.SI,0.6792707406734866
2025-10-31,159662.SZ,801170.SI,0.9551225068910881
2025-10-31,159663.SZ,801890.SI,0.719172019158903
2025-10-31,159665.SZ,801080.SI,0.998539129121766
2025-10-31,159667.SZ,801890.SI,0.7194504830840417
2025-10-31,159669.SZ,801160.SI,0.9998791968828797
2025-10-31,159671.SZ,801050.SI,0.8372734803804582
2025-10-31,159690.SZ,801050.SI,1.0
2025-10-31,159692.SZ,801790.SI,0.9992472370456126
2025-10-31,159695.SZ,801770.SI,0.9667633200134255
2025-10-31,159697.SZ,801960.SI,0.7058662909403665
2025-10-31,159698.SZ,801010.SI,0.783003165764277
2025-10-31,159707.SZ,801180.SI,0.9996621149013505
2025-10-31,159713.SZ,801050.SI,0.5673713342316726
2025-10-31,159715.SZ,801050.SI,0.5679211561292467
2025-10-31,159730.SZ,801110.SI,0.8760368898984973
2025-10-31,159731.SZ,801030.SI,0.5782643878552812
2025-10-31,159732.SZ,801080.SI,1.0
2025-10-31,159736.SZ,801120.SI,0.9995086188250112
2025-10-31,159739.SZ,801750.SI,0.5821974291350354
2025-10-31,159745.SZ,801710.SI,0.9577553839302357
2025-10-31,159752.SZ,801730.SI,0.7610249347094334
2025-10-31,159755.SZ,801730.SI,0.5771197614269107
2025-10-31,159757.SZ,801730.SI,0.5768226489571723
2025-10-31,159760.SZ,801150.SI,1.0
2025-10-31,159767.SZ,801730.SI,0.5754517160860351
2025-10-31,159768.SZ,801180.SI,0.9998672799531304
2025-10-31,159775.SZ,801730.SI,0.5789638605332317
2025-10-31,159779.SZ,801080.SI,0.8929320509376899
2025-10-31,159786.SZ,801080.SI,0.9528081319565094
2025-10-31,159787.SZ,801710.SI,0.9578944897873781
2025-10-31,159795.SZ,801080.SI,0.6085324061700635
2025-10-31,159796.SZ,801730.SI,0.8781821564240656
2025-10-31,159797.SZ,801150.SI,0.9248670878763925
2025-10-31,159801.SZ,801080.SI,1.0
2025-10-31,159805.SZ,801760.SI,0.8029747693011875
2025-10-31,159811.SZ,801770.SI,0.5701057604346093
2025-10-31,159813.SZ,801080.SI,0.9999467562164192
2025-10-31,159825.SZ,801010.SI,0.6706291843954804
2025-10-31,159827.SZ,801010.SI,0.6701942766059118
2025-10-31,159828.SZ,801150.SI,0.9465095204018231
2025-10-31,159835.SZ,801150.SI,1.0
2025-10-31,159837.SZ,801150.SI,1.0
2025-10-31,159838.SZ,801150.SI,0.9572947567607792
2025-10-31,159839.SZ,801150.SI,0.9317199280073044
2025-10-31,159840.SZ,801730.SI,0.5779267987963272
2025-10-31,159841.SZ,801790.SI,0.9997112004594733
2025-10-31,159842.SZ,801790.SI,0.999971263989671
2025-10-31,159843.SZ,801120.SI,0.9987181408344841
2025-10-31,159847.SZ,801150.SI,0.946891763521155
2025-10-31,159848.SZ,801790.SI,0.9998532861385019
2025-10-31,159849.SZ,801150.SI,1.0
2025-10-31,159851.SZ,801750.SI,0.8211816390312878
2025-10-31,159852.SZ,801750.SI,0.9998991677136395
2025-10-31,159855.SZ,801760.SI,1.0
2025-10-31,159857.SZ,801730.SI,0.8725068348720704
2025-10-31,159858.SZ,801150.SI,0.9996487079147794
2025-10-31,159859.SZ,801150.SI,0.9313656305420721
2025-10-31,159861.SZ,801730.SI,0.7951736106383909
2025-10-31,159862.SZ,801120.SI,1.0
2025-10-31,159863.SZ,801730.SI,0.8735134295007408
2025-10-31,159864.SZ,801730.SI,0.8733071172721881
2025-10-31,159865.SZ,801010.SI,0.8817273098649123
2025-10-31,159867.SZ,801010.SI,0.8814961074224216
2025-10-31,159869.SZ,801760.SI,1.0
2025-10-31,159870.SZ,801030.SI,0.7565855864065127
2025-10-31,159871.SZ,801050.SI,0.9999409568448291
2025-10-31,159873.SZ,801150.SI,0.927184221993669
2025-10-31,159875.SZ,801730.SI,0.7482492231617351
2025-10-31,159876.SZ,801050.SI,1.0
2025-10-31,159877.SZ,801150.SI,0.9272701250256663
2025-10-31,159880.SZ,801050.SI,1.0
2025-10-31,159881.SZ,801050.SI,1.0
2025-10-31,159883.SZ,801150.SI,0.9236063007398002
2025-10-31,159886.SZ,801730.SI,0.6364047854994507
2025-10-31,159887.SZ,801780.SI,0.9998069783443521
2025-10-31,159888.SZ,801080.SI,0.6082806043717206
2025-10-31,159889.SZ,801080.SI,0.6076562063610355
2025-10-31,159890.SZ,801750.SI,0.580124349256844
2025-10-31,159891.SZ,801150.SI,0.9264658032512676
2025-10-31,159898.SZ,801150.SI,0.9227679444991777
2025-10-31,159899.SZ,801750.SI,0.9982094949349619
2025-10-31,159929.SZ,801150.SI,1.0
2025-10-31,159931.SZ,801780.SI,0.5299466603243898
2025-10-31,159933.SZ,801780.SI,0.5262069582701455
2025-10-31,159938.SZ,801150.SI,1.0
2025-10-31,159939.SZ,801080.SI,0.9226046481301142
2025-10-31,159940.SZ,801780.SI,0.5300410276835894
2025-10-31,159992.SZ,801150.SI,0.9999461117639482
2025-10-31,159993.SZ,801790.SI,1.0
2025-10-31,159994.SZ,801080.SI,0.5106733417509551
2025-10-31,159995.SZ,801080.SI,1.0
2025-10-31,159996.SZ,801110.SI,0.9419123055860356
2025-10-31,159997.SZ,801080.SI,0.9205903662419891
2025-10-31,159998.SZ,801750.SI,0.9989014724719939
2025-10-31,510200.SH,801790.SI,0.9998741147789587
2025-10-31,510650.SH,801780.SI,0.6165037400316492
2025-10-31,510660.SH,801150.SI,1.0
2025-10-31,512000.SH,801790.SI,0.9999867899634607
2025-10-31,512010.SH,801150.SI,1.0
2025-10-31,512070.SH,801790.SI,1.0
2025-10-31,512120.SH,801150.SI,0.9592047473646999
2025-10-31,512170.SH,801150.SI,0.9470610110983838
2025-10-31,512290.SH,801150.SI,0.9998677638973733
2025-10-31,512400.SH,801050.SI,0.9999845634473955
2025-10-31,512560.SH,801740.SI,0.9412344128149066
2025-10-31,512570.SH,801790.SI,1.0
2025-10-31,512580.SH,801730.SI,0.7613853164573533
2025-10-31,512640.SH,801780.SI,0.5292459738331667
2025-10-31,512660.SH,801740.SI,0.9411844571891284
2025-10-31,512670.SH,801740.SI,0.9998311061217561
2025-10-31,512680.SH,801740.SI,0.941239623335389
2025-10-31,512690.SH,801120.SI,1.0
2025-10-31,512700.SH,801780.SI,0.9999092144681029
2025-10-31,512710.SH,801740.SI,0.9998138262806361
2025-10-31,512720.SH,801750.SI,0.9995435385367163
2025-10-31,512730.SH,801780.SI,1.0
2025-10-31,512760.SH,801080.SI,0.9999913110579868
2025-10-31,512800.SH,801780.SI,0.9999871586562858
2025-10-31,512810.SH,801740.SI,0.9408775694019911
2025-10-31,512820.SH,801780.SI,1.0
2025-10-31,512880.SH,801790.SI,0.9999914668911052
2025-10-31,512900.SH,801790.SI,0.999976297680924
2025-10-31,512980.SH,801760.SI,0.803747044987479
2025-10-31,515010.SH,801790.SI,1.0
2025-10-31,515020.SH,801780.SI,1.0
2025-10-31,515050.SH,801080.SI,0.5102509028532782
2025-10-31,515120.SH,801150.SI,1.0
2025-10-31,515170.SH,801120.SI,1.0
2025-10-31,515210.SH,801040.SI,0.9998323089486029
2025-10-31,515220.SH,801950.SI,0.9999846369891136
2025-10-31,515230.SH,801750.SI,0.9997168910419592
2025-10-31,515250.SH,801080.SI,0.6084307923968603
2025-10-31,515260.SH,801080.SI,0.9222063278838173
2025-10-31,515290.SH,801780.SI,0.9995739147179257
2025-10-31,515320.SH,801080.SI,0.9226846874547374
2025-10-31,515400.SH,801750.SI,0.9452598139675582
2025-10-31,515560.SH,801790.SI,1.0
2025-10-31,515710.SH,801120.SI,0.9997283756982723
2025-10-31,515790.SH,801730.SI,0.8735100778335663
2025-10-31,515850.SH,801790.SI,0.9995065152943016
2025-10-31,515880.SH,801770.SI,0.756966445000469
2025-10-31,515950.SH,801150.SI,0.954018359038233
2025-10-31,515960.SH,801150.SI,0.9462148853415709
2025-10-31,516000.SH,801750.SI,0.9456094862010019
2025-10-31,516010.SH,801760.SI,0.9999519861712204
2025-10-31,516020.SH,801030.SI,0.757011875780539
2025-10-31,516060.SH,801150.SI,0.9998023719683228
2025-10-31,516080.SH,801150.SI,1.0
2025-10-31,516090.SH,801730.SI,0.7489068126745718
2025-10-31,516100.SH,801750.SI,0.8204167477902928
2025-10-31,516120.SH,801030.SI,0.7554247105759423
2025-10-31,516150.SH,801050.SI,0.568126462342109
2025-10-31,516160.SH,801730.SI,0.7483314059569444
2025-10-31,516180.SH,801730.SI,0.8734821464834587
2025-10-31,516190.SH,801760.SI,0.7622812610633982
2025-10-31,516200.SH,801790.SI,1.0
2025-10-31,516210.SH,801780.SI,1.0
2025-10-31,516220.SH,801030.SI,0.7567133595312238
2025-10-31,516270.SH,801730.SI,0.7617217731182772
2025-10-31,516290.SH,801730.SI,0.8735844889624207
2025-10-31,516310.SH,801780.SI,1.0
2025-10-31,516320.SH,801730.SI,0.6339737810182176
2025-10-31,516350.SH,801080.SI,1.0
2025-10-31,516500.SH,801150.SI,1.0
2025-10-31,516510.SH,801750.SI,0.5818244028906255
2025-10-31,516520.SH,801080.SI,0.6079626147229757
2025-10-31,516530.SH,801170.SI,0.9288119429190862
2025-10-31,516570.SH,801030.SI,0.5783805266110547
2025-10-31,516580.SH,801730.SI,0.7485852983606764
2025-10-31,516610.SH,801150.SI,0.9271135151240714
2025-10-31,516620.SH,801760.SI,1.0
2025-10-31,516630.SH,801750.SI,0.5824584486172284
2025-10-31,516640.SH,801080.SI,0.999930160093798
2025-10-31,516650.SH,801050.SI,1.0
2025-10-31,516670.SH,801010.SI,0.8803339908142969
2025-10-31,516700.SH,801750.SI,0.9453357104986736
2025-10-31,516730.SH,801790.SI,1.0
2025-10-31,516750.SH,801710.SI,0.9576816873748665
2025-10-31,516760.SH,801010.SI,0.8814102908537822
2025-10-31,516770.SH,801760.SI,0.9996379805358002
2025-10-31,516780.SH,801050.SI,0.5680224295670848
2025-10-31,516790.SH,801150.SI,0.9275622891518079
2025-10-31,516800.SH,801080.SI,0.6888696153903575
2025-10-31,516810.SH,801010.SI,0.6706783290380287
2025-10-31,516820.SH,801150.SI,0.944925564763038
2025-10-31,516850.SH,801730.SI,0.7484564475443524
2025-10-31,516860.SH,801750.SI,0.8203829732288604
2025-10-31,516880.SH,801730.SI,0.878205788072063
2025-10-31,516900.SH,801120.SI,1.0
2025-10-31,516910.SH,801170.SI,0.9288517693983228
2025-10-31,516920.SH,801080.SI,1.0
2025-10-31,516930.SH,801150.SI,1.0
2025-10-31,516950.SH,801720.SI,0.6952470997693703
2025-10-31,516960.SH,801730.SI,0.637343481262416
2025-10-31,516970.SH,801720.SI,0.9272522232537802
2025-10-31,516980.SH,801790.SI,1.0
2025-10-31,517900.SH,801780.SI,0.6485567256891874
2025-10-31,560080.SH,801150.SI,1.0
2025-10-31,560090.SH,801790.SI,1.0
2025-10-31,560190.SH,801160.SI,0.9241760055688951
2025-10-31,560260.SH,801150.SI,0.9468542875565823
2025-10-31,560280.SH,801890.SI,0.7542172134014303
2025-10-31,560300.SH,801770.SI,0.797733857475641
2025-10-31,560360.SH,801750.SI,0.9994953157559368
2025-10-31,560580.SH,801160.SI,0.9164865251117592
2025-10-31,560620.SH,801160.SI,0.9240745510319087
2025-10-31,560660.SH,801770.SI,0.5926850595363425
2025-10-31,560690.SH,801770.SI,0.7965184834680331
2025-10-31,560780.SH,801080.SI,1.0
2025-10-31,560800.SH,801080.SI,0.6813446591533162
2025-10-31,560850.SH,801750.SI,0.8570589163057721
2025-10-31,560860.SH,801050.SI,0.9995934692193605
2025-10-31,560880.SH,801110.SI,0.9420397814900964
2025-10-31,560900.SH,801150.SI,1.0
2025-10-31,560980.SH,801730.SI,0.8538765375479737
2025-10-31,561010.SH,801750.SI,1.0
2025-10-31,561100.SH,801080.SI,0.8946327495647471
2025-10-31,561120.SH,801110.SI,0.9413476996086324
2025-10-31,561160.SH,801730.SI,0.8784166479016325
2025-10-31,561170.SH,801160.SI,0.999799690571078
2025-10-31,561220.SH,801080.SI,0.7594033985219806
2025-10-31,561310.SH,801080.SI,0.8949898984775305
2025-10-31,561320.SH,801170.SI,1.0
2025-10-31,561330.SH,801050.SI,1.0
2025-10-31,561360.SH,801960.SI,0.651658871266229
2025-10-31,561510.SH,801150.SI,0.9999511562574532
2025-10-31,561560.SH,801160.SI,0.9172202105572342
2025-10-31,561570.SH,801960.SI,0.6583530753610413
2025-10-31,561600.SH,801080.SI,0.8958046912449192
2025-10-31,561700.SH,801160.SI,0.9177134022698297
2025-10-31,561760.SH,801960.SI,0.6092611703682587
2025-10-31,561800.SH,801050.SI,0.8369232687105405
2025-10-31,561910.SH,801730.SI,0.8797139772103907
2025-10-31,561920.SH,801150.SI,1.0
2025-10-31,561980.SH,801080.SI,0.9993961145670467
2025-10-31,562010.SH,801730.SI,0.6065686745695342
2025-10-31,562030.SH,801750.SI,0.8527037761940458
2025-10-31,562050.SH,801150.SI,0.9376837435645864
2025-10-31,562350.SH,801160.SI,0.9164705116069999
2025-10-31,562390.SH,801150.SI,1.0
2025-10-31,562550.SH,801160.SI,1.0
2025-10-31,562560.SH,801080.SI,0.9231880559584835
2025-10-31,562570.SH,801750.SI,0.8568692913331252
2025-10-31,562590.SH,801080.SI,1.0
2025-10-31,562600.SH,801150.SI,0.9236394977783996
2025-10-31,562800.SH,801050.SI,0.8382536365534385
2025-10-31,562820.SH,801080.SI,1.0
2025-10-31,562860.SH,801150.SI,0.9987466670905042
2025-10-31,562870.SH,801790.SI,0.9998961314186331
2025-10-31,562880.SH,801730.SI,0.8789670467018156
2025-10-31,562900.SH,801010.SI,0.9234803660041846
2025-10-31,562910.SH,801730.SI,0.6344530764669882
2025-10-31,562920.SH,801750.SI,0.8058211748141881
2025-10-31,562930.SH,801750.SI,1.0
2025-10-31,562950.SH,801080.SI,0.8951022957672651
2025-10-31,562960.SH,801160.SI,1.0
2025-10-31,562970.SH,801730.SI,0.8735844163179104
2025-10-31,563010.SH,801770.SI,0.7976556300341291
2025-10-31,563150.SH,801960.SI,0.6091590944249199
2025-10-31,588130.SH,801150.SI,1.0
2025-10-31,588170.SH,801080.SI,1.0
2025-10-31,588200.SH,801080.SI,0.9999978639021663
2025-10-31,588250.SH,801150.SI,1.0
2025-10-31,588290.SH,801080.SI,1.0
2025-10-31,588700.SH,801150.SI,0.9993298005851236
2025-10-31,588710.SH,801080.SI,0.9999941724969895
2025-10-31,588750.SH,801080.SI,1.0
2025-10-31,588780.SH,801080.SI,0.9503359264500699
2025-10-31,588810.SH,801080.SI,0.9999651826872155
2025-10-31,588830.SH,801730.SI,1.0
2025-10-31,588850.SH,801890.SI,0.783328818841998
2025-10-31,588860.SH,801150.SI,0.9990182878184342
2025-10-31,588890.SH,801080.SI,0.9999945058256691
2025-10-31,588920.SH,801080.SI,1.0
2025-10-31,588960.SH,801730.SI,0.9999545587433669
2025-10-31,588990.SH,801080.SI,1.0
2025-10-31,589100.SH,801080.SI,0.9999873532924766
2025-10-31,589720.SH,801150.SI,1.0
2025-11-28,159206.SZ,801740.SI,0.6867772802152925
2025-11-28,159208.SZ,801740.SI,1.0
2025-11-28,159218.SZ,801740.SI,0.5905558284886423
2025-11-28,159227.SZ,801740.SI,1.0
2025-11-28,159230.SZ,801740.SI,0.5669503560993165
2025-11-28,159231.SZ,801740.SI,0.5676890130196459
2025-11-28,159241.SZ,801740.SI,0.9995558160604308
2025-11-28,159242.SZ,801770.SI,0.7440672519548872
2025-11-28,159246.SZ,801770.SI,0.7451558625805121
2025-11-28,159255.SZ,801740.SI,0.5668308332463433
2025-11-28,159256.SZ,801750.SI,0.758571590346331
2025-11-28,159257.SZ,801740.SI,0.5668536415881179
2025-11-28,159261.SZ,801730.SI,0.8028195406239496
2025-11-28,159267.SZ,801740.SI,1.0
2025-11-28,159275.SZ,801010.SI,0.9338121788185806
2025-11-28,159301.SZ,801160.SI,0.9241337638775683
2025-11-28,159305.SZ,801730.SI,0.8752720777520372
2025-11-28,159309.SZ,801960.SI,0.6089511710578586
2025-11-28,159310.SZ,801080.SI,0.9984161516971695
2025-11-28,159311.SZ,801080.SI,0.6809541705927761
2025-11-28,159325.SZ,801080.SI,1.0
2025-11-28,159326.SZ,801730.SI,0.7920563966432309
2025-11-28,159327.SZ,801080.SI,0.9992999912257419
2025-11-28,159328.SZ,801110.SI,0.9294220056642907
2025-11-28,159363.SZ,801770.SI,0.745029336764066
2025-11-28,159368.SZ,801730.SI,0.8027459790955404
2025-11-28,159377.SZ,801150.SI,0.9197363563170499
2025-11-28,159378.SZ,801740.SI,0.5669173925984862
2025-11-28,159381.SZ,801770.SI,0.7450948469015012
2025-11-28,159382.SZ,801770.SI,0.7445696976182125
2025-11-28,159385.SZ,801080.SI,0.7601845802351648
2025-11-28,159387.SZ,801730.SI,0.8028445374141212
2025-11-28,159388.SZ,801770.SI,0.7445384692359327
2025-11-28,159389.SZ,801080.SI,0.760753233212928
2025-11-28,159392.SZ,801740.SI,0.5679081675215948
2025-11-28,159507.SZ,801770.SI,0.9667638322328969
2025-11-28,159508.SZ,801150.SI,0.9140251902777548
2025-11-28,159511.SZ,801770.SI,0.858063700075529
2025-11-28,159512.SZ,801880.SI,1.0
2025-11-28,159516.SZ,801080.SI,0.9999902659022768
2025-11-28,159527.SZ,801750.SI,0.5812017014896457
2025-11-28,159537.SZ,801080.SI,0.743396873712875
2025-11-28,159538.SZ,801080.SI,0.6846093776856258
2025-11-28,159539.SZ,801080.SI,0.7423969356250764
2025-11-28,159540.SZ,801080.SI,0.7440706296094602
2025-11-28,159542.SZ,801890.SI,0.7527815633729459
2025-11-28,159546.SZ,801080.SI,1.0
2025-11-28,159558.SZ,801080.SI,1.0
2025-11-28,159560.SZ,801080.SI,0.9999358315314801
2025-11-28,159566.SZ,801730.SI,0.8750027309625593
2025-11-28,159582.SZ,801080.SI,1.0
2025-11-28,159583.SZ,801770.SI,0.8569339179449031
2025-11-28,159586.SZ,801750.SI,0.9993330572112165
2025-11-28,159587.SZ,801010.SI,0.7838664874067155
2025-11-28,159588.SZ,801960.SI,0.7057993355701514
2025-11-28,159590.SZ,801750.SI,1.0
2025-11-28,159599.SZ,801080.SI,0.9991133623544642
2025-11-28,159608.SZ,801050.SI,0.8383831833409646
2025-11-28,159609.SZ,801730.SI,0.8365777742448043
2025-11-28,159611.SZ,801160.SI,0.9164836377973946
2025-11-28,159613.SZ,801750.SI,0.8058834603039646
2025-11-28,159618.SZ,801730.SI,0.8867606374362037
2025-11-28,159619.SZ,801720.SI,0.6951483610408195
2025-11-28,159625.SZ,801160.SI,0.9995535375262902
2025-11-28,159635.SZ,801720.SI,0.6956334789659222
2025-11-28,159638.SZ,801740.SI,0.9188733573835915
2025-11-28,159643.SZ,801150.SI,1.0
2025-11-28,159645.SZ,801150.SI,1.0
2025-11-28,159647.SZ,801150.SI,0.9996221564467166
2025-11-28,159652.SZ,801050.SI,1.0
2025-11-28,159657.SZ,801150.SI,0.9992434552997128
2025-11-28,159658.SZ,801080.SI,0.6792707406734866
2025-11-28,159662.SZ,801170.SI,0.9551225068910881
2025-11-28,159663.SZ,801890.SI,0.719172019158903
2025-11-28,159665.SZ,801080.SI,0.998539129121766
2025-11-28,159667.SZ,801890.SI,0.7194504830840417
2025-11-28,159669.SZ,801160.SI,0.9998791968828797
2025-11-28,159671.SZ,801050.SI,0.8372734803804582
2025-11-28,159690.SZ,801050.SI,1.0
2025-11-28,159692.SZ,801790.SI,0.9992472370456126
2025-11-28,159695.SZ,801770.SI,0.9667633200134255
2025-11-28,159697.SZ,801960.SI,0.7058662909403665
2025-11-28,159698.SZ,801010.SI,0.783003165764277
2025-11-28,159707.SZ,801180.SI,0.9996621149013505
2025-11-28,159713.SZ,801050.SI,0.5673713342316726
2025-11-28,159715.SZ,801050.SI,0.5679211561292467
2025-11-28,159730.SZ,801110.SI,0.8760368898984973
2025-11-28,159731.SZ,801030.SI,0.5782643878552812
2025-11-28,159732.SZ,801080.SI,1.0
2025-11-28,159736.SZ,801120.SI,0.9995086188250112
2025-11-28,159739.SZ,801750.SI,0.5821974291350354
2025-11-28,159745.SZ,801710.SI,0.9577553839302357
2025-11-28,159752.SZ,801730.SI,0.7610249347094334
2025-11-28,159755.SZ,801730.SI,0.5771197614269107
2025-11-28,159757.SZ,801730.SI,0.5768226489571723
2025-11-28,159760.SZ,801150.SI,1.0
2025-11-28,159767.SZ,801730.SI,0.5754517160860351
2025-11-28,159768.SZ,801180.SI,0.9998672799531304
2025-11-28,159775.SZ,801730.SI,0.5789638605332317
2025-11-28,159779.SZ,801080.SI,0.8929320509376899
2025-11-28,159786.SZ,801080.SI,0.9528081319565094
2025-11-28,159787.SZ,801710.SI,0.9578944897873781
2025-11-28,159795.SZ,801080.SI,0.6085324061700635
2025-11-28,159796.SZ,801730.SI,0.8781821564240656
2025-11-28,159797.SZ,801150.SI,0.9248670878763925
2025-11-28,159801.SZ,801080.SI,1.0
2025-11-28,159805.SZ,801760.SI,0.8029747693011875
2025-11-28,159811.SZ,801770.SI,0.5701057604346093
2025-11-28,159813.SZ,801080.SI,0.9999467562164192
2025-11-28,159825.SZ,801010.SI,0.6706291843954804
2025-11-28,159827.SZ,801010.SI,0.6701942766059118
2025-11-28,159828.SZ,801150.SI,0.9465095204018231
2025-11-28,159835.SZ,801150.SI,1.0
2025-11-28,159837.SZ,801150.SI,1.0
2025-11-28,159838.SZ,801150.SI,0.9572947567607792
2025-11-28,159839.SZ,801150.SI,0.9317199280073044
2025-11-28,159840.SZ,801730.SI,0.5779267987963272
2025-11-28,159841.SZ,801790.SI,0.9997112004594733
2025-11-28,159842.SZ,801790.SI,0.999971263989671
2025-11-28,159843.SZ,801120.SI,0.9987181408344841
2025-11-28,159847.SZ,801150.SI,0.946891763521155
2025-11-28,159848.SZ,801790.SI,0.9998532861385019
2025-11-28,159849.SZ,801150.SI,1.0
2025-11-28,159851.SZ,801750.SI,0.8211816390312878
2025-11-28,159852.SZ,801750.SI,0.9998991677136395
2025-11-28,159855.SZ,801760.SI,1.0
2025-11-28,159857.SZ,801730.SI,0.8725068348720704
2025-11-28,159858.SZ,801150.SI,0.9996487079147794
2025-11-28,159859.SZ,801150.SI,0.9313656305420721
2025-11-28,159861.SZ,801730.SI,0.7951736106383909
2025-11-28,159862.SZ,801120.SI,1.0
2025-11-28,159863.SZ,801730.SI,0.8735134295007408
2025-11-28,159864.SZ,801730.SI,0.8733071172721881
2025-11-28,159865.SZ,801010.SI,0.8817273098649123
2025-11-28,159867.SZ,801010.SI,0.8814961074224216
2025-11-28,159869.SZ,801760.SI,1.0
2025-11-28,159870.SZ,801030.SI,0.7565855864065127
2025-11-28,159871.SZ,801050.SI,0.9999409568448291
2025-11-28,159873.SZ,801150.SI,0.927184221993669
2025-11-28,159875.SZ,801730.SI,0.7482492231617351
2025-11-28,159876.SZ,801050.SI,1.0
2025-11-28,159877.SZ,801150.SI,0.9272701250256663
2025-11-28,159880.SZ,801050.SI,1.0
2025-11-28,159881.SZ,801050.SI,1.0
2025-11-28,159883.SZ,801150.SI,0.9236063007398002
2025-11-28,159886.SZ,801730.SI,0.6364047854994507
2025-11-28,159887.SZ,801780.SI,0.9998069783443521
2025-11-28,159888.SZ,801080.SI,0.6082806043717206
2025-11-28,159889.SZ,801080.SI,0.6076562063610355
2025-11-28,159890.SZ,801750.SI,0.580124349256844
2025-11-28,159891.SZ,801150.SI,0.9264658032512676
2025-11-28,159898.SZ,801150.SI,0.9227679444991777
2025-11-28,159899.SZ,801750.SI,0.9982094949349619
2025-11-28,159929.SZ,801150.SI,1.0
2025-11-28,159931.SZ,801780.SI,0.5299466603243898
2025-11-28,159933.SZ,801780.SI,0.5262069582701455
2025-11-28,159938.SZ,801150.SI,1.0
2025-11-28,159939.SZ,801080.SI,0.9226046481301142
2025-11-28,159940.SZ,801780.SI,0.5300410276835894
2025-11-28,159992.SZ,801150.SI,0.9999461117639482
2025-11-28,159993.SZ,801790.SI,1.0
2025-11-28,159994.SZ,801080.SI,0.5106733417509551
2025-11-28,159995.SZ,801080.SI,1.0
2025-11-28,159996.SZ,801110.SI,0.9419123055860356
2025-11-28,159997.SZ,801080.SI,0.9205903662419891
2025-11-28,159998.SZ,801750.SI,0.9989014724719939
2025-11-28,510200.SH,801790.SI,0.9998741147789587
2025-11-28,510650.SH,801780.SI,0.6165037400316492
2025-11-28,510660.SH,801150.SI,1.0
2025-11-28,512000.SH,801790.SI,0.9999867899634607
2025-11-28,512010.SH,801150.SI,1.0
2025-11-28,512070.SH,801790.SI,1.0
2025-11-28,512120.SH,801150.SI,0.9592047473646999
2025-11-28,512170.SH,801150.SI,0.9470610110983838
2025-11-28,512290.SH,801150.SI,0.9998677638973733
2025-11-28,512400.SH,801050.SI,0.9999845634473955
2025-11-28,512560.SH,801740.SI,0.9412344128149066
2025-11-28,512570.SH,801790.SI,1.0
2025-11-28,512580.SH,801730.SI,0.7613853164573533
2025-11-28,512640.SH,801780.SI,0.5292459738331667
2025-11-28,512660.SH,801740.SI,0.9411844571891284
2025-11-28,512670.SH,801740.SI,0.9998311061217561
2025-11-28,512680.SH,801740.SI,0.941239623335389
2025-11-28,512690.SH,801120.SI,1.0
2025-11-28,512700.SH,801780.SI,0.9999092144681029
2025-11-28,512710.SH,801740.SI,0.9998138262806361
2025-11-28,512720.SH,801750.SI,0.9995435385367163
2025-11-28,512730.SH,801780.SI,1.0
2025-11-28,512760.SH,801080.SI,0.9999913110579868
2025-11-28,512800.SH,801780.SI,0.9999871586562858
2025-11-28,512810.SH,801740.SI,0.9408775694019911
2025-11-28,512820.SH,801780.SI,1.0
2025-11-28,512880.SH,801790.SI,0.9999914668911052
2025-11-28,512900.SH,801790.SI,0.999976297680924
2025-11-28,512980.SH,801760.SI,0.803747044987479
2025-11-28,515010.SH,801790.SI,1.0
2025-11-28,515020.SH,801780.SI,1.0
2025-11-28,515050.SH,801080.SI,0.5102509028532782
2025-11-28,515120.SH,801150.SI,1.0
2025-11-28,515170.SH,801120.SI,1.0
2025-11-28,515210.SH,801040.SI,0.9998323089486029
2025-11-28,515220.SH,801950.SI,0.9999846369891136
2025-11-28,515230.SH,801750.SI,0.9997168910419592
2025-11-28,515250.SH,801080.SI,0.6084307923968603
2025-11-28,515260.SH,801080.SI,0.9222063278838173
2025-11-28,515290.SH,801780.SI,0.9995739147179257
2025-11-28,515320.SH,801080.SI,0.9226846874547374
2025-11-28,515400.SH,801750.SI,0.9452598139675582
2025-11-28,515560.SH,801790.SI,1.0
2025-11-28,515710.SH,801120.SI,0.9997283756982723
2025-11-28,515790.SH,801730.SI,0.8735100778335663
2025-11-28,515850.SH,801790.SI,0.9995065152943016
2025-11-28,515880.SH,801770.SI,0.756966445000469
2025-11-28,515950.SH,801150.SI,0.954018359038233
2025-11-28,515960.SH,801150.SI,0.9462148853415709
2025-11-28,516000.SH,801750.SI,0.9456094862010019
2025-11-28,516010.SH,801760.SI,0.9999519861712204
2025-11-28,516020.SH,801030.SI,0.757011875780539
2025-11-28,516060.SH,801150.SI,0.9998023719683228
2025-11-28,516080.SH,801150.SI,1.0
2025-11-28,516090.SH,801730.SI,0.7489068126745718
2025-11-28,516100.SH,801750.SI,0.8204167477902928
2025-11-28,516120.SH,801030.SI,0.7554247105759423
2025-11-28,516150.SH,801050.SI,0.568126462342109
2025-11-28,516160.SH,801730.SI,0.7483314059569444
2025-11-28,516180.SH,801730.SI,0.8734821464834587
2025-11-28,516190.SH,801760.SI,0.7622812610633982
2025-11-28,516200.SH,801790.SI,1.0
2025-11-28,516210.SH,801780.SI,1.0
2025-11-28,516220.SH,801030.SI,0.7567133595312238
2025-11-28,516270.SH,801730.SI,0.7617217731182772
2025-11-28,516290.SH,801730.SI,0.8735844889624207
2025-11-28,516310.SH,801780.SI,1.0
2025-11-28,516320.SH,801730.SI,0.6339737810182176
2025-11-28,516350.SH,801080.SI,1.0
2025-11-28,516500.SH,801150.SI,1.0
2025-11-28,516510.SH,801750.SI,0.5818244028906255
2025-11-28,516520.SH,801080.SI,0.6079626147229757
2025-11-28,516530.SH,801170.SI,0.9288119429190862
2025-11-28,516570.SH,801030.SI,0.5783805266110547
2025-11-28,516580.SH,801730.SI,0.7485852983606764
2025-11-28,516610.SH,801150.SI,0.9271135151240714
2025-11-28,516620.SH,801760.SI,1.0
2025-11-28,516630.SH,801750.SI,0.5824584486172284
2025-11-28,516640.SH,801080.SI,0.999930160093798
2025-11-28,516650.SH,801050.SI,1.0
2025-11-28,516670.SH,801010.SI,0.8803339908142969
2025-11-28,516700.SH,801750.SI,0.9453357104986736
2025-11-28,516730.SH,801790.SI,1.0
2025-11-28,516750.SH,801710.SI,0.9576816873748665
2025-11-28,516760.SH,801010.SI,0.8814102908537822
2025-11-28,516770.SH,801760.SI,0.9996379805358002
2025-11-28,516780.SH,801050.SI,0.5680224295670848
2025-11-28,516790.SH,801150.SI,0.9275622891518079
2025-11-28,516800.SH,801080.SI,0.6888696153903575
2025-11-28,516810.SH,801010.SI,0.6706783290380287
2025-11-28,516820.SH,801150.SI,0.944925564763038
2025-11-28,516850.SH,801730.SI,0.7484564475443524
2025-11-28,516860.SH,801750.SI,0.8203829732288604
2025-11-28,516880.SH,801730.SI,0.878205788072063
2025-11-28,516900.SH,801120.SI,1.0
2025-11-28,516910.SH,801170.SI,0.9288517693983228
2025-11-28,516920.SH,801080.SI,1.0
2025-11-28,516930.SH,801150.SI,1.0
2025-11-28,516950.SH,801720.SI,0.6952470997693703
2025-11-28,516960.SH,801730.SI,0.637343481262416
2025-11-28,516970.SH,801720.SI,0.9272522232537802
2025-11-28,516980.SH,801790.SI,1.0
2025-11-28,517900.SH,801780.SI,0.6485567256891874
2025-11-28,560080.SH,801150.SI,1.0
2025-11-28,560090.SH,801790.SI,1.0
2025-11-28,560190.SH,801160.SI,0.9241760055688951
2025-11-28,560260.SH,801150.SI,0.9468542875565823
2025-11-28,560280.SH,801890.SI,0.7542172134014303
2025-11-28,560300.SH,801770.SI,0.797733857475641
2025-11-28,560360.SH,801750.SI,0.9994953157559368
2025-11-28,560580.SH,801160.SI,0.9164865251117592
2025-11-28,560620.SH,801160.SI,0.9240745510319087
2025-11-28,560660.SH,801770.SI,0.5926850595363425
2025-11-28,560690.SH,801770.SI,0.7965184834680331
2025-11-28,560780.SH,801080.SI,1.0
2025-11-28,560800.SH,801080.SI,0.6813446591533162
2025-11-28,560850.SH,801750.SI,0.8570589163057721
2025-11-28,560860.SH,801050.SI,0.9995934692193605
2025-11-28,560880.SH,801110.SI,0.9420397814900964
2025-11-28,560900.SH,801150.SI,1.0
2025-11-28,560980.SH,801730.SI,0.8538765375479737
2025-11-28,561010.SH,801750.SI,1.0
2025-11-28,561100.SH,801080.SI,0.8946327495647471
2025-11-28,561120.SH,801110.SI,0.9413476996086324
2025-11-28,561160.SH,801730.SI,0.8784166479016325
2025-11-28,561170.SH,801160.SI,0.999799690571078
2025-11-28,561220.SH,801080.SI,0.7594033985219806
2025-11-28,561310.SH,801080.SI,0.8949898984775305
2025-11-28,561320.SH,801170.SI,1.0
2025-11-28,561330.SH,801050.SI,1.0
2025-11-28,561360.SH,801960.SI,0.651658871266229
2025-11-28,561510.SH,801150.SI,0.9999511562574532
2025-11-28,561560.SH,801160.SI,0.9172202105572342
2025-11-28,561570.SH,801960.SI,0.6583530753610413
2025-11-28,561600.SH,801080.SI,0.8958046912449192
2025-11-28,561700.SH,801160.SI,0.9177134022698297
2025-11-28,561760.SH,801960.SI,0.6092611703682587
2025-11-28,561800.SH,801050.SI,0.8369232687105405
2025-11-28,561910.SH,801730.SI,0.8797139772103907
2025-11-28,561920.SH,801150.SI,1.0
2025-11-28,561980.SH,801080.SI,0.9993961145670467
2025-11-28,562010.SH,801730.SI,0.6065686745695342
2025-11-28,562030.SH,801750.SI,0.8527037761940458
2025-11-28,562050.SH,801150.SI,0.9376837435645864
2025-11-28,562350.SH,801160.SI,0.9164705116069999
2025-11-28,562390.SH,801150.SI,1.0
2025-11-28,562550.SH,801160.SI,1.0
2025-11-28,562560.SH,801080.SI,0.9231880559584835
2025-11-28,562570.SH,801750.SI,0.8568692913331252
2025-11-28,562590.SH,801080.SI,1.0
2025-11-28,562600.SH,801150.SI,0.9236394977783996
2025-11-28,562800.SH,801050.SI,0.8382536365534385
2025-11-28,562820.SH,801080.SI,1.0
2025-11-28,562860.SH,801150.SI,0.9987466670905042
2025-11-28,562870.SH,801790.SI,0.9998961314186331
2025-11-28,562880.SH,801730.SI,0.8789670467018156
2025-11-28,562900.SH,801010.SI,0.9234803660041846
2025-11-28,562910.SH,801730.SI,0.6344530764669882
2025-11-28,562920.SH,801750.SI,0.8058211748141881
2025-11-28,562930.SH,801750.SI,1.0
2025-11-28,562950.SH,801080.SI,0.8951022957672651
2025-11-28,562960.SH,801160.SI,1.0
2025-11-28,562970.SH,801730.SI,0.8735844163179104
2025-11-28,563010.SH,801770.SI,0.7976556300341291
2025-11-28,563150.SH,801960.SI,0.6091590944249199
2025-11-28,588130.SH,801150.SI,1.0
2025-11-28,588170.SH,801080.SI,1.0
2025-11-28,588200.SH,801080.SI,0.9999978639021663
2025-11-28,588250.SH,801150.SI,1.0
2025-11-28,588290.SH,801080.SI,1.0
2025-11-28,588700.SH,801150.SI,0.9993298005851236
2025-11-28,588710.SH,801080.SI,0.9999941724969895
2025-11-28,588750.SH,801080.SI,1.0
2025-11-28,588780.SH,801080.SI,0.9503359264500699
2025-11-28,588810.SH,801080.SI,0.9999651826872155
2025-11-28,588830.SH,801730.SI,1.0
2025-11-28,588850.SH,801890.SI,0.783328818841998
2025-11-28,588860.SH,801150.SI,0.9990182878184342
2025-11-28,588890.SH,801080.SI,0.9999945058256691
2025-11-28,588920.SH,801080.SI,1.0
2025-11-28,588960.SH,801730.SI,0.9999545587433669
2025-11-28,588990.SH,801080.SI,1.0
2025-11-28,589100.SH,801080.SI,0.9999873532924766
2025-11-28,589720.SH,801150.SI,1.0
2025-12-31,159206.SZ,801740.SI,0.6867772802152925
2025-12-31,159208.SZ,801740.SI,1.0
2025-12-31,159218.SZ,801740.SI,0.5905558284886423
2025-12-31,159227.SZ,801740.SI,1.0
2025-12-31,159230.SZ,801740.SI,0.5669503560993165
2025-12-31,159231.SZ,801740.SI,0.5676890130196459
2025-12-31,159241.SZ,801740.SI,0.9995558160604308
2025-12-31,159242.SZ,801770.SI,0.7440672519548872
2025-12-31,159246.SZ,801770.SI,0.7451558625805121
2025-12-31,159255.SZ,801740.SI,0.5668308332463433
2025-12-31,159256.SZ,801750.SI,0.758571590346331
2025-12-31,159257.SZ,801740.SI,0.5668536415881179
2025-12-31,159261.SZ,801730.SI,0.8028195406239496
2025-12-31,159267.SZ,801740.SI,1.0
2025-12-31,159275.SZ,801010.SI,0.9338121788185806
2025-12-31,159301.SZ,801160.SI,0.9241337638775683
2025-12-31,159305.SZ,801730.SI,0.8752720777520372
2025-12-31,159309.SZ,801960.SI,0.6089511710578586
2025-12-31,159310.SZ,801080.SI,0.9984161516971695
2025-12-31,159311.SZ,801080.SI,0.6809541705927761
2025-12-31,159325.SZ,801080.SI,1.0
2025-12-31,159326.SZ,801730.SI,0.7920563966432309
2025-12-31,159327.SZ,801080.SI,0.9992999912257419
2025-12-31,159328.SZ,801110.SI,0.9294220056642907
2025-12-31,159363.SZ,801770.SI,0.745029336764066
2025-12-31,159368.SZ,801730.SI,0.8027459790955404
2025-12-31,159377.SZ,801150.SI,0.9197363563170499
2025-12-31,159378.SZ,801740.SI,0.5669173925984862
2025-12-31,159381.SZ,801770.SI,0.7450948469015012
2025-12-31,159382.SZ,801770.SI,0.7445696976182125
2025-12-31,159385.SZ,801080.SI,0.7601845802351648
2025-12-31,159387.SZ,801730.SI,0.8028445374141212
2025-12-31,159388.SZ,801770.SI,0.7445384692359327
2025-12-31,159389.SZ,801080.SI,0.760753233212928
2025-12-31,159392.SZ,801740.SI,0.5679081675215948
2025-12-31,159507.SZ,801770.SI,0.9667638322328969
2025-12-31,159508.SZ,801150.SI,0.9140251902777548
2025-12-31,159511.SZ,801770.SI,0.858063700075529
2025-12-31,159512.SZ,801880.SI,1.0
2025-12-31,159516.SZ,801080.SI,0.9999902659022768
2025-12-31,159527.SZ,801750.SI,0.5812017014896457
2025-12-31,159537.SZ,801080.SI,0.743396873712875
2025-12-31,159538.SZ,801080.SI,0.6846093776856258
2025-12-31,159539.SZ,801080.SI,0.7423969356250764
2025-12-31,159540.SZ,801080.SI,0.7440706296094602
2025-12-31,159542.SZ,801890.SI,0.7527815633729459
2025-12-31,159546.SZ,801080.SI,1.0
2025-12-31,159558.SZ,801080.SI,1.0
2025-12-31,159560.SZ,801080.SI,0.9999358315314801
2025-12-31,159566.SZ,801730.SI,0.8750027309625593
2025-12-31,159582.SZ,801080.SI,1.0
2025-12-31,159583.SZ,801770.SI,0.8569339179449031
2025-12-31,159586.SZ,801750.SI,0.9993330572112165
2025-12-31,159587.SZ,801010.SI,0.7838664874067155
2025-12-31,159588.SZ,801960.SI,0.7057993355701514
2025-12-31,159590.SZ,801750.SI,1.0
2025-12-31,159599.SZ,801080.SI,0.9991133623544642
2025-12-31,159608.SZ,801050.SI,0.8383831833409646
2025-12-31,159609.SZ,801730.SI,0.8365777742448043
2025-12-31,159611.SZ,801160.SI,0.9164836377973946
2025-12-31,159613.SZ,801750.SI,0.8058834603039646
2025-12-31,159618.SZ,801730.SI,0.8867606374362037
2025-12-31,159619.SZ,801720.SI,0.6951483610408195
2025-12-31,159625.SZ,801160.SI,0.9995535375262902
2025-12-31,159635.SZ,801720.SI,0.6956334789659222
2025-12-31,159638.SZ,801740.SI,0.9188733573835915
2025-12-31,159643.SZ,801150.SI,1.0
2025-12-31,159645.SZ,801150.SI,1.0
2025-12-31,159647.SZ,801150.SI,0.9996221564467166
2025-12-31,159652.SZ,801050.SI,1.0
2025-12-31,159657.SZ,801150.SI,0.9992434552997128
2025-12-31,159658.SZ,801080.SI,0.6792707406734866
2025-12-31,159662.SZ,801170.SI,0.9551225068910881
2025-12-31,159663.SZ,801890.SI,0.719172019158903
2025-12-31,159665.SZ,801080.SI,0.998539129121766
2025-12-31,159667.SZ,801890.SI,0.7194504830840417
2025-12-31,159669.SZ,801160.SI,0.9998791968828797
2025-12-31,159671.SZ,801050.SI,0.8372734803804582
2025-12-31,159690.SZ,801050.SI,1.0
2025-12-31,159692.SZ,801790.SI,0.9992472370456126
2025-12-31,159695.SZ,801770.SI,0.9667633200134255
2025-12-31,159697.SZ,801960.SI,0.7058662909403665
2025-12-31,159698.SZ,801010.SI,0.783003165764277
2025-12-31,159707.SZ,801180.SI,0.9996621149013505
2025-12-31,159713.SZ,801050.SI,0.5673713342316726
2025-12-31,159715.SZ,801050.SI,0.5679211561292467
2025-12-31,159730.SZ,801110.SI,0.8760368898984973
2025-12-31,159731.SZ,801030.SI,0.5782643878552812
2025-12-31,159732.SZ,801080.SI,1.0
2025-12-31,159736.SZ,801120.SI,0.9995086188250112
2025-12-31,159739.SZ,801750.SI,0.5821974291350354
2025-12-31,159745.SZ,801710.SI,0.9577553839302357
2025-12-31,159752.SZ,801730.SI,0.7610249347094334
2025-12-31,159755.SZ,801730.SI,0.5771197614269107
2025-12-31,159757.SZ,801730.SI,0.5768226489571723
2025-12-31,159760.SZ,801150.SI,1.0
2025-12-31,159767.SZ,801730.SI,0.5754517160860351
2025-12-31,159768.SZ,801180.SI,0.9998672799531304
2025-12-31,159775.SZ,801730.SI,0.5789638605332317
2025-12-31,159779.SZ,801080.SI,0.8929320509376899
2025-12-31,159786.SZ,801080.SI,0.9528081319565094
2025-12-31,159787.SZ,801710.SI,0.9578944897873781
2025-12-31,159795.SZ,801080.SI,0.6085324061700635
2025-12-31,159796.SZ,801730.SI,0.8781821564240656
2025-12-31,159797.SZ,801150.SI,0.9248670878763925
2025-12-31,159801.SZ,801080.SI,1.0
2025-12-31,159805.SZ,801760.SI,0.8029747693011875
2025-12-31,159811.SZ,801770.SI,0.5701057604346093
2025-12-31,159813.SZ,801080.SI,0.9999467562164192
2025-12-31,159825.SZ,801010.SI,0.6706291843954804
2025-12-31,159827.SZ,801010.SI,0.6701942766059118
2025-12-31,159828.SZ,801150.SI,0.9465095204018231
2025-12-31,159835.SZ,801150.SI,1.0
2025-12-31,159837.SZ,801150.SI,1.0
2025-12-31,159838.SZ,801150.SI,0.9572947567607792
2025-12-31,159839.SZ,801150.SI,0.9317199280073044
2025-12-31,159840.SZ,801730.SI,0.5779267987963272
2025-12-31,159841.SZ,801790.SI,0.9997112004594733
2025-12-31,159842.SZ,801790.SI,0.999971263989671
2025-12-31,159843.SZ,801120.SI,0.9987181408344841
2025-12-31,159847.SZ,801150.SI,0.946891763521155
2025-12-31,159848.SZ,801790.SI,0.9998532861385019
2025-12-31,159849.SZ,801150.SI,1.0
2025-12-31,159851.SZ,801750.SI,0.8211816390312878
2025-12-31,159852.SZ,801750.SI,0.9998991677136395
2025-12-31,159855.SZ,801760.SI,1.0
2025-12-31,159857.SZ,801730.SI,0.8725068348720704
2025-12-31,159858.SZ,801150.SI,0.9996487079147794
2025-12-31,159859.SZ,801150.SI,0.9313656305420721
2025-12-31,159861.SZ,801730.SI,0.7951736106383909
2025-12-31,159862.SZ,801120.SI,1.0
2025-12-31,159863.SZ,801730.SI,0.8735134295007408
2025-12-31,159864.SZ,801730.SI,0.8733071172721881
2025-12-31,159865.SZ,801010.SI,0.8817273098649123
2025-12-31,159867.SZ,801010.SI,0.8814961074224216
2025-12-31,159869.SZ,801760.SI,1.0
2025-12-31,159870.SZ,801030.SI,0.7565855864065127
2025-12-31,159871.SZ,801050.SI,0.9999409568448291
2025-12-31,159873.SZ,801150.SI,0.927184221993669
2025-12-31,159875.SZ,801730.SI,0.7482492231617351
2025-12-31,159876.SZ,801050.SI,1.0
2025-12-31,159877.SZ,801150.SI,0.9272701250256663
2025-12-31,159880.SZ,801050.SI,1.0
2025-12-31,159881.SZ,801050.SI,1.0
2025-12-31,159883.SZ,801150.SI,0.9236063007398002
2025-12-31,159886.SZ,801730.SI,0.6364047854994507
2025-12-31,159887.SZ,801780.SI,0.9998069783443521
2025-12-31,159888.SZ,801080.SI,0.6082806043717206
2025-12-31,159889.SZ,801080.SI,0.6076562063610355
2025-12-31,159890.SZ,801750.SI,0.580124349256844
2025-12-31,159891.SZ,801150.SI,0.9264658032512676
2025-12-31,159898.SZ,801150.SI,0.9227679444991777
2025-12-31,159899.SZ,801750.SI,0.9982094949349619
2025-12-31,159929.SZ,801150.SI,1.0
2025-12-31,159931.SZ,801780.SI,0.5299466603243898
2025-12-31,159933.SZ,801780.SI,0.5262069582701455
2025-12-31,159938.SZ,801150.SI,1.0
2025-12-31,159939.SZ,801080.SI,0.9226046481301142
2025-12-31,159940.SZ,801780.SI,0.5300410276835894
2025-12-31,159992.SZ,801150.SI,0.9999461117639482
2025-12-31,159993.SZ,801790.SI,1.0
2025-12-31,159994.SZ,801080.SI,0.5106733417509551
2025-12-31,159995.SZ,801080.SI,1.0
2025-12-31,159996.SZ,801110.SI,0.9419123055860356
2025-12-31,159997.SZ,801080.SI,0.9205903662419891
2025-12-31,159998.SZ,801750.SI,0.9989014724719939
2025-12-31,510200.SH,801790.SI,0.9998741147789587
2025-12-31,510650.SH,801780.SI,0.6165037400316492
2025-12-31,510660.SH,801150.SI,1.0
2025-12-31,512000.SH,801790.SI,0.9999867899634607
2025-12-31,512010.SH,801150.SI,1.0
2025-12-31,512070.SH,801790.SI,1.0
2025-12-31,512120.SH,801150.SI,0.9592047473646999
2025-12-31,512170.SH,801150.SI,0.9470610110983838
2025-12-31,512290.SH,801150.SI,0.9998677638973733
2025-12-31,512400.SH,801050.SI,0.9999845634473955
2025-12-31,512560.SH,801740.SI,0.9412344128149066
2025-12-31,512570.SH,801790.SI,1.0
2025-12-31,512580.SH,801730.SI,0.7613853164573533
2025-12-31,512640.SH,801780.SI,0.5292459738331667
2025-12-31,512660.SH,801740.SI,0.9411844571891284
2025-12-31,512670.SH,801740.SI,0.9998311061217561
2025-12-31,512680.SH,801740.SI,0.941239623335389
2025-12-31,512690.SH,801120.SI,1.0
2025-12-31,512700.SH,801780.SI,0.9999092144681029
2025-12-31,512710.SH,801740.SI,0.9998138262806361
2025-12-31,512720.SH,801750.SI,0.9995435385367163
2025-12-31,512730.SH,801780.SI,1.0
2025-12-31,512760.SH,801080.SI,0.9999913110579868
2025-12-31,512800.SH,801780.SI,0.9999871586562858
2025-12-31,512810.SH,801740.SI,0.9408775694019911
2025-12-31,512820.SH,801780.SI,1.0
2025-12-31,512880.SH,801790.SI,0.9999914668911052
2025-12-31,512900.SH,801790.SI,0.999976297680924
2025-12-31,512980.SH,801760.SI,0.803747044987479
2025-12-31,515010.SH,801790.SI,1.0
2025-12-31,515020.SH,801780.SI,1.0
2025-12-31,515050.SH,801080.SI,0.5102509028532782
2025-12-31,515120.SH,801150.SI,1.0
2025-12-31,515170.SH,801120.SI,1.0
2025-12-31,515210.SH,801040.SI,0.9998323089486029
2025-12-31,515220.SH,801950.SI,0.9999846369891136
2025-12-31,515230.SH,801750.SI,0.9997168910419592
2025-12-31,515250.SH,801080.SI,0.6084307923968603
2025-12-31,515260.SH,801080.SI,0.9222063278838173
2025-12-31,515290.SH,801780.SI,0.9995739147179257
2025-12-31,515320.SH,801080.SI,0.9226846874547374
2025-12-31,515400.SH,801750.SI,0.9452598139675582
2025-12-31,515560.SH,801790.SI,1.0
2025-12-31,515710.SH,801120.SI,0.9997283756982723
2025-12-31,515790.SH,801730.SI,0.8735100778335663
2025-12-31,515850.SH,801790.SI,0.9995065152943016
2025-12-31,515880.SH,801770.SI,0.756966445000469
2025-12-31,515950.SH,801150.SI,0.954018359038233
2025-12-31,515960.SH,801150.SI,0.9462148853415709
2025-12-31,516000.SH,801750.SI,0.9456094862010019
2025-12-31,516010.SH,801760.SI,0.9999519861712204
2025-12-31,516020.SH,801030.SI,0.757011875780539
2025-12-31,516060.SH,801150.SI,0.9998023719683228
2025-12-31,516080.SH,801150.SI,1.0
2025-12-31,516090.SH,801730.SI,0.7489068126745718
2025-12-31,516100.SH,801750.SI,0.8204167477902928
2025-12-31,516120.SH,801030.SI,0.7554247105759423
2025-12-31,516150.SH,801050.SI,0.568126462342109
2025-12-31,516160.SH,801730.SI,0.7483314059569444
2025-12-31,516180.SH,801730.SI,0.8734821464834587
2025-12-31,516190.SH,801760.SI,0.7622812610633982
2025-12-31,516200.SH,801790.SI,1.0
2025-12-31,516210.SH,801780.SI,1.0
2025-12-31,516220.SH,801030.SI,0.7567133595312238
2025-12-31,516270.SH,801730.SI,0.7617217731182772
2025-12-31,516290.SH,801730.SI,0.8735844889624207
2025-12-31,516310.SH,801780.SI,1.0
2025-12-31,516320.SH,801730.SI,0.6339737810182176
2025-12-31,516350.SH,801080.SI,1.0
2025-12-31,516500.SH,801150.SI,1.0
2025-12-31,516510.SH,801750.SI,0.5818244028906255
2025-12-31,516520.SH,801080.SI,0.6079626147229757
2025-12-31,516530.SH,801170.SI,0.9288119429190862
2025-12-31,516570.SH,801030.SI,0.5783805266110547
2025-12-31,516580.SH,801730.SI,0.7485852983606764
2025-12-31,516610.SH,801150.SI,0.9271135151240714
2025-12-31,516620.SH,801760.SI,1.0
2025-12-31,516630.SH,801750.SI,0.5824584486172284
2025-12-31,516640.SH,801080.SI,0.999930160093798
2025-12-31,516650.SH,801050.SI,1.0
2025-12-31,516670.SH,801010.SI,0.8803339908142969
2025-12-31,516700.SH,801750.SI,0.9453357104986736
2025-12-31,516730.SH,801790.SI,1.0
2025-12-31,516750.SH,801710.SI,0.9576816873748665
2025-12-31,516760.SH,801010.SI,0.8814102908537822
2025-12-31,516770.SH,801760.SI,0.9996379805358002
2025-12-31,516780.SH,801050.SI,0.5680224295670848
2025-12-31,516790.SH,801150.SI,0.9275622891518079
2025-12-31,516800.SH,801080.SI,0.6888696153903575
2025-12-31,516810.SH,801010.SI,0.6706783290380287
2025-12-31,516820.SH,801150.SI,0.944925564763038
2025-12-31,516850.SH,801730.SI,0.7484564475443524
2025-12-31,516860.SH,801750.SI,0.8203829732288604
2025-12-31,516880.SH,801730.SI,0.878205788072063
2025-12-31,516900.SH,801120.SI,1.0
2025-12-31,516910.SH,801170.SI,0.9288517693983228
2025-12-31,516920.SH,801080.SI,1.0
2025-12-31,516930.SH,801150.SI,1.0
2025-12-31,516950.SH,801720.SI,0.6952470997693703
2025-12-31,516960.SH,801730.SI,0.637343481262416
2025-12-31,516970.SH,801720.SI,0.9272522232537802
2025-12-31,516980.SH,801790.SI,1.0
2025-12-31,517900.SH,801780.SI,0.6485567256891874
2025-12-31,560080.SH,801150.SI,1.0
2025-12-31,560090.SH,801790.SI,1.0
2025-12-31,560190.SH,801160.SI,0.9241760055688951
2025-12-31,560260.SH,801150.SI,0.9468542875565823
2025-12-31,560280.SH,801890.SI,0.7542172134014303
2025-12-31,560300.SH,801770.SI,0.797733857475641
2025-12-31,560360.SH,801750.SI,0.9994953157559368
2025-12-31,560580.SH,801160.SI,0.9164865251117592
2025-12-31,560620.SH,801160.SI,0.9240745510319087
2025-12-31,560660.SH,801770.SI,0.5926850595363425
2025-12-31,560690.SH,801770.SI,0.7965184834680331
2025-12-31,560780.SH,801080.SI,1.0
2025-12-31,560800.SH,801080.SI,0.6813446591533162
2025-12-31,560850.SH,801750.SI,0.8570589163057721
2025-12-31,560860.SH,801050.SI,0.9995934692193605
2025-12-31,560880.SH,801110.SI,0.9420397814900964
2025-12-31,560900.SH,801150.SI,1.0
2025-12-31,560980.SH,801730.SI,0.8538765375479737
2025-12-31,561010.SH,801750.SI,1.0
2025-12-31,561100.SH,801080.SI,0.8946327495647471
2025-12-31,561120.SH,801110.SI,0.9413476996086324
2025-12-31,561160.SH,801730.SI,0.8784166479016325
2025-12-31,561170.SH,801160.SI,0.999799690571078
2025-12-31,561220.SH,801080.SI,0.7594033985219806
2025-12-31,561310.SH,801080.SI,0.8949898984775305
2025-12-31,561320.SH,801170.SI,1.0
2025-12-31,561330.SH,801050.SI,1.0
2025-12-31,561360.SH,801960.SI,0.651658871266229
2025-12-31,561510.SH,801150.SI,0.9999511562574532
2025-12-31,561560.SH,801160.SI,0.9172202105572342
2025-12-31,561570.SH,801960.SI,0.6583530753610413
2025-12-31,561600.SH,801080.SI,0.8958046912449192
2025-12-31,561700.SH,801160.SI,0.9177134022698297
2025-12-31,561760.SH,801960.SI,0.6092611703682587
2025-12-31,561800.SH,801050.SI,0.8369232687105405
2025-12-31,561910.SH,801730.SI,0.8797139772103907
2025-12-31,561920.SH,801150.SI,1.0
2025-12-31,561980.SH,801080.SI,0.9993961145670467
2025-12-31,562010.SH,801730.SI,0.6065686745695342
2025-12-31,562030.SH,801750.SI,0.8527037761940458
2025-12-31,562050.SH,801150.SI,0.9376837435645864
2025-12-31,562350.SH,801160.SI,0.9164705116069999
2025-12-31,562390.SH,801150.SI,1.0
2025-12-31,562550.SH,801160.SI,1.0
2025-12-31,562560.SH,801080.SI,0.9231880559584835
2025-12-31,562570.SH,801750.SI,0.8568692913331252
2025-12-31,562590.SH,801080.SI,1.0
2025-12-31,562600.SH,801150.SI,0.9236394977783996
2025-12-31,562800.SH,801050.SI,0.8382536365534385
2025-12-31,562820.SH,801080.SI,1.0
2025-12-31,562860.SH,801150.SI,0.9987466670905042
2025-12-31,562870.SH,801790.SI,0.9998961314186331
2025-12-31,562880.SH,801730.SI,0.8789670467018156
2025-12-31,562900.SH,801010.SI,0.9234803660041846
2025-12-31,562910.SH,801730.SI,0.6344530764669882
2025-12-31,562920.SH,801750.SI,0.8058211748141881
2025-12-31,562930.SH,801750.SI,1.0
2025-12-31,562950.SH,801080.SI,0.8951022957672651
2025-12-31,562960.SH,801160.SI,1.0
2025-12-31,562970.SH,801730.SI,0.8735844163179104
2025-12-31,563010.SH,801770.SI,0.7976556300341291
2025-12-31,563150.SH,801960.SI,0.6091590944249199
2025-12-31,588130.SH,801150.SI,1.0
2025-12-31,588170.SH,801080.SI,1.0
2025-12-31,588200.SH,801080.SI,0.9999978639021663
2025-12-31,588250.SH,801150.SI,1.0
2025-12-31,588290.SH,801080.SI,1.0
2025-12-31,588700.SH,801150.SI,0.9993298005851236
2025-12-31,588710.SH,801080.SI,0.9999941724969895
2025-12-31,588750.SH,801080.SI,1.0
2025-12-31,588780.SH,801080.SI,0.9503359264500699
2025-12-31,588810.SH,801080.SI,0.9999651826872155
2025-12-31,588830.SH,801730.SI,1.0
2025-12-31,588850.SH,801890.SI,0.783328818841998
2025-12-31,588860.SH,801150.SI,0.9990182878184342
2025-12-31,588890.SH,801080.SI,0.9999945058256691
2025-12-31,588920.SH,801080.SI,1.0
2025-12-31,588960.SH,801730.SI,0.9999545587433669
2025-12-31,588990.SH,801080.SI,1.0
2025-12-31,589100.SH,801080.SI,0.9999873532924766
2025-12-31,589720.SH,801150.SI,1.0
